{
    "id": "solved.custom_theme.coral",
    "colorScheme": "light",
    "colors": {
        "text": "#000",
        "toolbar": "#EF6F6C",
        "primary": "#EF6F6C",
        "secondary": "#EF6F6C",
        "accent": "#7d0000",
        "tooltip": "#EF6F6C"
    },
    "highlighter": {
        "keyword": {
            "color": "#59C9A5"
        },
        "atom": {
            "color": "#EF6F6C"
        },
        "number": {
            "color": "#EF6F6C"
        },
        "string": {
            "color": "#EF6F6C"
        },
        "comment": {
            "color": "#465775"
        }
    }
}