{
    "id": "bridge.blue.theme",
    "colorScheme": "light",
    "colors": {
        "text": "#000",
        "toolbar": "#587291",
        "primary": "#587291",
        "secondary": "#587291",
        "accent": "white",
        "tooltip": "#587291"
    },
    "highlighter": {
        "keyword": {
            "color": "#2F97C1"
        },
        "atom": {
            "color": "#1CCAD8"
        },
        "number": {
            "color": "#1CCAD8"
        },
        "string": {
            "color": "#1CCAD8"
        },
        "comment": {
            "color": "#0CF574"
        }
    }
}