{
	"$schema": "http://json-schema.org/draft-07/schema",
	"description": "Set required block information",
	"type": "object",
	"properties": {
		"identifier": {
			"anyOf": [
				{
					"$ref": "../project/prefixedFileIdentifierEnum.json"
				},
				{
					"type": "string"
				}
			],
			"description": "The identifier for this item. The name must include a namespace and must not use the Minecraft namespace unless overriding a Vanilla item."
		},
		"is_experimental": {
			"type": "boolean",
			"description": "If this item is experimental, it will only be registered if the world is marked as experimental."
		}
	}
}
