{"sound_definitions":{"mob.{{IDENTIFIER}}.hurt":{"category":"neutral","sounds":["sounds/mob/cow/hurt1","sounds/mob/cow/hurt2","sounds/mob/cow/hurt3"]},"mob.{{IDENTIFIER}}.say":{"category":"neutral","sounds":[{"name":"sounds/mob/cow/say1","load_on_low_memory":true},"sounds/mob/cow/say2","sounds/mob/cow/say3","sounds/mob/cow/say4"]},"mob.{{IDENTIFIER}}.step":{"category":"neutral","sounds":["sounds/mob/cow/step1","sounds/mob/cow/step2","sounds/mob/cow/step3","sounds/mob/cow/step4"]},"mob.{{IDENTIFIER}}.milk":{"category":"neutral","sounds":["sounds/mob/cow/milk1","sounds/mob/cow/milk2","sounds/mob/cow/milk3"]}}}