{
	"boolean": ["(0.0)", "(1.0)"],
	"query": [
		"actor_count",
		"all_animations_finished",
		"anim_time",
		"any_animation_finished",
		"armor_color_slot",
		"armor_material_slot",
		"armor_texture_slot",
		"is_attached_to_entity",
		"is_alive",
		"blocking",
		"body_y_rotation",
		"camera_distance_range_lerp",
		"camera_rotation",
		"can_climb",
		"can_fly",
		"can_power_jump",
		"can_swim",
		"can_walk",
		"current_squish_value",
		"debug_ouptut",
		"delta_time",
		"effect_emitter_count",
		"total_emitter_count",
		"effect_particle_count",
		"total_particle_count",
		"frame_alpha",
		"get_actor_info_id",
		"get_equipped_item_name",
		"get_rendered_item_name",
		"ground_speed",
		"has_any_family",
		"has_armor_slot",
		"has_collision",
		"has_gravity",
		"has_rider",
		"has_target",
		"head_x_rotation",
		"head_y_rotation",
		"health",
		"max_health",
		"invulnerable_ticks",
		"is_angry",
		"is_baby",
		"is_breathing",
		"is_bribed",
		"is_carrying_block",
		"is_casting",
		"is_celebrating",
		"is_charged",
		"is_charging",
		"is_chested",
		"is_critical",
		"is_dancing",
		"is_delayed_attacking",
		"is_eating",
		"is_elder",
		"is_enchanted",
		"is_emoting",
		"is_fire_immune",
		"is_gliding",
		"is_grazing",
		"is_item_equipped",
		"is_idling",
		"is_ignited",
		"is_in_love",
		"is_in_water",
		"is_in_water_or_rain",
		"is_interested",
		"is_invisible",
		"is_jumping",
		"is_laying_down",
		"is_laying_egg",
		"is_leashed",
		"is_levitating",
		"is_lingering",
		"is_moving",
		"is_on_ground",
		"is_onfire",
		"is_orphaned",
		"is_on_screen",
		"is_powered",
		"is_pregnant",
		"is_resting",
		"is_riding",
		"is_rolling",
		"is_saddled",
		"is_scared",
		"is_shaking",
		"is_sheared",
		"is_shield_powered",
		"is_silent",
		"is_sitting",
		"is_sleeping",
		"is_sneaking",
		"is_sneezing",
		"is_sprinting",
		"is_standing",
		"is_swimming",
		"is_tamed",
		"is_transforming",
		"is_using_item",
		"is_wall_climbing",
		"key_frame_lerp_time",
		"lie_amount",
		"log",
		"life_time",
		"mark_variant",
		"max_trade_tier",
		"model_scale",
		"modified_distance_moved",
		"modified_move_speed",
		"movement_direction",
		"previous_squish_value",
		"skin_id",
		"roll_counter",
		"sit_amount",
		"sneeze_counter",
		"spellcolor.b",
		"spellcolor.g",
		"spellcolor.r",
		"standing_scale",
		"swell_amount",
		"swelling_dir",
		"swim_amount",
		"target_x_rotation",
		"target_y_rotation",
		"time_stamp",
		"trade_tier",
		"unhappy_counter",
		"variant",
		"wing_flap_position",
		"wing_flap_speed",
		"yaw_speed",
		"is_admiring",
		"is_avoiding_block",
		"is_celebrating_special",
		"is_on_fire",
		"is_persona_or_premium_skin",
		"on_fire_time",
		"texture_frame_index"
	],
	"query_beta": [
		"approx_eq",
		"block_property",
		"block_face",
		"has_block_property",
		"body_x_rotation",
		"bone_orientation_matrix",
		"bone_orientation_trs",
		"cardinal_facing",
		"cardinal_facing_2d",
		"combine_entities",
		"count",
		"day",
		"hurt_direction",
		"hurt_time",
		"moon_brightness",
		"moon_phase",
		"position",
		"spellcolor",
		"structural_integrity",
		"biome_has_all_tags",
		"biome_has_any_tag",
		"block_has_all_tags",
		"block_has_any_tag",
		"client_input_type",
		"equipped_item_all_tags",
		"equipped_item_any_tag",
		"get_nearby_entities",
		"get_locator_offset",
		"get_root_locator_offset",
		"get_nearby_entities_except_self",
		"get_ride",
		"get_riders",
		"has_player_rider",
		"is_attatched",
		"is_ram_attacking",
		"relative_block_has_all_tags",
		"remaining_durability",
		"rotation_to_camera",
		"relative_block_has_any_tag",
		"all_tags",
		"any_tag",
		"spellcolor",
		"max_durability",
		"main_hand_item_use_duration",
		"main_hand_item_max_duration",
		"out_of_control",
		"scoreboard",
		"self",
		"target",
		"time_of_day"
	],
	"world_gen_query": ["heightmap", "above_top_solid"],
	"variable": ["worldx", "worldz", "attack_time"],
	"math": [
		"abs",
		"sin",
		"cos",
		"exp",
		"ln",
		"pow",
		"sqrt",
		"random",
		"ceil",
		"round",
		"trunc",
		"floor",
		"mod",
		"min",
		"max",
		"clamp",
		"lerp",
		"lerprotate"
	],
	"math_beta": [
		"die_roll",
		"die_roll_integer",
		"acos",
		"atan",
		"atan2",
		"asin",
		"pi",
		"random_integer",
		"hermite_blend"
	],
	"operator": [
		"+",
		"-",
		"*",
		"/",
		"!",
		"&&",
		"||",
		"<",
		"<=",
		">=",
		">",
		"==",
		"!=",
		"="
	]
}
