{
    "for_each": {
        "$placeholder": "$molang.main"
    },
    "loop": {
        "$placeholder": "$molang.main"
    },

    "c": {
        ".": {
            "$placeholder": {
                "$molang.general.operator": "$molang.main"
            }
        }
    },
    "t": {
        ".": {
            "$placeholder": {
                "$molang.general.operator": "$molang.main"
            }
        }
    },
    "v": {
        ".": {
            "$molang.general.variable": { "$molang.general.operator": "$molang.main" }
        }
    },
    "m": {
        ".": {
            "$molang.general.math": {
                "$molang.general.operator": "$molang.main"
            }
        }
    },
    "q": {
        ".": {
            "$molang.general.query": {
                "$molang.general.operator": "$molang.main"
            }
        }
    },
    "context": {
        ".": {
            "$placeholder": {
                "$molang.general.operator": "$molang.main"
            }
        }
    },
    "temp": {
        ".": {
            "$placeholder": {
                "$molang.general.operator": "$molang.main"
            }
        }
    },
    "variable": {
        ".": {
            "$molang.general.variable": { "$molang.general.operator": "$molang.main" }
        }
    },
    "math": {
        ".": {
            "$molang.general.math": {
                "$molang.general.operator": "$molang.main"
            }
        }
    },
    "query": {
        ".": {
            "$molang.general.query": {
                "$molang.general.operator": "$molang.main"
            }
        }
    },
    "this": { "$molang.general.operator": "$molang.main" },
    "return": "$molang.main",
    "break": {},
    "continue": {},
    "$general.decimal": "$molang.main"
}