{"format_version":"1.20.80","minecraft:item":{"description":{"identifier":"{{PROJECT_PREFIX}}:{{IDENTIFIER}}","menu_category":{"category":"equipment","group":"itemGroup.name.axe"}},"components":{"minecraft:max_stack_size":1,"minecraft:hand_equipped":true,"minecraft:durability":{"max_durability":250},"minecraft:damage":3,"minecraft:enchantable":{"value":14,"slot":"axe"},"minecraft:digger":{"use_efficiency":true,"destroy_speeds":[{"block":{"tags":"query.any_tag('wood', 'pumpkin', 'plant')"},"speed":6},{"block":"minecraft:chest","speed":6},{"block":"minecraft:melon_block","speed":6}]},"minecraft:icon":"{{PROJECT_PREFIX}}_{{IDENTIFIER}}","minecraft:tags":{"tags":["minecraft:is_axe"]}}}}