{
	"@meta": {
		"expand_path_exceptions": [
			"minecraft:burns_in_daylight",
			"minecraft:can_climb",
			"minecraft:can_power_jump",
			"minecraft:hide",
			"minecraft:home",
			"minecraft:is_baby",
			"minecraft:is_charged",
			"minecraft:is_chested",
			"minecraft:is_hidden_when_invisible",
			"minecraft:is_ignited",
			"minecraft:is_illager_captain",
			"minecraft:is_saddled",
			"minecraft:is_shaking",
			"minecraft:is_sheared",
			"minecraft:is_stackable",
			"minecraft:is_stunned",
			"minecraft:is_tamed",
			"minecraft:item_hopper",
			"minecraft:jump.dynamic",
			"minecraft:managed_wandering_trader",
			"minecraft:persistent",
			"minecraft:scaffolding_climber",
			"minecraft:trade_resupply",
			"minecraft:trust",
			"minecraft:wants_jockey",
			"minecraft:equip_item",
			"minecraft:out_of_control"
		]
	},
	"minecraft:addrider": {
		"entity_type": "$general.entity_identifier",
		"spawn_event": "$dynamic.cache.entity.events"
	},
	"minecraft:admire_item": {
		"duration": "$general.number",
		"cooldown_after_being_attacked": "$general.number"
	},
	"$versioned_template.minecraft:ageable": [
		{
			"$if": "$format_version >= 1.16.100",
			"$data": {
				"duration": "$general.number",
				"feed_items": {
					"$dynamic.list.next_index": {
						"item": {
							"@import.value": "$general.item_identifier",
							"any_tag": {
								"$dynamic.list.next_index": {
									"@meta": { "is_value": true }
								}
							}
						},
						"growth": "$general.decimal"
					}
				},
				"drop_items": {
					"$dynamic.list.next_index": "$general.item_identifier"
				},
				"grow_up": "$entity.general.event_definition"
			}
		},
		{
			"$if": "$format_version < 1.16.100",
			"$data": {
				"duration": "$general.number",
				"feed_items": {
					"$dynamic.list.next_index": {
						"item": "$general.item_identifier",
						"growth": "$general.decimal"
					}
				},
				"drop_items": {
					"$dynamic.list.next_index": "$general.item_identifier"
				},
				"grow_up": "$entity.general.event_definition"
			}
		}
	],
	"minecraft:ambient_sound_interval": {
		"range": "$general.number",
		"value": "$general.number",
		"event_name": "$general.sound"
	},
	"minecraft:angry": {
		"broadcast_anger": "$general.boolean",
		"broadcast_anger_on_attack": "$general.boolean",
		"broadcast_anger_on_being_attacked": "$general.boolean",
		"broadcast_range": "$general.number",
		"broadcast_filters": "$entity.filters",
		"filters": "$entity.filters",
		"broadcast_targets": {
			"$dynamic.list.next_index": {
				"@meta": {
					"is_value": true
				}
			}
		},
		"calm_event": "$entity.general.event_definition",
		"duration": "$general.number",
		"duration_delta": "$general.number",
		"angry_sound": "$general.sound",
		"sound_interval": {
			"range_min": "$general.number",
			"range_max": "$general.number"
		}
	},
	"minecraft:area_attack": {
		"damage_range": "$general.number",
		"damage_per_tick": "$general.number",
		"cause": "$general.damage_type",
		"entity_filter": "$entity.filters"
	},
	"minecraft:attack": {
		"damage": "$general.number",
		"effect_name": "$general.effect_name",
		"effect_duration": "$general.number"
	},
	"minecraft:attack_cooldown": {
		"attack_cooldown_time": {
			"$dynamic.list.index_pair": "$general.number",
			"@import.value": "$general.number"
		},
		"attack_cooldown_complete_event": "$entity.general.event_definition"
	},
	"minecraft:attack_damage": {
		"value": "$general.number"
	},
	"minecraft:balloonable": {
		"mass": "$general.decimal"
	},
	"minecraft:barter": {
		"barter_table": "$dynamic.loot_table_files",
		"cooldown_after_being_attacked": "$general.number"
	},
	"minecraft:block_sensor": {
		"sensor_radius": "$general.number",
		"on_break": {
			"$dynamic.list.next_index": {
				"block_list": {
					"$dynamic.list.next_index": "$general.block_identifier"
				},
				"on_block_broken": "$entity.general.event_string"
			}
		}
	},
	"minecraft:boostable": {
		"speed_multiplier": "$general.decimal",
		"duration": "$general.number",
		"boost_items": {
			"$dynamic.list.next_index": {
				"item": "$general.item_identifier",
				"item_damage": "$general.number",
				"replace_item": "$general.item_identifier"
			}
		}
	},
	"minecraft:boss": {
		"should_darken_sky": "$general.boolean",
		"hud_range": "$general.number",
		"name": {
			"@meta": {
				"is_value": true
			}
		}
	},
	"minecraft:break_blocks": {
		"breakable_blocks": {
			"$dynamic.list.next_index": "$general.block_identifier"
		}
	},
	"minecraft:breathable": {
		"breathe_blocks": {
			"$dynamic.list.next_index": "$general.block_identifier"
		},
		"breathes_water": "$general.boolean",
		"breathes_lava": "$general.boolean",
		"breathes_air": "$general.boolean",
		"breathes_solids": "$general.boolean",
		"generates_bubbles": "$general.boolean",
		"inhale_time": "$general.decimal",
		"suffocate_time": "$general.number",
		"total_supply": "$general.number",
		"non_breathe_blocks": {
			"$dynamic.list.next_index": "$general.block_identifier"
		}
	},
	"$versioned_template.minecraft:buoyant": [
		{
			"$if": "$format_version >= 1.16.0",
			"$data": {
				"apply_gravity": "$general.boolean",
				"base_buoyancy": "$general.decimal",
				"big_wave_probability": "$general.decimal",
				"big_wave_speed": "$general.number",
				"drag_down_on_buoyancy_removed": "$general.decimal",
				"liquid_blocks": {
					"$dynamic.list.next_index": "$general.block_identifier"
				},
				"simulate_waves": "$general.boolean"
			}
		}
	],
	"$versioned_template.minecraft:breedable": [
		{
			"$if": "$format_version >= 1.16.100",
			"$data": {
				"allow_sitting": "$general.boolean",
				"blend_attributes": "$general.boolean",
				"breed_cooldown": "$general.number",
				"love_filters": "$entity.filters",
				"breed_items": {
					"$dynamic.list.next_index": {
						"@import.value": "$general.item_identifier",
						"any_tag": {
							"$dynamic.list.next_index": {
								"@meta": { "is_value": true }
							}
						}
					}
				},
				"breeds_with": {
					"mate_type": "$general.entity_identifier",
					"baby_type": "$general.entity_identifier",
					"breed_event": "$entity.general.event_definition"
				},
				"causes_pregnancy": "$general.boolean",
				"environment_requirements": {
					"$dynamic.list.next_index": {
						"blocks": {
							"$dynamic.list.next_index": "$general.block_identifier"
						},
						"count": "$general.number",
						"radius": "$general.number"
					}
				},
				"extra_baby_chance": "$general.decimal",
				"inherit_tamed": "$general.boolean",
				"mutation_factor": {
					"color": "$general.decimal",
					"extra_variant": "$general.decimal",
					"variant": "$general.decimal"
				},
				"deny_parents_variant": {
					"chance": "$general.decimal",
					"min_variant": "$general.number",
					"max_variant": "$general.number"
				},
				"require_tame": "$general.boolean",
				"require_full_health": "$general.boolean"
			}
		},
		{
			"$if": "$format_version < 1.16.100",
			"$data": {
				"allow_sitting": "$general.boolean",
				"blend_attributes": "$general.boolean",
				"breed_cooldown": "$general.number",
				"love_filters": "$entity.filters",
				"breed_items": {
					"$dynamic.list.next_index": "$general.item_identifier"
				},
				"breeds_with": {
					"mate_type": "$general.entity_identifier",
					"baby_type": "$general.entity_identifier",
					"breed_event": "$entity.general.event_definition"
				},
				"causes_pregnancy": "$general.boolean",
				"environment_requirements": {
					"$dynamic.list.next_index": {
						"blocks": {
							"$dynamic.list.next_index": "$general.block_identifier"
						},
						"count": "$general.number",
						"radius": "$general.number"
					}
				},
				"extra_baby_chance": "$general.decimal",
				"inherit_tamed": "$general.boolean",
				"mutation_factor": {
					"color": "$general.decimal",
					"extra_variant": "$general.decimal",
					"variant": "$general.decimal"
				},
				"deny_parents_variant": {
					"chance": "$general.decimal",
					"min_variant": "$general.number",
					"max_variant": "$general.number"
				},
				"require_tame": "$general.boolean",
				"require_full_health": "$general.boolean"
			}
		}
	],
	"$versioned_template.minecraft:bribeable": [
		{
			"$if": "$format_version >= 1.16.100",
			"$data": {
				"bribe_cooldown": "$general.number",
				"bribe_items": {
					"$dynamic.list.next_index": {
						"@import.value": "$general.item_identifier",
						"any_tag": {
							"$dynamic.list.next_index": {
								"@meta": { "is_value": true }
							}
						}
					}
				}
			}
		},
		{
			"$if": "$format_version < 1.16.100",
			"$data": {
				"bribe_cooldown": "$general.number",
				"bribe_items": {
					"$dynamic.list.next_index": "$general.item_identifier"
				}
			}
		}
	],
	"minecraft:burns_in_daylight": {},
	"minecraft:can_climb": {},
	"$versioned_template.minecraft:can_fly": [
		{
			"$if": "$format_version >= 1.16.0",
			"$data": "$general.boolean"
		},
		{
			"$if": "$format_version < 1.16.0",
			"$data": {
				"value": "$general.boolean"
			}
		}
	],
	"minecraft:can_fly": "$general.boolean",
	"minecraft:can_power_jump": {},
	"minecraft:celebrate_hunt": {
		"celebration_targets": "$entity.filters",
		"broadcast": "$general.boolean",
		"duration": "$general.number",
		"radius": "$general.number",
		"celebrate_sound": "$general.sound",
		"sound_interval": {
			"range_min": "$general.number",
			"range_max": "$general.number"
		}
	},
	"$versioned_template.minecraft:inside_block_notifier": [
		{
			"$if": "$format_version >= 1.16.100",
			"$data": {
				"block_list": {
					"$dynamic.list.next_index": {
						"block": {
							"name": "$general.block_identifier",
							"states": "$_general.block_states"
						},
						"entered_block_event": "$entity.general.event_definition",
						"exited_block_event": "$entity.general.event_definition"
					}
				}
			}
		}
	],
	"minecraft:collision_box": {
		"width": "$general.number",
		"height": "$general.number"
	},
	"$versioned_template.minecraft:conditional_bandwidth_optimization": [
		{
			"$if": "$format_version >= 1.16.100",
			"$data": {
				"conditional_values": {
					"$dynamic.list.next_index": {
						"max_dropped_ticks": "$general.number",
						"max_optimized_distance": "$general.number",
						"use_motion_prediction_hints": "$general.boolean",
						"conditional_values": {
							"$dynamic.list.next_index": "$entity.filters"
						}
					}
				},
				"default_values": {
					"max_dropped_ticks": "$general.number",
					"max_optimized_distance": "$general.number",
					"use_motion_prediction_hints": "$general.boolean"
				}
			}
		}
	],
	"minecraft:color": {
		"value": "$general.number"
	},
	"minecraft:color2": {
		"value": "$general.number"
	},
	"minecraft:custom_hit_test": {
		"hitboxes": {
			"$dynamic.list.next_index": {
				"width": "$general.number",
				"height": "$general.number",
				"pivot": {
					"$dynamic.list.index_triple": "$general.number"
				}
			}
		}
	},
	"minecraft:damage_over_time": {
		"damage_per_hurt": "$general.number",
		"time_between_hurt": "$general.number"
	},
	"$versioned_template.minecraft:damage_sensor": [
		{
			"$if": "$format_version >= 1.16.200",
			"$data": {
				"triggers": {
					"$dynamic.list.next_index": {
						"damage_modifier": "$general.decimal"
					}
				}
			}
		},
		{
			"$data": {
				"triggers": {
					"$dynamic.list.next_index": {
						"on_damage": "$entity.general.event_definition",
						"cause": "$general.damage_type",
						"deals_damage": "$general.boolean",
						"damage_multiplier": "$general.decimal",
						"on_damage_sound_event": "$general.sound"
					}
				}
			}
		}
	],
	"minecraft:default_look_angle": {
		"value": "$general.decimal"
	},
	"minecraft:despawn": {
		"remove_child_entities": "$general.boolean",
		"filters": "$entity.filters",
		"despawn_from_distance": {
			"max_distance": "$general.number",
			"min_distance": "$general.number"
		},
		"despawn_from_chance": "$general.boolean",
		"despawn_from_inactivity": "$general.boolean",
		"despawn_from_simulation_edge": "$general.boolean",
		"min_range_inactivity_timer": "$general.number",
		"min_range_random_chance": "$general.number"
	},
	"minecraft:dweller": {
		"dwelling_type": ["village"],
		"dweller_role": ["hostile", "inhabitant", "defender"],
		"update_interval_base": "$general.number",
		"update_interval_variant": "$general.number",
		"can_find_poi": "$general.boolean",
		"can_migrate": "$general.boolean",
		"first_founding_reward": "$general.number",
		"preferred_profession": ["weaponsmith"]
	},
	"minecraft:economy_trade_table": {
		"@meta": {
			"validate": {
				"confirm": "Bridge.Node.parent.key === 'components'",
				"then": {
					"show": true,
					"message": "\"minecraft:economy_trade_table\" must be placed inside of a component group"
				}
			}
		},
		"display_name": "$general.translatable_text",
		"table": "$dynamic.trade_table_files",
		"new_screen": "$general.boolean",
		"hero_demand_discount": "$general.number",
		"persist_trades": "$general.boolean",
		"convert_trades_economy": "$general.boolean",
		"cured_discount": {
			"$dynamic.list.index_pair": "$general.number"
		},
		"max_cured_discount": {
			"$dynamic.list.index_pair": "$general.number"
		},
		"nearby_cured_discount": "$general.number",
		"show_trade_screen": "$general.boolean"
	},
	"minecraft:environment_sensor": {
		"triggers": "$entity.general.event_definition"
	},
	"minecraft:entity_sensor": {
		"sensor_range": "$general.number",
		"minimum_count": "$general.number",
		"maximum_count": "$general.number",
		"relative_range": "$general.boolean",
		"require_all": "$general.boolean",
		"event_filters": "$entity.filters",
		"event": "$entity.general.event_string"
	},
	"minecraft:equipment": {
		"table": "$dynamic.loot_table_files",
		"slot_drop_chance": {
			"$dynamic.list.next_index": {
				"slot": "$general.slot_type",
				"drop_chance": "$general.decimal"
			}
		}
	},
	"$versioned_template.minecraft:equip_item": [
		{
			"$if": "$format_version >= 1.16.0",
			"$data": {}
		}
	],
	"$versioned_template.minecraft:equippable": [
		{
			"$if": "$format_version >= 1.16.100",
			"$data": {
				"slots": {
					"$dynamic.list.next_index": {
						"accepted_items": {
							"$dynamic.list.next_index": {
								"@import.value": "$general.item_identifier",
								"any_tag": {
									"$dynamic.list.next_index": {
										"@meta": { "is_value": true }
									}
								}
							}
						},
						"interact_text": "$general.translatable_text",
						"item": "$general.item_identifier",
						"on_equip": "$entity.general.event_definition",
						"on_unequip": "$entity.general.event_definition",
						"slot": "$general.number"
					}
				}
			}
		},
		{
			"$if": "$format_version < 1.16.100",
			"$data": {
				"slots": {
					"$dynamic.list.next_index": {
						"accepted_items": {
							"$dynamic.list.next_index": "$general.item_identifier"
						},
						"interact_text": "$general.translatable_text",
						"item": "$general.item_identifier",
						"on_equip": "$entity.general.event_definition",
						"on_unequip": "$entity.general.event_definition",
						"slot": "$general.number"
					}
				}
			}
		}
	],
	"minecraft:experience_reward": {
		"on_bred": "$molang.embedded",
		"on_death": "$molang.embedded"
	},
	"minecraft:explode": {
		"fuse_length": {
			"$dynamic.list.index_pair": "$general.decimal",
			"@import.value.decimal": "$general.decimal"
		},
		"power": "$general.number",
		"max_resistance": "$general.decimal",
		"fuse_lit": "$general.boolean",
		"causes_fire": "$general.boolean",
		"breaks_blocks": "$general.boolean",
		"fire_affected_by_griefing": "$general.boolean",
		"destroy_affected_by_griefing": "$general.boolean",
		"allow_damage_underwater": "$general.boolean"
	},
	"minecraft:fire_immune": "$general.boolean",
	"minecraft:floats_in_liquid": {},
	"minecraft:flocking": {
		"in_water": "$general.boolean",
		"match_variants": "$general.boolean",
		"use_center_of_mass": "$general.boolean",
		"low_flock_limit": "$general.number",
		"high_flock_limit": "$general.number",
		"goal_weight": "$general.decimal",
		"loner_chance": "$general.decimal",
		"influence_radius": "$general.number",
		"breach_influence": "$general.number",
		"separation_weight": "$general.number",
		"separation_threshold": "$general.number",
		"cohesion_weight": "$general.decimal",
		"cohesion_threshold": "$general.number",
		"innner_cohesion_threshold": "$general.number",
		"min_height": "$general.number",
		"max_height": "$general.number",
		"block_distance": "$general.number",
		"block_weight": "$general.decimal"
	},
	"minecraft:flying_speed": {
		"value": "$general.decimal"
	},
	"minecraft:follow_range": {
		"value": "$general.number",
		"max": "$general.number"
	},
	"minecraft:foot_size": {
		"value": "$general.decimal"
	},
	"minecraft:friction_modifier": {
		"value": "$general.decimal"
	},
	"minecraft:genetics": {
		"mutation_rate": "$general.decimal",
		"genes": {
			"$dynamic.list.next_index": {
				"name": {
					"@meta": {
						"is_value": true
					}
				},
				"allele_range": "$general.number",
				"genetic_variants": {
					"$dynamic.list.next_index": {
						"main_allele": "$general.number",
						"both_allele": "$general.number",
						"hidden_allele": "$general.number",
						"either_allele": "$general.number",
						"birth_event": "$entity.general.event_definition"
					}
				}
			}
		}
	},
	"$versioned_template.minecraft:giveable": [
		{
			"$if": "$format_version >= 1.16.100",
			"$data": {
				"triggers": {
					"$dynamic.list.next_index": {
						"cooldown": "$general.number",
						"items": {
							"$dynamic.list.next_index": {
								"@import.value": "$general.item_identifier",
								"any_tag": {
									"$dynamic.list.next_index": {
										"@meta": { "is_value": true }
									}
								}
							}
						},
						"on_give": "$entity.general.event_definition"
					}
				}
			}
		},
		{
			"$if": "$format_version < 1.16.100",
			"$data": {
				"triggers": {
					"$dynamic.list.next_index": {
						"cooldown": "$general.number",
						"items": {
							"$dynamic.list.next_index": "$general.item_identifier"
						},
						"on_give": "$entity.general.event_definition"
					}
				}
			}
		}
	],
	"minecraft:ground_offset": {
		"value": "$general.decimal"
	},
	"minecraft:group_size": {
		"radius": "$general.number",
		"filters": "$entity.filters"
	},
	"minecraft:grows_crop": {
		"charges": "$general.number",
		"chance": "$general.decimal"
	},
	"$versioned_template.minecraft:healable": [
		{
			"$if": "$format_version >= 1.16.100",
			"$data": {
				"force_use": "$general.boolean",
				"filters": "$entity.filters",
				"items": {
					"$dynamic.list.next_index": {
						"item": {
							"@import.value": "$general.item_identifier",
							"any_tag": {
								"$dynamic.list.next_index": {
									"@meta": { "is_value": true }
								}
							}
						},
						"heal_amount": "$general.number",
						"filters": "$entity.filters",
						"effects": {
							"$dynamic.list.next_index": {
								"name": "$general.effect_name",
								"chance": "$general.decimal",
								"duration": "$general.number",
								"amplifier": "$general.number"
							}
						}
					}
				}
			}
		},
		{
			"$if": "$format_version < 1.16.100",
			"$data": {
				"force_use": "$general.boolean",
				"filters": "$entity.filters",
				"items": {
					"$dynamic.list.next_index": {
						"item": "$general.item_identifier",
						"heal_amount": "$general.number",
						"filters": "$entity.filters",
						"effects": {
							"$dynamic.list.next_index": {
								"name": "$general.effect_name",
								"chance": "$general.decimal",
								"duration": "$general.number",
								"amplifier": "$general.number"
							}
						}
					}
				}
			}
		}
	],
	"minecraft:health": {
		"value": "$general.number",
		"max": "$general.number",
		"min": "$general.number"
	},
	"minecraft:hide": {},
	"$versioned_template.minecraft:home": [
		{
			"$if": "$format_version >= 1.16.100",
			"$data": {
				"restriction_radius": "$general.number"
			}
		},
		{
			"$data": {}
		}
	],
	"minecraft:horse.jump_strength": {
		"value": "$general.decimal"
	},
	"minecraft:hurt_on_condition": {
		"damage_conditions": {
			"$dynamic.list.next_index": {
				"filters": "$entity.filters",
				"cause": "$general.damage_type",
				"damage_per_tick": "$general.number"
			}
		}
	},
	"minecraft:input_ground_controlled": {},
	"minecraft:insomnia": {
		"days_until_insomnia": "$general.number"
	},
	"minecraft:instant_despawn": {
		"remove_child_entities": "$general.boolean"
	},
	"minecraft:interact": {
		"interactions": {
			"$dynamic.list.next_index": {
				"add_items": {
					"table": "$dynamic.loot_table_files"
				},
				"cooldown": "$general.number",
				"hurt_item": "$general.number",
				"interact_text": "$general.translatable_text",
				"on_interact": "$entity.general.event_definition",
				"particle_on_start": "$entity.general.particle_definition",
				"play_sounds": "$general.sound",
				"spawn_entities": {
					"$dynamic.list.next_index": "$general.entity_identifier"
				},
				"spawn_items": {
					"table": "$dynamic.loot_table_files"
				},
				"swing": "$general.boolean",
				"transform_to_item": "$general.item_identifier",
				"barter": "$general.boolean",
				"admire": "$general.boolean",
				"use_item": "$general.boolean"
			}
		}
	},
	"minecraft:inventory": {
		"additional_slots_per_strength": "$general.number",
		"can_be_siphoned_from": "$general.boolean",
		"container_type": "$general.inventory_type",
		"inventory_size": "$general.number",
		"private": "$general.boolean",
		"restrict_to_owner": "$general.boolean"
	},
	"minecraft:is_baby": {},
	"minecraft:is_charged": {},
	"minecraft:is_chested": {},
	"minecraft:is_dyeable": {
		"interact_text": "$general.translatable_text"
	},
	"minecraft:is_hidden_when_invisible": {},
	"minecraft:is_ignited": {},
	"minecraft:is_illager_captain": {},
	"minecraft:is_saddled": {},
	"minecraft:is_shaking": {},
	"minecraft:is_sheared": {},
	"minecraft:is_stackable": {},
	"minecraft:is_stunned": {},
	"minecraft:is_tamed": {},
	"minecraft:item_controllable": {
		"control_items": {
			"$dynamic.list.next_index": "$general.item_identifier"
		}
	},
	"minecraft:item_hopper": {},
	"minecraft:jump.dynamic": {},
	"minecraft:jump.static": {
		"jump_power": "$general.decimal"
	},
	"minecraft:knockback_resistance": {
		"value": "$general.decimal",
		"max": "$general.decimal"
	},
	"minecraft:lava_movement": {
		"value": "$general.decimal"
	},
	"minecraft:leashable": {
		"soft_distance": "$general.decimal",
		"hard_distance": "$general.decimal",
		"max_distance": "$general.decimal",
		"on_leash": "$entity.general.event_definition",
		"on_unleash": "$entity.general.event_definition",
		"can_be_stolen": "$general.boolean"
	},
	"minecraft:lookat": {
		"search_radius": "$general.number",
		"set_target": "$general.boolean",
		"look_cooldown": "$general.number",
		"filters": "$entity.filters",
		"look_event": "$entity.general.event_definition",
		"allow_invulnerable": "$general.boolean"
	},
	"minecraft:loot": {
		"table": "$dynamic.loot_table_files"
	},
	"minecraft:managed_wandering_trader": {},
	"minecraft:mark_variant": {
		"value": "$general.number"
	},
	"minecraft:mob_effect": {
		"effect_range": "$general.number",
		"mob_effect": "$general.effect_name",
		"effect_time": "$general.number",
		"entity_filter": "$entity.filters"
	},
	"minecraft:movement": {
		"value": "$general.decimal"
	},
	"minecraft:movement.amphibious": {
		"max_turn": "$general.degree"
	},
	"minecraft:movement.basic": "$entity.components.minecraft:movement&dot;amphibious",
	"minecraft:movement.fly": "$entity.components.minecraft:movement&dot;amphibious",
	"minecraft:movement.generic": "$entity.components.minecraft:movement&dot;amphibious",
	"minecraft:movement.hover": "$entity.components.minecraft:movement&dot;amphibious",
	"minecraft:movement.jump": {
		"$load": "$entity.components.minecraft:movement&dot;amphibious",
		"jump_delay": {
			"$dynamic.list.index_pair": "$general.decimal"
		}
	},
	"minecraft:movement.glide": {
		"$load": "$entity.components.minecraft:movement&dot;amphibious",
		"start_speed": "$general.number",
		"speed_when_turning": "$general.number"
	},
	"minecraft:skin_id": {
		"value": "$general.number"
	},
	"minecraft:movement.skip": "$entity.components.minecraft:movement&dot;amphibious",
	"minecraft:movement.sway": {
		"$load": "$entity.components.minecraft:movement&dot;amphibious",
		"sway_amplitude": "$general.number"
	},
	"minecraft:nameable": {
		"allow_name_tag_renaming": "$general.boolean",
		"always_show": "$general.boolean",
		"default_trigger": "$entity.general.event_definition",
		"name_actions": {
			"$dynamic.list.next_index": {
				"name_filter": {
					"@meta": {
						"is_value": true
					}
				},
				"on_named": "$entity.general.event_definition"
			}
		}
	},
	"minecraft:navigation.climb": {
		"is_amphibious": "$general.boolean",
		"avoid_portals": "$general.boolean",
		"avoid_powder_snow": "$general.boolean",
		"avoid_sun": "$general.boolean",
		"avoid_water": "$general.boolean",
		"avoid_damage_blocks": "$general.boolean",
		"can_break_doors": "$general.boolean",
		"can_open_doors": "$general.boolean",
		"can_pass_doors": "$general.boolean",
		"can_path_over_water": "$general.boolean",
		"can_path_over_lava": "$general.boolean",
		"can_path_from_air": "$general.boolean",
		"can_sink": "$general.boolean",
		"can_walk_in_lava": "$general.boolean"
	},
	"minecraft:navigation.float": "$entity.components.minecraft:navigation&dot;climb",
	"minecraft:navigation.fly": "$entity.components.minecraft:navigation&dot;climb",
	"minecraft:navigation.generic": "$entity.components.minecraft:navigation&dot;climb",
	"minecraft:navigation.hover": "$entity.components.minecraft:navigation&dot;climb",
	"minecraft:navigation.swim": "$entity.components.minecraft:navigation&dot;climb",
	"minecraft:navigation.walk": "$entity.components.minecraft:navigation&dot;climb",
	"$versioned_template.minecraft:npc": [
		{
			"$if": "$format_version >= 1.16.0",
			"$data": {
				"npc_data": {
					"portrait_offsets": {
						"translate": {
							"$dynamic.list.index_triple": "$general.number"
						},
						"scale": {
							"$dynamic.list.index_triple": "$general.number"
						}
					},
					"picker_offsets": {
						"translate": {
							"$dynamic.list.index_triple": "$general.number"
						},
						"scale": {
							"$dynamic.list.index_triple": "$general.number"
						}
					},
					"skin_list": {
						"$dynamic.list.next_index": {
							"variant": "$general.number"
						}
					}
				}
			}
		}
	],
	"$versioned_template.minecraft:on_death": [
		{
			"$if": "$format_version < 1.16.100",
			"$data": {
				"@meta": {
					"validate": {
						"confirm": "!Bridge.File.usesEntity('minecraft:ender_dragon')",
						"then": {
							"show": true,
							"is_warning": true,
							"message": "\"minecraft:on_death\" can only be used by the ender dragon"
						}
					}
				},
				"$load": "$entity.general.event_definition"
			}
		},
		{
			"$if": "$format_version >= 1.16.100",
			"$data": {
				"$load": "$entity.general.event_definition"
			}
		}
	],
	"minecraft:on_friendly_anger": "$entity.general.event_definition",
	"minecraft:on_hurt": "$entity.general.event_definition",
	"minecraft:on_hurt_by_player": "$entity.general.event_definition",
	"minecraft:on_ignite": "$entity.general.event_definition",
	"$versioned_template.minecraft:out_of_control": [
		{
			"$if": "$format_version >= 1.16.100",
			"$data": {}
		}
	],
	"minecraft:on_start_landing": {
		"@meta": {
			"validate": {
				"confirm": "!Bridge.File.usesEntity('minecraft:ender_dragon')",
				"then": {
					"show": true,
					"is_warning": true,
					"message": "\"minecraft:on_start_landing\" can only be used by the ender dragon"
				}
			}
		},
		"$load": "$entity.general.event_definition"
	},
	"minecraft:on_start_takeoff": {
		"@meta": {
			"validate": {
				"confirm": "!Bridge.File.usesEntity('minecraft:ender_dragon')",
				"then": {
					"show": true,
					"is_warning": true,
					"message": "\"minecraft:on_start_takeoff\" can only be used by the ender dragon"
				}
			}
		},
		"$load": "$entity.general.event_definition"
	},
	"minecraft:on_target_acquired": "$entity.general.event_definition",
	"minecraft:on_target_escape": "$entity.general.event_definition",
	"minecraft:on_wake_with_owner": "$entity.general.event_definition",
	"minecraft:peek": {
		"on_open": "$entity.general.event_definition",
		"on_close": "$entity.general.event_definition",
		"on_target_open": "$entity.general.event_definition"
	},
	"minecraft:persistent": {},
	"minecraft:physics": {
		"has_collision": "$general.boolean",
		"has_gravity": "$general.boolean"
	},
	"minecraft:player.saturation": {
		"value": "$general.number",
		"max": "$general.number",
		"min": "$general.number"
	},
	"minecraft:player.exhaustion": {
		"value": "$general.number",
		"max": "$general.number",
		"min": "$general.number"
	},
	"minecraft:player.level": {
		"value": "$general.number",
		"max": "$general.number",
		"min": "$general.number"
	},
	"minecraft:player.experience": {
		"value": "$general.decimal",
		"max": "$general.decimal",
		"min": "$general.decimal"
	},
	"minecraft:pushable": {
		"is_pushable": "$general.boolean",
		"is_pushable_by_piston": "$general.boolean"
	},
	"minecraft:push_through": {
		"value": "$general.decimal"
	},
	"minecraft:preferred_path": {
		"max_fall_blocks": "$general.number",
		"jump_cost": "$general.number",
		"default_block_cost": "$general.number",
		"preferred_path_blocks": {
			"$dynamic.list.next_index": {
				"cost": "$general.number",
				"blocks": {
					"$dynamic.list.next_index": "$general.block_identifier"
				}
			}
		}
	},
	"minecraft:projectile": {
		"on_hit": {
			"@meta": {
				"expand_path_exceptions": [
					"thrown_potion_effect",
					"douse_fire",
					"arrow_effect",
					"remove_on_hit",
					"teleport_owner"
				]
			},
			"definition_event": {
				"affect_projectile": "$general.boolean",
				"affect_shooter": "$general.boolean",
				"affect_target": "$general.boolean",
				"affect_splash_area": "$general.boolean",
				"splash_area": "$general.number",
				"event_trigger": "$entity.general.event_definition"
			},
			"grant_xp": {
				"minXP": "$general.number",
				"maxXP": "$general.number",
				"xp": "$general.number"
			},
			"spawn_aoe_cloud": {
				"radius": "$general.number",
				"radius_on_use": "$general.number",
				"potion": "$general.potion_number_id",
				"particle": "$general.particle_name",
				"duration": "$general.number",
				"color": {
					"$dynamic.list.index_triple": "$general.number"
				},
				"affect_owner": "$general.boolean",
				"reapplication_delay": "$general.number"
			},
			"impact_damage": {
				"filter": "$molang.embedded",
				"damage": {
					"$dynamic.list.index_pair": "$general.number"
				},
				"knockback": "$general.boolean",
				"semi_random_diff_damage": "$general.boolean",
				"destroy_on_hit": "$general.boolean",
				"max_critical_damage": "$general.number",
				"min_critical_damage": "$general.number",
				"power_multiplier": "$general.decimal",
				"should_bounce": "$general.boolean",
				"channeling": "$general.boolean",
				"set_last_hurt_requires_damage": "$general.boolean",
				"destroy_on_hit_requres_damage": "$general.boolean"
			},
			"spawn_chance": {
				"first_spawn_percent_chance": "$general.number",
				"first_spawn_chance": "$general.number",
				"second_spawn_percent_chance": "$general.number",
				"second_spawn_chance": "$general.number",
				"first_spawn_count": "$general.number",
				"second_spawn_count": "$general.number",
				"spawn_mob": {
					"@meta": {
						"is_value": true
					}
				},
				"spawn_definition": "$general.entity_identifier",
				"spawn_baby": "$general.boolean"
			},
			"mob_effect": {
				"effect": "$general.effect_name",
				"duration": "$general.number",
				"duration_easy": "$general.number",
				"duration_normal": "$general.number",
				"duration_hard": "$general.number",
				"amplifier": "$general.number"
			},
			"stick_in_ground": {
				"shake_time": "$general.decimal"
			},
			"thrown_potion_effect": {},
			"douse_fire": {},
			"arrow_effect": {},
			"remove_on_hit": {},
			"teleport_owner": {},
			"particle_on_hit": {
				"particle_type": "$general.particle_name",
				"num_particles": "$general.number",
				"on_entity_hit": "$general.boolean",
				"on_other_hit": "$general.boolean"
			},
			"catch_fire": {
				"fire_affected_by_griefing": "$general.boolean"
			}
		},
		"shoot_sound": "$general.sound",
		"hit_sound": "$general.sound",
		"hit_ground_sound": "$general.sound",
		"is_dangerous": "$general.boolean",
		"inertia": "$general.decimal",
		"liquid_inertia": "$general.decimal",
		"power": "$general.decimal",
		"gravity": "$general.decimal",
		"uncertainty_base": "$general.number",
		"uncertainty_multiplier": "$general.number",
		"anchor": "$general.number",
		"angleoffset": "$general.decimal",
		"semi_random_diff_damage": "$general.boolean",
		"shoot_target": "$general.boolean",
		"stop_on_hurt": "$general.boolean",
		"multiple_targets": "$general.boolean",
		"should_bounce": "$general.boolean",
		"reflect_on_hurt": "$general.boolean",
		"catch_fire": "$general.boolean",
		"offset": {
			"$dynamic.list.index_triple": "$general.decimal"
		},
		"homing": "$general.boolean"
	},
	"minecraft:raid_trigger": {
		"triggered_event": "$entity.general.event_definition"
	},
	"minecraft:rail_movement": {
		"max_speed": "$general.decimal"
	},
	"minecraft:rail_sensor": {
		"check_block_types": "$general.boolean",
		"eject_on_activate": "$general.boolean",
		"eject_on_deactivate": "$general.boolean",
		"on_activate": "$entity.general.event_definition",
		"on_deactivate": "$entity.general.event_definition",
		"tick_command_block_on_activate": "$general.boolean",
		"tick_command_block_on_deactivate": "$general.boolean"
	},
	"minecraft:ravager_blocked": {
		"knockback_strength": "$general.number",
		"reaction_choices": {
			"$dynamic.list.next_index": {
				"weight": "$general.number",
				"value": "$entity.general.event_definition"
			}
		}
	},
	"minecraft:rideable": {
		"controlling_seat": "$general.number",
		"crouching_skip_interact": "$general.boolean",
		"family_types": {
			"$dynamic.list.next_index": "$dynamic.cache.entity.families"
		},
		"interact_text": "$general.translatable_text",
		"pull_in_entities": "$general.boolean",
		"rider_can_interact": "$general.boolean",
		"seat_count": "$general.number",
		"seats": {
			"$dynamic.list.next_index": {
				"lock_rider_rotation": "$general.degree",
				"max_rider_count": "$general.number",
				"min_rider_count": "$general.number",
				"position": {
					"$dynamic.list.index_triple": "$general.decimal"
				},
				"rotate_rider_by": {
					"@import.value": "$general.degree and ('query.' + $molang.general.query)",
					"@meta": {
						"is_molang": true,
						"validate": {
							"confirm": "Bridge.Node.data === '' || Bridge.Node.data === 'true' || Bridge.Node.data === 'false'",
							"then": {
								"show": true,
								"message": "Invalid data type: Expected number or MoLang"
							}
						}
					}
				}
			}
		}
	},
	"minecraft:scaffolding_climber": {},
	"minecraft:scale": {
		"value": "$general.decimal"
	},
	"minecraft:scale_by_age": {
		"start_scale": "$general.decimal",
		"end_scale": "$general.decimal"
	},
	"minecraft:scheduler": {
		"min_delay_secs": "$general.number",
		"max_delay_secs": "$general.number",
		"scheduled_events": {
			"$dynamic.list.next_index": "$entity.general.internal_event_definition"
		}
	},
	"minecraft:shareables": {
		"all_items": "$general.boolean",
		"all_items_max_amount": "$general.number",
		"all_items_surplus_amount": "$general.number",
		"all_items_want_amount": "$general.number",
		"items": {
			"$dynamic.list.next_index": {
				"priority": "$general.number",
				"item": "$general.item_identifier",
				"item_aux": "$general.number",
				"craft_into": "$general.item_identifier",
				"max_amount": "$general.number",
				"want_amount": "$general.number",
				"surplus_amount": "$general.number",
				"pickup_limit": "$general.number",
				"admire": "$general.boolean",
				"barter": "$general.boolean",
				"consume_item": "$general.boolean",
				"stored_in_inventory": "$general.boolean"
			}
		}
	},
	"minecraft:shooter": {
		"def": "$general.entity_identifier",
		"aux_val": "$general.potion_number_id"
	},
	"minecraft:sittable": {
		"sit_event": "$entity.general.event_definition",
		"stand_event": "$entity.general.event_definition"
	},
	"minecraft:sound_volume": {
		"value": "$general.decimal"
	},
	"$versioned_template.minecraft:spawn_entity": [
		{
			"$if": "$format_version < 1.16.0",
			"$data": {
				"$dynamic.list.next_index": {
					"should_leash": "$general.boolean",
					"num_to_spawn": "$general.number",
					"min_wait_time": "$general.number",
					"max_wait_time": "$general.number",
					"spawn_entity": "$general.entity_identifier",
					"spawn_event": "$entity.general.event_string",
					"spawn_item": "$general.item_identifier",
					"spawn_method": ["born"],
					"spawn_sound": "$general.sound",
					"filters": "$entity.filters",
					"single_use": "$general.boolean"
				}
			}
		},
		{
			"$if": "$format_version >= 1.16.0",
			"$data": {
				"entities": {
					"$dynamic.list.next_index": {
						"should_leash": "$general.boolean",
						"num_to_spawn": "$general.number",
						"min_wait_time": "$general.number",
						"max_wait_time": "$general.number",
						"spawn_entity": "$general.entity_identifier",
						"spawn_event": "$entity.general.event_string",
						"spawn_item": "$general.item_identifier",
						"spawn_method": ["born"],
						"spawn_sound": "$general.sound",
						"filters": "$entity.filters",
						"single_use": "$general.boolean"
					}
				}
			}
		}
	],
	"minecraft:spell_effects": {
		"add_effects": {
			"$dynamic.list.next_index": "$entity.general.effect_definition"
		},
		"remove_effects": {
			"$dynamic.list.next_index": "$general.effect_name"
		}
	},
	"minecraft:strength": {
		"value": "$general.number",
		"max": "$general.number",
		"min": "$general.number"
	},
	"minecraft:tameable": {
		"probability": "$general.decimal",
		"tame_items": {
			"$dynamic.list.next_index": "$general.item_identifier"
		},
		"tame_event": "$entity.general.event_definition"
	},
	"$versioned_template.minecraft:tamemount": [
		{
			"$if": "$format_version >= 1.16.100",
			"$data": {
				"attempt_temper_mod": "$general.number",
				"auto_reject_items": {
					"$dynamic.list.next_index": {
						"item": {
							"@import.value": "$general.item_identifier",
							"any_tag": {
								"$dynamic.list.next_index": {
									"@meta": { "is_value": true }
								}
							}
						}
					}
				},
				"feed_items": {
					"$dynamic.list.next_index": {
						"item": {
							"@import.value": "$general.item_identifier",
							"any_tag": {
								"$dynamic.list.next_index": {
									"@meta": { "is_value": true }
								}
							}
						},
						"temper_mod": "$general.number"
					}
				},
				"feed_text": "$general.translatable_text",
				"min_temper": "$general.number",
				"max_temper": "$general.number",
				"ride_text": "$general.translatable_text",
				"tame_event": "$entity.general.event_definition"
			}
		},
		{
			"$if": "$format_version < 1.16.100",
			"$data": {
				"attempt_temper_mod": "$general.number",
				"auto_reject_items": {
					"$dynamic.list.next_index": {
						"item": "$general.item_identifier"
					}
				},
				"feed_items": {
					"$dynamic.list.next_index": {
						"item": "$general.item_identifier",
						"temper_mod": "$general.number"
					}
				},
				"feed_text": "$general.translatable_text",
				"min_temper": "$general.number",
				"max_temper": "$general.number",
				"ride_text": "$general.translatable_text",
				"tame_event": "$entity.general.event_definition"
			}
		}
	],
	"minecraft:target_nearby_sensor": {
		"inside_range": "$general.number",
		"outside_range": "$general.number",
		"on_inside_range": "$entity.general.event_definition",
		"on_outside_range": "$entity.general.event_definition"
	},
	"minecraft:teleport": {
		"random_teleports": "$general.boolean",
		"max_random_teleport_time": "$general.number",
		"min_random_teleport_time": "$general.number",
		"random_teleport_cube": {
			"$dynamic.list.index_triple": "$general.number"
		},
		"target_distance": "$general.number",
		"target_teleport_chance": "$general.decimal",
		"light_teleport_chance": "$general.decimal",
		"dark_teleport_chance": "$general.decimal"
	},
	"minecraft:tick_world": {
		"radius": "$general.number",
		"distance_to_players": "$general.number",
		"never_despawn": "$general.boolean"
	},
	"minecraft:timer": {
		"looping": "$general.boolean",
		"randomInterval": "$general.boolean",
		"time": {
			"@import.value.decimal": "$general.decimal",
			"@meta": {
				"validate": {
					"confirm": "Bridge.Node.children.length !== 2 || Number.isNaN(Number(Bridge.Node.data))",
					"then": {
						"show": true,
						"message": "Invalid data type: Expected number or [number, number]"
					}
				}
			},
			"$dynamic.list.index_pair": "$general.decimal"
		},
		"random_time_choices": {
			"$dynamic.list.next_index": {
				"weight": "$general.number",
				"value": "$general.number"
			}
		},
		"time_down_event": "$entity.general.event_definition"
	},
	"minecraft:trade_resupply": {},
	"minecraft:trade_table": {
		"display_name": "$general.translatable_text",
		"table": "$dynamic.trade_table_files",
		"new_screen": "$general.boolean",
		"hero_demand_discount": "$general.number",
		"persist_trades": "$general.boolean",
		"convert_trades_economy": "$general.boolean"
	},
	"minecraft:trail": {
		"block_type": "$general.block_identifier",
		"spawn_filter": "$entity.filters",
		"spawn_offset": {
			"$dynamic.list.index_triple": "$general.number"
		}
	},
	"minecraft:transformation": {
		"into": "$general.entity_identifier",
		"begin_transformation_sound": "$general.sound",
		"transformation_sound": "$general.sound",
		"drop_equipment": "$general.boolean",
		"keep_owner": "$general.boolean",
		"keep_level": "$general.boolean",
		"delay": {
			"value": "$general.number",
			"block_assist_chance": "$general.decimal",
			"block_chance": "$general.decimal",
			"block_max": "$general.number",
			"block_radius": "$general.number",
			"keep_owner": "$general.boolean",
			"block_types": {
				"$dynamic.list.next_index": "$general.block_identifier"
			}
		}
	},
	"minecraft:trusting": {
		"probability": "$general.decimal",
		"trust_items": {
			"$dynamic.list.next_index": "$general.item_identifier"
		},
		"trust_event": "$entity.general.event_definition"
	},
	"minecraft:trust": {},
	"minecraft:type_family": {
		"family": {
			"$dynamic.list.next_index": "$entity.general.family"
		}
	},
	"minecraft:underwater_movement": "$entity.components.minecraft:movement",
	"minecraft:variant": {
		"value": "$general.number"
	},
	"minecraft:walk_animation_speed": {
		"value": "$general.decimal"
	},
	"minecraft:wants_jockey": {},
	"minecraft:water_movement": {
		"drag_factor": "$general.decimal"
	}
}
