{
  "@meta": { "validate": "entity/filterStructure.js" },
  
  "all_of": {
    "$dynamic.list.next_index": "$entity.filters"
  },
  "any_of": {
    "$dynamic.list.next_index": "$entity.filters"
  },
  "none_of": {
    "$dynamic.list.next_index": "$entity.filters"
  },
  "$versioned_template": [
    {
      "$if": "$format_version >= 1.16.0",
      "$data": {
        "test": "$entity.general.filters and $entity.general.filters_beta"
      }
    },
    {
      "$data": {
        "test": "$entity.general.filters"
      }
    }
  ],
  "subject": "$entity.general.filter_targets",
  "operator": "$entity.general.filter_operators",
  "$dynamic_template.domain": {
    "$key": "$dynamic.siblings.test",
    "has_equipment": "$general.has_equipment_slot",
    "is_game_rule": "$general.gamerule"
  },
  "$dynamic_template.value": {
    "$key": "$dynamic.siblings.test",
    "$fallback": {
      "@meta": {
        "is_value": true
      }
    },
    "$default": {
      "@meta": {
        "is_value": true
      }
    },
    "is_daytime": "$general.boolean",
    "is_game_rule": "$general.boolean",
    "is_underwater": "$general.boolean",
    "in_nether": "$general.boolean",
    "in_water": "$general.boolean",
    "in_water_or_rain": "$general.boolean",
    "is_humid": "$general.boolean",
    "in_lava": "$general.boolean",
    "in_clouds": "$general.boolean",
    "in_caravan": "$general.boolean",
    "is_underground": "$general.boolean",
    "is_in_village": "$general.boolean",
    "on_ground": "$general.boolean",
    "on_ladder": "$general.boolean",
    "is_climbing": "$general.boolean",
    "is_sneaking": "$general.boolean",
    "is_moving": "$general.boolean",
    "is_riding": "$general.boolean",
    "is_owner": "$general.boolean",
    "is_target": "$general.boolean",
    "is_leashed_to": "$general.boolean",
    "is_leashed": "$general.boolean",
    "is_immobile": "$general.boolean",
    "is_avoiding_mobs": "$general.boolean",
    "is_visible": "$general.boolean",
    "is_snow_covered": "$general.boolean",
    "is_persistent": "$general.boolean",
    "has_trade_supply": "$general.boolean",
    "trusts": "$general.boolean",
    "has_container_open": "$general.boolean",
    "has_ranged_weapon": "$general.boolean",
    "has_target": "$general.boolean",
    "surface_mob": "$general.boolean",
    "has_equipment": "$general.item_identifier and $general.block_identifier",
    "has_component": "('minecraft:effect.' + $general.effect_name) and asValue($entity.general.components)",
    "has_ability": "$general.ability",
    "is_family": "$entity.general.family",
    "has_mob_effect": "$general.effect_name",
    "has_biome_tag": "$general.biome_tag and $dynamic.cache.biome.tags",
    "has_damage": "$general.damage_type",
    "is_color": "$general.color_palette",
    "is_biome": "$general.biome_name",
    "is_block": "$general.block_identifier",
    "is_difficulty": "$general.game_difficulty",
    "is_temperature_type": [
      "ocean",
      "cold",
      "mild",
      "warm"
    ],
    "moon_phase": [
      0,
      1,
      2,
      3,
      4,
      5,
      6,
      7
    ],
    "weather": [
      "clear",
      "rain",
      "thunderstorm",
      "precipitation"
    ],
    "weather_at_position": [
      "clear",
      "rain",
      "thunderstorm",
      "precipitation"
    ],
    "hourly_clock_time": "$general.hourly_clock_time",
    "clock_time": "$general.decimal",
    "moon_intensity": "$general.decimal",
    "distance_to_nearest_player": "$general.number",
    "is_mark_variant": "$general.number",
    "is_variant": "$general.number",
    "is_skin_id": "$general.number",
    "is_altitude": "$general.number",
    "is_brightness": "$general.decimal",
    "is_temperature_value": "$general.decimal",
    "rider_count": "$general.number",
    "inactivity_timer": "$general.number",
    "random_chance": "$general.number",
    "light_level": "$general.number0_15",
    "is_sleeping": "$general.boolean",
    "has_tag": {
      "@meta": {
        "is_value": true
      },
      "@import.value.tag": "$dynamic.cache.function.tags"
    }
  }
}