{
  "format_version": "1.16.100",
  "minecraft:item": {
    "description": {
      "identifier": "{{PROJECT_PREFIX}}:{{IDENTIFIER}}"
    },
    "components": {
      "minecraft:max_stack_size": 1,
      "minecraft:hand_equipped": true,
      "minecraft:durability": {
        "max_durability": 250
      },
      "minecraft:mining_speed": 1,
      "minecraft:damage": 1,
      "minecraft:enchantable": {
        "value": 14,
        "slot": "shovel"
      },
      "minecraft:use_on": {
        "blocks": [
          "minecraft:grass",
          "minecraft:snow",
          "minecraft:snow_layer"
        ]
      },
      "minecraft:digger": {
        "use_efficiency": true,
        "destroy_speeds": [
          {
            "block": {
              "tags": "query.any_tag('dirt', 'sand', 'gravel', 'grass', 'snow')"
            },
            "speed": 6
          }
        ]
      },
      "tag:minecraft:is_shovel": {}
    }
  }
}