{
	"format_version": "$general.format_version",
	"animations": {
		"@meta": { "validate": "validateIDs.js" },
		"$placeholder": {
			"anim_time_update": "$molang.embedded",
			"animation_length": "$general.number",
			"blend_weight": "$general.decimal",
			"override_previous_animation": "$general.boolean",
			"loop": "$animation.general.loop_type",
			"bones": {
				"$placeholder": {
					"rotation": {
						"$dynamic.list.index_triple": {
							"@meta": { "is_molang": true, "is_value": true },
							"@import.value.query": "$general.degree and $molang.general.boolean and ('query.' + $molang.general.query)"
						}
					},
					"scale": {
						"$dynamic.list.index_triple": {
							"@meta": { "is_molang": true, "is_value": true },
							"@import.value.query": "$general.degree and $molang.general.boolean and ('query.' + $molang.general.query)"
						}
					},
					"position": {
						"$dynamic.list.index_triple": {
							"@meta": { "is_molang": true, "is_value": true },
							"@import.value.query": "$general.number and $molang.general.boolean and ('query.' + $molang.general.query)"
						}
					}
				}
			},
			"particle_effects": {
				"$general.decimal": {},
				"@meta": { "validate": null },
				"$placeholder": {
					"$dynamic.list.next_index": {
						"effect": "$dynamic.cache.client_entity.particle_references",
						"locator": {
							"@meta": {
								"is_value": true
							}
						}
					}
				}
			},
			"sound_effects": {
				"$general.decimal": {},
				"@meta": { "validate": null },
				"$placeholder": {
					"$dynamic.list.next_index": {
						"effect": "$dynamic.cache.client_entity.sound_references"
					}
				}
			}
		}
	}
}
