{
	"$schema": "http://json-schema.org/draft-07/schema",
	"definitions": {
		"distributions": {
			"type": "string",
			"enum": [
				"gaussian",
				"uniform",
				"inverse_gaussian",
				"fixed_grid",
				"jittered_grid"
			]
		},
		"early_outs": {
			"type": "string",
			"enum": ["none", "first_failure", "first_success"]
		},
		"coordinate_eval_order": {
			"type": "string",
			"enum": ["xyz", "zyx", "yxz", "xzy", "zxy", "yzx"]
		},
		"chance_information": {
			"properties": {
				"numerator": {
					"type": "number"
				},
				"denominator": {
					"type": "number"
				}
			}
		},
		"block_reference": {
			"anyOf": [
				{
					"$ref": "../general/reference/identifiers.json#/definitions/block_identifiers"
				},
				{
					"additionalProperties": false,
					"properties": {
						"name": {
							"$ref": "../general/reference/identifiers.json#/definitions/block_identifiers"
						},
						"state": {
							"$ref": "../general/vanilla/blockState.json"
						}
					}
				}
			]
		},
		"branches_reference": {
			"additionalProperties": false,
			"properties": {
				"branch_length": {
					"type": "number"
				},
				"branch_position": {
					"type": "number"
				},
				"branch_chance": {
					"type": "number"
				},
				"branch_canopy": {
					"additionalProperties": false,
					"properties": {
						"acacia_canopy": {
							"properties": {
								"canopy_size": {
									"type": "number"
								},
								"simplify_canopy": {
									"type": "boolean"
								},
								"leaf_block": {
									"$ref": "#/definitions/block_reference"
								}
							}
						},
						"canopy": {
							"additionalProperties": false,
							"properties": {
								"canopy_offset": {
									"properties": {
										"min": {
											"type": "number"
										},
										"max": {
											"type": "number"
										}
									}
								},
								"min_width": {
									"type": "number"
								},
								"canopy_slope": {
									"additionalProperties": false,
									"properties": {
										"rise": {
											"type": "number"
										},
										"run": {
											"type": "number"
										}
									}
								},
								"variation_chance": {
									"type": "array",
									"items": {
										"$ref": "#/definitions/chance_information"
									}
								},
								"leaf_block": {
									"$ref": "#/definitions/block_reference"
								},
								"canopy_decoration": {
									"additionalProperties": false,
									"properties": {
										"decoration_chance": {
											"$ref": "#/definitions/chance_information"
										},
										"block_reference": {
											"$ref": "#/definitions/block_reference"
										},
										"num_steps": {
											"type": "number"
										},
										"step_direction": {
											"type": "string",
											"enum": [
												"down",
												"up",
												"out",
												"away"
											]
										}
									}
								}
							}
						},
						"fancy_canopy": {
							"additionalProperties": false,
							"properties": {
								"height": {
									"type": "number"
								},
								"radius": {
									"type": "number"
								},
								"leaf_block": {
									"$ref": "#/definitions/block_reference"
								}
							}
						},
						"mega_canopy": {
							"additionalProperties": false,
							"properties": {
								"canopy_height": {
									"type": "number"
								},
								"core_width": {
									"type": "number"
								},
								"base_radius": {
									"type": "number"
								},
								"simplify_canopy": {
									"type": "boolean"
								},
								"leaf_block": {
									"$ref": "#/definitions/block_reference"
								}
							}
						},
						"mega_pine_canopy": {
							"additionalProperties": false,
							"properties": {
								"canopy_height": {
									"type": "number"
								},
								"core_width": {
									"type": "number"
								},
								"base_radius": {
									"type": "number"
								},
								"radius_step_modifier": {
									"type": "number"
								},
								"leaf_block": {
									"$ref": "#/definitions/block_reference"
								}
							}
						},
						"pine_canopy": {
							"additionalProperties": false,
							"properties": {
								"canopy_height": {
									"type": "number"
								},
								"core_width": {
									"type": "number"
								},
								"outer_radius": {
									"type": "number"
								},
								"inner_radius": {
									"type": "number"
								},
								"leaf_block": {
									"$ref": "#/definitions/block_reference"
								}
							}
						},
						"spruce_canopy": {
							"additionalProperties": false,
							"properties": {
								"lower_offset": {
									"type": "number"
								},
								"upper_offset": {
									"type": "number"
								},
								"max_radius": {
									"type": "number"
								},
								"leaf_block": {
									"$ref": "#/definitions/block_reference"
								}
							}
						}
					}
				}
			}
		}
	}
}
