{
	"$schema": "http://json-schema.org/draft-07/schema",
	"$id": "bridge.feature",
	"title": "Feature",
	"required": ["format_version"],
	"additionalProperties": false,
	"properties": {
		"format_version": {
			"$ref": "../general/formatVersion.json"
		},
		"minecraft:aggregate_feature": {
			"additionalProperties": false,
			"properties": {
				"description": {
					"additionalProperties": false,
					"properties": {
						"identifier": {
							"type": "string"
						}
					}
				},
				"early_out": {
					"$ref": "./general.json#/definitions/early_outs"
				},
				"features": {
					"type": "array",
					"items": {
						"$ref": "../general/reference/feature.json"
					}
				}
			}
		},
		"minecraft:sequence_feature": {
			"additionalProperties": false,
			"properties": {
				"description": {
					"additionalProperties": false,
					"properties": {
						"identifier": {
							"type": "string"
						}
					}
				},
				"features": {
					"type": "array",
					"items": {
						"$ref": "../general/reference/feature.json"
					}
				}
			}
		},
		"minecraft:ore_feature": {
			"additionalProperties": false,
			"properties": {
				"description": {
					"additionalProperties": false,
					"properties": {
						"identifier": {
							"type": "string"
						}
					}
				},
				"count": {
					"type": "number"
				},
				"places_block": {
					"$ref": "./general.json#/definitions/block_reference"
				},
				"may_replace": {
					"type": "array",
					"items": {
						"$ref": "./general.json#/definitions/block_reference"
					}
				}
			}
		},
		"minecraft:scatter_feature": {
			"additionalProperties": false,
			"properties": {
				"description": {
					"additionalProperties": false,
					"properties": {
						"identifier": {
							"type": "string"
						}
					}
				},
				"iterations": {
					"type": "integer"
				},
				"project_input_to_floor": {
					"type": "boolean"
				},
				"coordinate_eval_order": {
					"$ref": "./general.json#/definitions/coordinate_eval_order"
				},
				"scatter_chance": {
					"anyOf": [
						{
							"type": "string"
						},
						{
							"$ref": "./general.json#/definitions/chance_information"
						}
					]
				},
				"x": {
					"anyOf": [
						{
							"type": "string"
						},
						{
							"properties": {
								"extent": {
									"minItems": 2,
									"maxItems": 2,
									"type": "array",
									"items": {
										"anyOf": [
											{
												"type": "number"
											},
											{
												"type": "string"
											}
										]
									}
								},
								"distribution": {
									"$ref": "./general.json#/definitions/distributions"
								}
							}
						}
					]
				},
				"y": {
					"$ref": "#/properties/minecraft:scatter_feature/properties/x"
				},
				"z": {
					"$ref": "#/properties/minecraft:scatter_feature/properties/x"
				},
				"places_feature": {
					"type": "array",
					"items": {
						"$ref": "../general/reference/feature.json"
					}
				}
			}
		},
		"minecraft:search_feature": {
			"additionalProperties": false,
			"properties": {
				"description": {
					"properties": {
						"identifier": {
							"type": "string"
						}
					}
				},
				"places_feature": {
					"$ref": "../general/reference/feature.json"
				},
				"search_volume": {
					"additionalProperties": false,
					"properties": {
						"min": {
							"type": "array",
							"minItems": 3,
							"maxItems": 3,
							"items": {
								"type": "number"
							}
						}
					}
				},
				"search_axis": {
					"type": "string",
					"enum": ["-x", "+x", "-y", "+y", "-z", "+z"]
				},
				"required_successes": {
					"type": "number"
				}
			}
		},
		"minecraft:single_block_feature": {
			"additionalProperties": false,
			"properties": {
				"description": {
					"properties": {
						"identifier": {
							"type": "string"
						}
					}
				},
				"places_block": {
					"$ref": "./general.json#/definitions/block_reference"
				},
				"enforce_survivability_rules": {
					"type": "boolean"
				},
				"enforce_placement_rules": {
					"type": "boolean"
				},
				"may_attach_to": {
					"additionalProperties": false,
					"properties": {
						"min_sides_must_attach": {
							"type": "integer",
							"enum": [1, 2, 3, 4]
						},
						"auto_rotate": {
							"type": "boolean"
						},
						"top": {
							"type": "array",
							"items": {
								"$ref": "../general/reference/identifiers.json#/definitions/block_identifiers"
							}
						},
						"bottom": {
							"type": "array",
							"items": {
								"$ref": "../general/reference/identifiers.json#/definitions/block_identifiers"
							}
						},
						"north": {
							"type": "array",
							"items": {
								"$ref": "../general/reference/identifiers.json#/definitions/block_identifiers"
							}
						},
						"east": {
							"type": "array",
							"items": {
								"$ref": "../general/reference/identifiers.json#/definitions/block_identifiers"
							}
						},
						"south": {
							"type": "array",
							"items": {
								"$ref": "../general/reference/identifiers.json#/definitions/block_identifiers"
							}
						},
						"west": {
							"type": "array",
							"items": {
								"$ref": "../general/reference/identifiers.json#/definitions/block_identifiers"
							}
						},
						"all": {
							"type": "array",
							"items": {
								"$ref": "../general/reference/identifiers.json#/definitions/block_identifiers"
							}
						},
						"sides": {
							"type": "array",
							"items": {
								"$ref": "../general/reference/identifiers.json#/definitions/block_identifiers"
							}
						}
					}
				},
				"may_replace": {
					"type": "array",
					"items": {
						"$ref": "./general.json#/definitions/block_reference"
					}
				}
			}
		},
		"minecraft:structure_template_feature": {
			"additionalProperties": false,
			"properties": {
				"description": {
					"properties": {
						"identifier": {
							"type": "string"
						}
					}
				},
				"structure_name": {
					"type": "string"
				},
				"adjustment_radius": {
					"type": "integer",
					"enum": [
						0,
						1,
						2,
						3,
						4,
						5,
						6,
						7,
						8,
						9,
						10,
						11,
						12,
						13,
						14,
						15,
						16
					]
				},
				"facing_direction": {
					"type": "string",
					"enum": ["north", "south", "east", "west", "random"]
				},
				"constraints": {
					"additionalProperties": false,
					"properties": {
						"grounded": {},
						"unburied": {},
						"block_intersection": {
							"properties": {
								"block_allowlist": {
									"type": "array",
									"items": {
										"$ref": "./general.json#/definitions/block_reference"
									}
								}
							}
						}
					}
				}
			}
		},
		"minecraft:tree_feature": {
			"$ref": "./general.json#/definitions/branches_reference",
			"additionalProperties": false,
			"properties": {
				"description": {
					"additionalProperties": false,
					"properties": {
						"identifier": {
							"type": "string"
						}
					}
				},
				"base_cluster": {
					"additionalProperties": false,
					"properties": {
						"may_replace": {
							"type": "array",
							"items": {
								"$ref": "./general.json#/definitions/block_reference"
							}
						},
						"num_clusters": {
							"type": "number"
						},
						"cluster_radius": {
							"type": "number"
						}
					}
				},
				"may_grow_on": {
					"type": "array",
					"items": {
						"$ref": "./general.json#/definitions/block_reference"
					}
				},
				"may_grow_through": {
					"type": "array",
					"items": {
						"$ref": "./general.json#/definitions/block_reference"
					}
				},
				"may_replace": {
					"type": "array",
					"items": {
						"$ref": "./general.json#/definitions/block_reference"
					}
				},
				"acacia_trunk": {
					"additionalProperties": false,
					"properties": {
						"trunk_height": {
							"properties": {
								"range_min": {
									"type": "number"
								},
								"range_max": {
									"type": "number"
								}
							}
						},
						"trunk_width": {
							"type": "number"
						},
						"trunk_lean": {
							"additionalProperties": false,
							"properties": {
								"allow_diagonal_growth": {
									"type": "boolean"
								},
								"lean_height": {
									"type": "number"
								},
								"lean_steps": {
									"type": "number"
								}
							}
						},
						"trunk_block": {
							"$ref": "./general.json#/definitions/block_reference"
						},
						"trunk_decoration": {
							"additionalProperties": false,
							"properties": {
								"decoration_chance": {
									"$ref": "./general.json#/definitions/chance_information"
								},
								"block_reference": {
									"$ref": "./general.json#/definitions/block_reference"
								},
								"num_steps": {
									"type": "number"
								},
								"step_direction": {
									"type": "string",
									"enum": ["down", "up", "out", "away"]
								}
							}
						},
						"branches": {
							"$ref": "./general.json#/definitions/branches_reference"
						}
					}
				},
				"fallen_trunk": {
					"additionalProperties": false,
					"properties": {
						"stump_height": {
							"type": "integer"
						},
						"height_modifier": {
							"type": "number"
						},
						"log_length": {
							"type": "integer"
						},
						"trunk_block": {
							"$ref": "./general.json#/definitions/block_reference"
						},
						"log_decoration_feature": {
							"$ref": "../general/reference/feature.json"
						},
						"trunk_decoration": {
							"additionalProperties": false,
							"properties": {
								"decoration_chance": {
									"$ref": "./general.json#/definitions/chance_information"
								},
								"block_reference": {
									"$ref": "./general.json#/definitions/block_reference"
								},
								"num_steps": {
									"type": "number"
								},
								"step_direction": {
									"type": "string",
									"enum": ["down", "up", "out", "away"]
								}
							}
						}
					}
				},
				"fancy_trunk": {
					"additionalProperties": false,
					"properties": {
						"trunk_height": {
							"additionalProperties": false,
							"properties": {
								"base": {
									"type": "integer"
								},
								"variance": {
									"type": "number"
								},
								"scale": {
									"type": "number"
								}
							}
						},
						"trunk_width": {
							"type": "integer"
						},
						"width_scale": {
							"type": "number"
						},
						"foliage_altitude_factor": {
							"type": "number"
						},
						"trunk_block": {
							"$ref": "./general.json#/definitions/block_reference"
						},
						"branches": {
							"additionalProperties": false,
							"properties": {
								"slope": {
									"type": "number"
								},
								"density": {
									"type": "number"
								},
								"min_alititude_factor": {
									"type": "number"
								}
							}
						}
					}
				},
				"mega_trunk": {
					"additionalProperties": false,
					"properties": {
						"trunk_height": {
							"additionalProperties": false,
							"properties": {
								"base": {
									"type": "number"
								},
								"intervals": {
									"type": "array",
									"minItems": 2,
									"maxItems": 2,
									"items": {
										"type": "number"
									}
								}
							}
						},
						"trunk_width": {
							"type": "number"
						},
						"trunk_block": {
							"$ref": "./general.json#/definitions/block_reference"
						},
						"trunk_decoration": {
							"additionalProperties": false,
							"properties": {
								"decoration_chance": {
									"$ref": "./general.json#/definitions/chance_information"
								},
								"block_reference": {
									"$ref": "./general.json#/definitions/block_reference"
								},
								"num_steps": {
									"type": "number"
								},
								"step_direction": {
									"type": "string",
									"enum": ["down", "up", "out", "away"]
								}
							}
						},
						"branches": {
							"$ref": "./general.json#/definitions/branches_reference"
						}
					}
				},
				"trunk": {
					"additionalProperties": false,
					"properties": {
						"can_be_submerged": {
							"anyOf": [
								{
									"type": "boolean"
								},
								{
									"properties": {
										"max_depth": {
											"type": "number"
										}
									}
								}
							]
						},
						"trunk_height": {
							"additionalProperties": false,
							"properties": {
								"range_min": {
									"type": "number"
								},
								"range_max": {
									"type": "number"
								}
							}
						},
						"base_block": {
							"$ref": "./general.json#/definitions/block_reference"
						},
						"trunk_width": {
							"type": "number"
						},
						"trunk_block": {
							"$ref": "./general.json#/definitions/block_reference"
						},
						"trunk_decoration": {
							"additionalProperties": false,
							"properties": {
								"decoration_chance": {
									"$ref": "./general.json#/definitions/chance_information"
								},
								"block_reference": {
									"$ref": "./general.json#/definitions/block_reference"
								},
								"num_steps": {
									"type": "number"
								},
								"step_direction": {
									"type": "string",
									"enum": ["down", "up", "out", "away"]
								}
							}
						}
					}
				}
			}
		},
		"minecraft:weighted_random_feature": {
			"additionalProperties": false,
			"properties": {
				"description": {
					"additionalProperties": false,
					"properties": {
						"identifier": {
							"type": "string"
						}
					}
				},
				"early_out": {
					"$ref": "./general.json#/definitions/early_outs"
				},
				"features": {
					"type": "array",
					"items": {
						"type": "array",
						"minItems": 2,
						"maxItems": 2,
						"items": [
							{
								"$ref": "../general/reference/feature.json"
							},
							{
								"type": "integer"
							}
						]
					}
				}
			}
		}
	}
}
