{
	"$schema": "http://json-schema.org/draft-07/schema",
	"properties": {
		"minecraft:item": {
			"required": ["description"],
			"type": "object",
			"properties": {
				"description": {
					"$ref": "./description.json"
				},
				"components": {
					"$ref": "./components.json"
				},
				"events": {
					"type": "object",
					"anyOf": [
						{
							"$ref": "../dynamic/currentContext/eventReferenceProperty.json"
						},
						{
							"patternProperties": {
								".*": {
									"$ref": "./event.json"
								}
							}
						}
					]
				}
			},
			"additionalProperties": false
		}
	}
}
