{
	"pools": [
		{
			"rolls": 1,
			"entries": [
				{
					"type": "item",
					"name": "minecraft:porkchop",
					"weight": 1,
					"functions": [
						{
							"function": "set_count",
							"count": {
								"min": 1,
								"max": 3
							}
						},
						{
							"function": "furnace_smelt",
							"conditions": [
								{
									"condition": "entity_properties",
									"entity": "this",
									"properties": {
										"on_fire": true
									}
								}
							]
						},
						{
							"function": "looting_enchant",
							"count": {
								"min": 0,
								"max": 1
							}
						}
					]
				}
			]
		}
	]
}