{
	"$schema": "http://json-schema.org/draft-07/schema",
	"definitions": {
		"tags": {
			"description": "Defines where this recipe can be made",
			"type": "array",
			"items": {
				"type": "string",
				"anyOf": [
					{
						"enum": [
							"blast_furnace",
							"brewing_stand",
							"campfire",
							"cartography_table",
							"crafting_table",
							"furnace",
							"smoker",
							"stonecutter",
							"soul_campfire"
						]
					},
					{
						"$ref": "./dynamic/recipeTagEnum.json"
					},
					{
						"$ref": "../block/dynamic/recipeTagEnum.json"
					}
				]
			}
		},
		"description": {
			"type": "object",
			"properties": {
				"identifier": {
					"$ref": "../general/reference/prefixedFileIdentifier.json"
				}
			}
		},
		"group": {
			"type": "string"
		},
		"result": {
			"type": "array",
			"description": "Defines the result item of this recipe.",
			"items": {
				"type": "object",
				"properties": {
					"item": {
						"description": "Provides the identifier for the result item",
						"$ref": "../general/vanilla/identifiers.json#/definitions/item_identifiers"
					},
					"data": {
						"description": "Sets the result item's data value",
						"type": "integer"
					},
					"count": {
						"type": "integer",
						"description": "Sets how many of the result item should be output"
					}
				}
			}
		},
		"input": {
			"$ref": "../general/vanilla/identifiers.json#/definitions/item_identifiers",
			"description": "Defines the input item for the recipe"
		},
		"reagent": {
			"$ref": "../general/vanilla/identifiers.json#/definitions/item_identifiers"
		},
		"output": {
			"description": "Defines the result item of this recipe",
			"$ref": "../general/vanilla/identifiers.json#/definitions/item_identifiers"
		}
	}
}
