{
	"$schema": "http://json-schema.org/draft-07/schema",
	"type": "object",
	"additionalProperties": false,
	"description": "When set to false, collision gets disabled completely",
	"properties": {
		"size": {
			"description": "Size of each side of the box of the component",
			"type": "array",
			"maxItems": 3,
			"minItems": 3,
			"items": {
				"type": "number",
				"maximum": 16,
				"minimum": 0
			}
		},
		"origin": {
			"description": "Minimal position bounds of the collision box",
			"type": "array",
			"maxItems": 3,
			"minItems": 3,
			"items": [
				{
					"type": "number",
					"minimum": -8,
					"maximum": 8
				},
				{
					"type": "number",
					"minimum": 0,
					"maximum": 16
				},
				{
					"type": "number",
					"minimum": -8,
					"maximum": 8
				}
			]
		}
	}
}
