{
	"format_version": "1.8.0",
	"minecraft:client_entity": {
		"description": {
			"identifier": "{{PROJECT_PREFIX}}:{{IDENTIFIER}}",
			"materials": { "default": "tropicalfish" },
			"textures": {
				"typeA": "textures/entity/{{PRESET_PATH}}{{IDENTIFIER}}/{{IDENTIFIER}}_a",
				"typeB": "textures/entity/{{PRESET_PATH}}{{IDENTIFIER}}/{{IDENTIFIER}}_b",
				"aPattern1": "textures/entity/{{PRESET_PATH}}{{IDENTIFIER}}/{{IDENTIFIER}}_a_pattern_1",
				"aPattern2": "textures/entity/{{PRESET_PATH}}{{IDENTIFIER}}/{{IDENTIFIER}}_a_pattern_2",
				"aPattern3": "textures/entity/{{PRESET_PATH}}{{IDENTIFIER}}/{{IDENTIFIER}}_a_pattern_3",
				"aPattern4": "textures/entity/{{PRESET_PATH}}{{IDENTIFIER}}/{{IDENTIFIER}}_a_pattern_4",
				"aPattern5": "textures/entity/{{PRESET_PATH}}{{IDENTIFIER}}/{{IDENTIFIER}}_a_pattern_5",
				"aPattern6": "textures/entity/{{PRESET_PATH}}{{IDENTIFIER}}/{{IDENTIFIER}}_a_pattern_6",
				"bPattern1": "textures/entity/{{PRESET_PATH}}{{IDENTIFIER}}/{{IDENTIFIER}}_b_pattern_1",
				"bPattern2": "textures/entity/{{PRESET_PATH}}{{IDENTIFIER}}/{{IDENTIFIER}}_b_pattern_2",
				"bPattern3": "textures/entity/{{PRESET_PATH}}{{IDENTIFIER}}/{{IDENTIFIER}}_b_pattern_3",
				"bPattern4": "textures/entity/{{PRESET_PATH}}{{IDENTIFIER}}/{{IDENTIFIER}}_b_pattern_4",
				"bPattern5": "textures/entity/{{PRESET_PATH}}{{IDENTIFIER}}/{{IDENTIFIER}}_b_pattern_5",
				"bPattern6": "textures/entity/{{PRESET_PATH}}{{IDENTIFIER}}/{{IDENTIFIER}}_b_pattern_6"
			},
			"scripts": {
				"pre_animation": [
					"variable.ZRot = !query.is_in_water ? Math.cos((query.time_stamp + query.frame_alpha) * 0.25) * 90 : 0.0;",
					"variable.AnimationAmountBlend = Math.lerp(variable.AnimationAmountPrev, variable.AnimationAmount, query.frame_alpha);"
				]
			},
			"geometry": {
				"typeA": "geometry.{{IDENTIFIER}}_a",
				"typeB": "geometry.{{IDENTIFIER}}_b"
			},
			"animations": {
				"flop": "animation.{{IDENTIFIER}}.flop",
				"swim": "animation.{{IDENTIFIER}}.swim"
			},
			"animation_controllers": [
				{ "general": "controller.animation.fish.general" }
			],
			"render_controllers": ["controller.render.{{IDENTIFIER}}"],
			"spawn_egg": {
				"texture": "{{PROJECT_PREFIX}}_{{IDENTIFIER}}_egg",
				"texture_index": 0
			}
		}
	}
}
