{
	"number": {
		"@meta": {
			"validate": {
				"confirm": "Bridge.Node.data === '' || Number.isNaN(Number(Bridge.Node.data))",
				"then": {
					"show": true,
					"message": "Invalid data type: Expected number"
				}
			}
		},
		"@import.value": ["0", "1", "2", "3", "4", "5", "@wildcard"]
	},
	"number0_15": {
		"@meta": {
			"validate": {
				"confirm": "let x = Number(Bridge.Node.data); Bridge.Node.data === '' || Number.isNaN(x) || x < 0 || x > 15",
				"then": {
					"show": true,
					"message": "Invalid data type: Expected number between 0 and 15"
				}
			}
		},
		"@import.value": [
			"0",
			"1",
			"2",
			"3",
			"4",
			"5",
			"6",
			"7",
			"8",
			"9",
			"10",
			"11",
			"12",
			"13",
			"14",
			"15"
		]
	},
	"decimal": {
		"@meta": {
			"validate": {
				"confirm": "Bridge.Node.data === '' || Number.isNaN(Number(Bridge.Node.data))",
				"then": {
					"show": true,
					"message": "Invalid data type: Expected number"
				}
			}
		},
		"@import.value": [
			"0.0",
			"0.1",
			"0.2",
			"0.3",
			"0.4",
			"0.5",
			"0.6",
			"0.7",
			"0.8",
			"0.9",
			"@wildcard"
		]
	},
	"degree": {
		"@meta": {
			"validate": {
				"confirm": "Bridge.Node.data === '' || Number.isNaN(Bridge.Node.data)",
				"then": {
					"show": true,
					"message": "Invalid data type: Expected number"
				}
			}
		},
		"@import.value": ["45", "90", "135", "180", "225", "270", "335", "360"]
	},

	"boolean": {
		"@meta": {
			"validate": {
				"confirm": "Bridge.Node.data !== 'true' && Bridge.Node.data !== 'false'",
				"then": {
					"show": true,
					"message": "Invalid data type: Expected boolean"
				}
			}
		},
		"@import.value": ["true", "false"]
	},
	"number_boolean": {
		"@meta": {
			"validate": {
				"confirm": "Bridge.Node.data !== '0' && Bridge.Node.data !== '1'",
				"then": {
					"show": true,
					"message": "Invalid data type: Expected number (0 or 1)"
				}
			}
		},
		"@import.value": ["0", "1"]
	},

	"format_version": {
		"@meta": {
			"validate": "formatVersion.js",
			"propose_filter": {
				"value": "Bridge.Version.compare(Bridge.Item, Bridge.Version.ProjectTarget, '<=')"
			}
		},
		"@import.value": [
			"1.8.0",
			"1.9.0",
			"1.10.0",
			"1.11.0",
			"1.12.0",
			"1.13.0",
			"1.14.0",
			"1.16.0",
			"1.16.100",
			"1.16.200"
		]
	},
	"translatable_text": {
		"@meta": {
			"is_value": true
		}
	},
	"file_identifier": {
		"@meta": {
			"validate": [
				{
					"confirm": "Bridge.Node.data && Bridge.Node.data.includes(' ')",
					"then": {
						"show": true,
						"message": "Identifiers must not contain spaces"
					}
				},
				{
					"confirm": "Bridge.Node.data && Bridge.Node.data.toLowerCase() !== Bridge.Node.data",
					"then": {
						"show": true,
						"message": "Identifiers must not contain uppercase letters"
					}
				}
			]
		},
		"@import.value.file_identifier": "($dynamic.setting.project_prefix + $dynamic.current_file_name)"
	},
	"inventory_type": [
		"minecart_chest",
		"horse",
		"minecart_hopper",
		"container",
		"inventory",
		"hopper"
	],
	"damage_type": [
		"override",
		"contact",
		"none",
		"lava",
		"entity_attack",
		"fire_tick",
		"projectile",
		"suffocation",
		"fall",
		"fatal",
		"starve",
		"fire",
		"drowning",
		"block_explosion",
		"entity_explosion",
		"void",
		"suicide",
		"magic",
		"wither",
		"charging",
		"anvil",
		"thorns",
		"falling_block",
		"piston",
		"magma",
		"fireworks",
		"temperature",
		"lightning",
		"all",
		"fly_into_wall"
	],
	"potion_number_id": [
		"0",
		"1",
		"2",
		"3",
		"4",
		"5",
		"6",
		"7",
		"8",
		"9",
		"10",
		"11",
		"12",
		"13",
		"14",
		"15",
		"16",
		"17",
		"18",
		"19",
		"20",
		"21",
		"22",
		"23",
		"24",
		"25",
		"26",
		"27",
		"28",
		"29",
		"30",
		"31",
		"32",
		"34",
		"35",
		"36",
		"37",
		"38",
		"39",
		"40",
		"41"
	],
	"hourly_clock_time": [
		"0",
		"1000",
		"2000",
		"3000",
		"4000",
		"5000",
		"6000",
		"7000",
		"8000",
		"9000",
		"10000",
		"11000",
		"12000",
		"13000",
		"14000",
		"15000",
		"16000",
		"17000",
		"18000",
		"19000",
		"20000",
		"21000",
		"22000",
		"23000",
		"24000"
	],
	"poi_type": ["bed"],
	"slot_type": [
		"slot.armor",
		"slot.armor.chest",
		"slot.armor.feet",
		"slot.armor.head",
		"slot.armor.legs",
		"slot.chest",
		"slot.enderchest",
		"slot.hotbar",
		"slot.inventory",
		"slot.saddle",
		"slot.weapon.mainhand",
		"slot.weapon.offhand"
	],
	"ability": [
		"worldbuilder",
		"invulnerable",
		"flying",
		"instabuild",
		"flySpeed",
		"lightning",
		"walkSpeed",
		"noclip",
		"mayfly",
		"mute"
	],
	"has_equipment_slot": [
		"any",
		"armor",
		"feet",
		"hand",
		"head",
		"leg",
		"torso"
	],
	"color_palette": [
		"white",
		"light_green",
		"orange",
		"silver",
		"magenta",
		"light_blue",
		"yellow",
		"pink",
		"blue",
		"gray",
		"cyan",
		"purple",
		"brown",
		"green",
		"red",
		"black"
	],
	"structures": [
		"buriedtreasure",
		"endcity",
		"fortress",
		"mansion",
		"mineshaft",
		"monument",
		"pillageroutpost",
		"ruins",
		"shipwreck",
		"stronghold",
		"temple",
		"village"
	],
	"particle_name": [
		"mobspellambient",
		"villagerangry",
		"blockbreak",
		"blockdust",
		"bubble",
		"evaporation",
		"crit",
		"dragonbreath",
		"driplava",
		"dripwater",
		"reddust",
		"spell",
		"mobappearance",
		"enchantingtable",
		"endrod",
		"mobspell",
		"largeexplode",
		"hugeexplosion",
		"fallingdust",
		"fireworksspark",
		"waterwake",
		"flame",
		"villagerhappy",
		"heart",
		"mobspellinstantaneous",
		"iconcrack",
		"slime",
		"snowballpoof",
		"largesmoke",
		"lava",
		"mobflame",
		"townaura",
		"nautilus",
		"note",
		"explode",
		"portal",
		"rainsplash",
		"smoke",
		"watersplash",
		"ink",
		"terrain",
		"totem",
		"trackingemitter",
		"witchspell"
	],
	"entity_identifier": {
		"@meta": {
			"definitions": ["entity"]
		},
		"@import.value.entity": "$dynamic.cache.entity.identifiers and $vanilla.entity_identifier"
	},
	"block_identifier": {
		"@meta": {
			"definitions": ["block"]
		},
		"@import.value.block": "$dynamic.cache.block.identifiers and $vanilla.block_identifier"
	},
	"item_identifier": {
		"@meta": {
			"definitions": ["item"]
		},
		"@import.value.item": "$dynamic.cache.item.identifiers and $vanilla.item_identifier"
	},
	"model_identifier": {
		"@meta": { "is_value": true, "definitions": ["entity_model"] },
		"@import.value": "$dynamic.cache.model.identifiers",
		"@import.value_old": "$dynamic.cache.model.old_identifiers"
	},
	"fog_identifier": "$dynamic.cache.fog.identifiers and $vanilla.fog_identifier",
	"effect_name": [
		"all",
		"absorption",
		"bad_omen",
		"blindness",
		"conduit_power",
		"fatal_poison",
		"fire_resistance",
		"haste",
		"health_boost",
		"hunger",
		"instant_damage",
		"instant_health",
		"invisibility",
		"jump_boost",
		"levitation",
		"mining_fatigue",
		"nausea",
		"night_vision",
		"poison",
		"regeneration",
		"resistance",
		"saturation",
		"slow_falling",
		"slowness",
		"speed",
		"strength",
		"village_hero",
		"water_breathing",
		"weakness",
		"wither"
	],
	"enchantment_name": [
		"aqua_affinity",
		"bane_of_arthropods",
		"binding",
		"blast_protection",
		"channeling",
		"depth_strider",
		"efficiency",
		"feather_falling",
		"fire_aspect",
		"fire_protection",
		"flame",
		"fortune",
		"frost_walker",
		"impaling",
		"infinity",
		"knockback",
		"looting",
		"loyalty",
		"luck_of_the_sea",
		"lure",
		"mending",
		"multishot",
		"piercing",
		"power",
		"projectile_protection",
		"protection",
		"punch",
		"quick_charge",
		"respiration",
		"riptide",
		"sharpness",
		"silk_touch",
		"smite",
		"soul_speed",
		"thorns",
		"unbreaking",
		"vanishing"
	],
	"gamerule": [
		"alwaysday",
		"commandblockoutput",
		"commandblocksenabled",
		"dodaylightcycle",
		"doentitydrops",
		"dofiretick",
		"doimmediaterespawn",
		"domobloot",
		"domobspawning",
		"dotiledrops",
		"doweathercycle",
		"drowningdamage",
		"falldamage",
		"firedamage",
		"functioncommandlimit",
		"keepinventory",
		"maxcommandchainlength",
		"mobgriefing",
		"naturalregeneration",
		"pvp",
		"randomtickspeed",
		"sendcommandfeedback",
		"showcoordinates",
		"showdeathmessages",
		"tntexplodes"
	],
	"game_difficulty": [
		"easy",
		"e",
		"hard",
		"h",
		"normal",
		"n",
		"peaceful",
		"p"
	],
	"gamemode": ["adventure", "creative", "default", "survival"],
	"biome_tag": [
		"monster",
		"animal",
		"ocean",
		"nether",
		"the_end",
		"mooshroom_island",
		"plains",
		"desert",
		"jungle",
		"taiga",
		"extreme_hills",
		"savanna",
		"frozen",
		"cold",
		"lukewarm",
		"warm",
		"river",
		"swamp",
		"beach",
		"flower_forest",
		"forest",
		"birch",
		"dark_oak",
		"hills",
		"mutated",
		"edge",
		"lakes",
		"plateau",
		"deep",
		"mesa",
		"ice_plains",
		"ice",
		"mountain",
		"shore",
		"stone",
		"roofed",
		"mega",
		"netherwart_forest",
		"crimson_forest",
		"warped_forest",
		"soulsand_valley",
		"nether_wastes",
		"basalt_deltas",
		"spawn_few_zombified_piglins",
		"spawn_piglin",
		"spawn_endermen",
		"spawn_ghast",
		"spawn_magma_cubes",
		"spawn_many_magma_cubes"
	],
	"biome_name": [
		"ice",
		"forest",
		"extreme_hills",
		"beach",
		"jungle",
		"desert",
		"flat",
		"the_nether",
		"mesa",
		"plain",
		"mushroom_island",
		"ocean",
		"river",
		"savanna",
		"stone_beach",
		"swamp",
		"taiga",
		"the_end"
	],
	"sound": {
		"@meta": {
			"is_value": true
		}
	},
	"minecraft_color": [
		"dark_red",
		"red",
		"gold",
		"yellow",
		"dark_green",
		"green",
		"aqua",
		"dark_aqua",
		"dark_blue",
		"blue",
		"light_purple",
		"dark_purple",
		"white",
		"gray",
		"dark_gray",
		"black",
		"minecoin_gold"
	],
	"item_category": [
		"nature",
		"construction",
		"items",
		"equipment",
		"none",
		"commands"
	]
}
