{
	"$schema": "http://json-schema.org/draft-07/schema",
	"$id": "bridge.spawn_rule",
	"title": "Spawn Rule",
	"additionalProperties": false,
	"properties": {
		"format_version": {
			"$ref": "../general/formatVersion.json"
		},
		"minecraft:spawn_rules": {
			"additionalProperties": false,
			"properties": {
				"description": {
					"additionalProperties": false,
					"properties": {
						"identifier": {
							"type": "string"
						},
						"population_control": {
							"type": "string",
							"enum": [
								"animal",
								"monster",
								"pillager",
								"water_animal"
							]
						}
					}
				},
				"conditions": {
					"type": "array",
					"items": {
						"$ref": "./components.json"
					}
				}
			}
		}
	}
}
