{
	"$schema": "http://json-schema.org/draft-07/schema",
	"$id": "bridge.manifest",
	"title": "Manifest",
	"description": "The manifest contains the basic information to register the pack into Minecraft.",
	"type": "object",
	"required": ["format_version", "header"],
	"additionalProperties": false,
	"definitions": {
		"triple_integer": {
			"type": "array",
			"minItems": 3,
			"maxItems": 3,
			"items": {
				"type": "integer"
			}
		},
		"uuid": {
			"$ref": "../general/uuid.json"
		}
	},
	"properties": {
		"format_version": {
			"type": "integer",
			"enum": [1, 2],
			"title": "Format Version",
			"description": "This defines the current version of the manifest. Don't change this unless you have a good reason to."
		},
		"header": {
			"type": "object",
			"title": "Header",
			"description": "This is the heading of the manifest and is required for the manifest to be valid.",
			"required": ["name", "description", "uuid", "version"],
			"properties": {
				"name": {
					"type": "string",
					"description": "This is the name of the pack as it appears within Minecraft. This is a required field."
				},
				"description": {
					"type": "string",
					"description": "This is a short description of the pack. It will appear in the game below the name of the pack."
				},
				"uuid": {
					"$ref": "#/definitions/uuid",
					"description": "This is a special type of identifier that uniquely identifies this pack from any other pack."
				},
				"version": {
					"$ref": "#/definitions/triple_integer",
					"description": "This is the version of your pack in the format [majorVersion, minorVersion, revision]."
				},
				"min_engine_version": {
					"$ref": "#/definitions/triple_integer",
					"description": "This is the minimum version of the game that this pack was written for."
				},
				"base_game_version": {
					"$ref": "#/definitions/triple_integer",
					"description": "This is the version of the base game your world template requires."
				},
				"lock_template_options": {
					"type": "boolean",
					"description": "This option is required for any world templates. This will lock the player from modifying the options of the world."
				}
			}
		},
		"modules": {
			"type": "array",
			"additionalProperties": true,
			"title": "Modules",
			"items": [
				{
					"type": "object",
					"title": "Module",
					"required": ["type", "uuid", "version"],
					"properties": {
						"type": {
							"enum": [
								"resources",
								"data",
								"client_data",
								"interface",
								"skin_pack",
								"world_template"
							]
						},
						"description": {
							"type": "string"
						},
						"uuid": {
							"type": "string",
							"format": "uuid"
						},
						"verison": {
							"$ref": "#/definitions/triple_integer"
						}
					}
				}
			]
		},
		"dependencies": {
			"type": "array",
			"description": "Defines the dependencies of the pack",
			"items": [
				{
					"type": "object",
					"required": ["uuid", "version"],
					"properties": {
						"uuid": {
							"type": "string",
							"format": "uuid",
							"description": "This is the unique identifier of the pack that this pack depends on. It needs to be the exact same UUID that the pack has defined in the header section of it's manifest file."
						},
						"version": {
							"$ref": "#/definitions/triple_integer",
							"description": "This is the specific version of the pack that your pack depends on. Should match the version the other pack has in its manifest file."
						}
					}
				}
			]
		},
		"metadata": {
			"type": "object",
			"properties": {
				"authors": {
					"type": "string",
					"description": "Name of the author(s) of the pack."
				},
				"license": {
					"type": "string",
					"description": "The license of the pack."
				},
				"url": {
					"type": "string",
					"format": "uri",
					"description": "The home website of your pack."
				}
			}
		},
		"capabilities": {
			"type": "array",
			"description": "These are the different features that the pack makes use of that aren't necessarily enabled by default.",
			"items": {
				"type": "string",
				"oneOf": [
					{
						"type": "string",
						"const": "experimental_custom_ui",
						"description": "Allows HTML files in the pack to be used for custom UI, and scripts in the pack to call and manipulate custom UI."
					},
					{
						"type": "string",
						"const": "chemistry",
						"description": "Allows the pack to add, change or replace Chemistry functionality."
					},
					{
						"type": "string",
						"const": "raytraced",
						"description": "Allows the pack to use ray tracing features."
					}
				]
			}
		},
		"subpacks": {
			"type": "array",
			"items": [
				{
					"type": "object",
					"properties": {
						"folder_name": {
							"type": "string",
							"description": "The name of the folder that this subpack references."
						},
						"name": {
							"type": "string",
							"description": "The name of the subpack shown in game."
						},
						"memory_tier": {
							"type": "number",
							"description": "This number specifies the order subpacks in game."
						}
					}
				}
			]
		}
	}
}
