{
	"format_version": "1.10.0",
	"minecraft:client_entity": {
		"description": {
			"identifier": "{{PROJECT_PREFIX}}:{{IDENTIFIER}}_projectile",
			"materials": {
				"default": "snowball"
			},
			"textures": {
				"default": "textures/items/{{PRESET_PATH}}{{IDENTIFIER}}"
			},
			"geometry": {
				"default": "geometry.item_sprite"
			},
			"render_controllers": ["controller.render.item_sprite"],
			"animations": {
				"flying": "animation.actor.billboard"
			},
			"scripts": {
				"animate": ["flying"]
			}
		}
	}
}
