{
	"$schema": "http://json-schema.org/draft-07/schema",
	"type": "object",
	"properties": {
		"age_bit": {
			"type": "boolean"
		},
		"age": {
			"type": "number",
			"enum": [0, 1, 2, 3, 4, 5, 6, 7, 8, 9, 10, 11, 12, 13, 14, 15]
		},
		"attatched_bit": {
			"type": "boolean"
		},
		"attatchment": {
			"type": "string",
			"enum": ["hanging", "multiple", "side", "standing"]
		},
		"allow_underwater_bit": {
			"type": "boolean"
		},
		"portal_axis": {
			"type": "string",
			"enum": ["unknown", "x", "z"]
		},
		"bite_counter": {
			"type": "integer",
			"enum": [0, 1, 2, 3, 4, 5, 6]
		},
		"bamboo_leaf_size": {
			"type": "string",
			"enum": ["large_leaves", "no_leaves", "small_leaves"]
		},
		"bamboo_stalk_thickness": {
			"type": "string",
			"enum": ["thick", "thin"]
		},
		"brewing_stand_slot_a_bit": {
			"type": "boolean"
		},
		"brewing_stand_slot_b_bit": {
			"type": "boolean"
		},
		"brewing_stand_slot_c_bit": {
			"type": "boolean"
		},
		"button_pressed_bit": {
			"type": "boolean"
		},
		"cauldron_liquid": {
			"type": "string",
			"enum": ["water", "lava"]
		},
		"color": {
			"type": "string",
			"enum": [
				"white",
				"orange",
				"magenta",
				"light_blue",
				"yellow",
				"lime",
				"pink",
				"gray",
				"silver",
				"cyan",
				"purple",
				"blue",
				"brown",
				"green",
				"red",
				"black"
			]
		},
		"conditional_bit": {
			"type": "boolean"
		},
		"covered_bit": {
			"type": "boolean"
		},
		"composter_fill_level": {
			"type": "integer",
			"enum": [0, 1, 2, 3, 4, 5, 6, 7, 8]
		},
		"chisel_type": {
			"type": "string",
			"enum": ["default", "chiseled", "lines", "smooth"]
		},
		"cluster_amount": {
			"type": "integer",
			"enum": [0, 1, 2, 3]
		},
		"cracked_state": {
			"type": "string",
			"enum": ["cracked", "max_cracked", "no_cracks"]
		},
		"damage": {
			"type": "string",
			"enum": ["undamaged", "slightly_damaged", "very_damaged", "broken"]
		},
		"disarmed_bit": {
			"type": "boolean"
		},
		"dead_bit": {
			"type": "boolean"
		},
		"drag_down": {
			"type": "boolean"
		},
		"door_hinge_bit": {
			"type": "boolean"
		},
		"upper_block_bit": {
			"type": "boolean"
		},
		"direction": {
			"type": "integer",
			"enum": [0, 1, 2, 3]
		},
		"double_flower_type": {
			"type": "string",
			"enum": [
				"fern",
				"grass",
				"paeonia",
				"rose",
				"sunflower",
				"syringia"
			]
		},
		"end_portal_eye_bit": {
			"type": "boolean"
		},
		"explode_bit": {
			"type": "boolean"
		},
		"extinguished": {
			"type": "boolean"
		},
		"facing_direction": {
			"type": "integer",
			"enum": [0, 1, 2, 3, 4, 5]
		},
		"facing_bit": {
			"type": "integer",
			"enum": [0, 1, 2, 3]
		},
		"fill_level": {
			"type": "integer",
			"enum": [0, 1, 2, 3, 4, 5, 6]
		},
		"flower_type": {
			"type": "string",
			"enum": [
				"allium",
				"cornflower",
				"houstonia",
				"lily_Of_the_valley",
				"orchid",
				"oxeye",
				"poppy",
				"tulip_orange",
				"tulip_pink",
				"tulip_red",
				"tulip_white"
			]
		},
		"growth": {
			"type": "integer",
			"enum": [0, 1, 2, 3, 4, 5, 6, 7]
		},
		"ground_sign_direction": {
			"type": "integer",
			"enum": [0, 1, 2, 3, 4, 5, 6, 7, 8, 9, 10, 11, 12, 13, 14, 15]
		},
		"hanging": {
			"type": "boolean"
		},
		"head_piece_bit": {
			"type": "boolean"
		},
		"head_bit": {
			"type": "boolean"
		},
		"height": {
			"type": "integer",
			"enum": [0, 1, 2, 3, 4, 5, 6, 7]
		},
		"huge_mushroom_bit": {
			"type": "integer",
			"enum": [0, 1, 2, 3, 4, 5, 6, 7, 8, 9, 10, 11, 12, 13, 14, 15]
		},
		"infiniburn_bit": {
			"type": "boolean"
		},
		"in_wall_bit": {
			"type": "boolean"
		},
		"liquid_depth": {
			"type": "integer",
			"enum": [0, 1, 2, 3, 4, 5, 6, 7, 8, 9, 10, 11, 12, 13, 14, 15]
		},
		"lever_direction": {
			"type": "string",
			"enum": [
				"down_east_west",
				"down_north_south",
				"east",
				"north",
				"south",
				"up_east_west",
				"up_north_south",
				"west"
			]
		},
		"moisturized_amount": {
			"type": "integer",
			"enum": [0, 1, 2, 3, 4, 5, 6, 7]
		},
		"mode": {
			"type": "string",
			"enum": ["corner", "data", "export", "invalid", "load", "save"]
		},
		"no_drop_bit": {
			"type": "boolean"
		},
		"new_leaf_type": {
			"type": "string",
			"enum": ["acacia", "dark_oak"]
		},
		"new_log_type": {
			"type": "string",
			"enum": ["acacia", "dark_oak"]
		},
		"occupied_bit": {
			"type": "boolean"
		},
		"open_bit": {
			"type": "boolean"
		},
		"old_leaf_type": {
			"type": "string",
			"enum": ["oak", "spruce", "birch", "jungle"]
		},
		"old_log_type": {
			"type": "string",
			"enum": ["oak", "spruce", "birch", "jungle"]
		},
		"output_subtract_bit": {
			"type": "boolean"
		},
		"output_lit_bit": {
			"type": "boolean"
		},
		"persistent_bit": {
			"type": "boolean"
		},
		"powerer_bit": {
			"type": "boolean"
		},
		"pillar_axis": {
			"type": "string",
			"enum": ["x", "y", "z"]
		},
		"rail_data_bit": {
			"type": "boolean"
		},
		"rail_direction": {
			"type": "integer",
			"enum": [0, 1, 2, 3, 4, 5, 6, 7, 8]
		},
		"redstone_signal": {
			"type": "integer",
			"enum": [0, 1, 2, 3, 4, 5, 6, 7, 8, 9, 10, 11, 12, 13, 14, 15]
		},
		"repeater_delay": {
			"type": "integer",
			"enum": [0, 1, 2, 3]
		},
		"stone_type": {
			"type": "string",
			"enum": [
				"andesite",
				"andesite_smooth",
				"stone",
				"granite",
				"granite_smooth",
				"diorite",
				"diorite_smooth"
			]
		},
		"stability": {
			"type": "integer",
			"enum": [0, 1, 2, 3, 4, 5, 6, 7]
		},
		"stability_check": {
			"type": "boolean"
		},
		"sapling_type": {
			"type": "string",
			"enum": ["acacia", "birch", "dark_oak", "jungle", "oak", "spruce"]
		},
		"sea_grass_type": {
			"type": "string",
			"enum": ["default", "double_bot", "double_top"]
		},
		"stone_slab_type": {
			"type": "string",
			"enum": [
				"brick",
				"cobblestone",
				"nether_brick",
				"quartz",
				"sandstone",
				"smooth_stone",
				"stone_brick",
				"wood"
			]
		},
		"stone_slab_type_2": {
			"type": "string",
			"enum": [
				"mossy_cobblestone",
				"prismarine_brick",
				"prismarine_drk",
				"prismarine_rough",
				"purpur",
				"red_nether_brick",
				"red_sandstone",
				"smooth_sandstone"
			]
		},
		"stone_slab_type_3": {
			"type": "string",
			"enum": [
				"andesite",
				"diorite",
				"end_stone_brick",
				"granite",
				"polished_diorite",
				"polished_andesite",
				"polished_granite",
				"smooth_red_sandstone"
			]
		},
		"stone_slab_type_4": {
			"type": "string",
			"enum": [
				"cut_red_sandstone",
				"cut_sandstone",
				"mossy_stone_brick",
				"smooth_quartz",
				"stone"
			]
		},
		"structure_void_type": {
			"type": "string",
			"enum": ["air", "void"]
		},
		"stripped_bit": {
			"type": "boolean"
		},
		"suspended_bit": {
			"type": "boolean"
		},
		"tall_grass_type": {
			"type": "string",
			"enum": ["default", "tall", "fern", "snow"]
		},
		"toggle_bit": {
			"type": "boolean"
		},
		"triggered_bit": {
			"type": "boolean"
		},
		"torch_facing_direction": {
			"type": "string",
			"enum": ["top", "east", "north", "south", "unknown", "west"]
		},
		"top_slot_bit": {
			"type": "boolean"
		},
		"tutle_egg_count": {
			"type": "string",
			"enum": ["one_egg", "two_egg", "three_egg", "four_egg"]
		},
		"update_bit": {
			"type": "boolean"
		},
		"upsdide_down_bit": {
			"type": "boolean"
		},
		"wood_type": {
			"type": "string",
			"enum": ["acacia", "birch", "dark_oak", "jungle", "oak", "spruce"]
		},
		"vine_direction_bits": {
			"type": "integer",
			"enum": [0, 1, 2, 3, 4, 5, 6, 7, 8, 9, 10, 11, 12, 13, 14, 15]
		},
		"weirdo_direction": {
			"type": "string",
			"enum": [0, 1, 2, 3]
		},
		"wall_block_type": {
			"type": "string",
			"enum": [
				"andesite",
				"brick",
				"cobblestone",
				"diorite",
				"end_brick",
				"granite",
				"mossy_cobblestone",
				"mossy_stone_brick",
				"nether_brick",
				"prismarine",
				"red_nether_brick",
				"red_sandstone",
				"sandstone",
				"stone_brick"
			]
		}
	}
}
