{
	"format_version": "1.8.0",
	"geometry.{{IDENTIFIER}}": {
		"visible_bounds_width": 2.5,
		"visible_bounds_height": 1,
		"visible_bounds_offset": [
			0,
			0.5,
			0
		],
		"texturewidth": 64,
		"textureheight": 32,
		"bones": [
			{
				"pivot": [
					0,
					9,
					-9
				],
				"locators": {
					"lead": [
						0,
						9,
						-9
					]
				},
				"cubes": [
					{
						"origin": [
							-2.5,
							7,
							-12
						],
						"size": [
							5,
							4,
							5
						],
						"uv": [
							0,
							0
						]
					},
					{
						"origin": [
							-1.5,
							7.01562,
							-13
						],
						"size": [
							3,
							2,
							2
						],
						"uv": [
							0,
							24
						]
					},
					{
						"origin": [
							-2,
							11,
							-9
						],
						"size": [
							1,
							1,
							2
						],
						"uv": [
							0,
							10
						]
					},
					{
						"origin": [
							1,
							11,
							-9
						],
						"size": [
							1,
							1,
							2
						],
						"uv": [
							6,
							10
						]
					}
				],
				"name": "head",
				"parent": "body"
			},
			{
				"pivot": [
					0,
					7,
					1
				],
				"bind_pose_rotation": [
					90,
					0,
					0
				],
				"cubes": [
					{
						"origin": [
							-2,
							-1,
							-2
						],
						"size": [
							4,
							16,
							6
						],
						"uv": [
							20,
							0
						]
					}
				],
				"name": "body"
			},
			{
				"pivot": [
					0,
					9,
					8
				],
				"bind_pose_rotation": [
					90,
					0,
					0
				],
				"cubes": [
					{
						"origin": [
							-0.5,
							1,
							8
						],
						"size": [
							1,
							8,
							1
						],
						"uv": [
							0,
							15
						]
					}
				],
				"name": "tail1",
				"parent": "body"
			},
			{
				"pivot": [
					0,
					9,
					16
				],
				"bind_pose_rotation": [
					90,
					0,
					0
				],
				"cubes": [
					{
						"origin": [
							-0.5,
							1,
							16
						],
						"size": [
							1,
							8,
							1
						],
						"uv": [
							4,
							15
						],
						"inflate": 0,
						"mirror": false
					}
				],
				"name": "tail2",
				"parent": "tail1"
			},
			{
				"pivot": [
					1.1,
					6,
					7
				],
				"cubes": [
					{
						"origin": [
							0.1,
							0,
							6
						],
						"size": [
							2,
							6,
							2
						],
						"uv": [
							8,
							13
						],
						"inflate": 0,
						"mirror": false
					}
				],
				"name": "backLegL",
				"parent": "body"
			},
			{
				"pivot": [
					-1.1,
					6,
					7
				],
				"cubes": [
					{
						"origin": [
							-2.1,
							0,
							6
						],
						"size": [
							2,
							6,
							2
						],
						"uv": [
							8,
							13
						],
						"inflate": 0,
						"mirror": false
					}
				],
				"name": "backLegR",
				"parent": "body"
			},
			{
				"pivot": [
					1.2,
					10,
					-4
				],
				"cubes": [
					{
						"origin": [
							0.2,
							0.2,
							-5
						],
						"size": [
							2,
							10,
							2
						],
						"uv": [
							40,
							0
						],
						"inflate": 0,
						"mirror": false
					}
				],
				"name": "frontLegL",
				"parent": "body"
			},
			{
				"pivot": [
					-1.2,
					10,
					-4
				],
				"cubes": [
					{
						"origin": [
							-2.2,
							0.2,
							-5
						],
						"size": [
							2,
							10,
							2
						],
						"uv": [
							40,
							0
						],
						"inflate": 0,
						"mirror": false
					}
				],
				"name": "frontLegR",
				"parent": "body"
			}
		]
	}
}