{
  "format_version": "1.16.100",
  "minecraft:item": {
    "description": {
      "identifier": "{{PROJECT_PREFIX}}:{{IDENTIFIER}}",
      "category": "nature"
    },

    "components": {
      "minecraft:use_duration": 32,
      "minecraft:food": {
        "nutrition": 4,
        "saturation_modifier": "low"
      },
      "minecraft:icon": {
        "texture": "{{PROJECT_PREFIX}}_{{IDENTIFIER}}"
      },
      "minecraft:use_animation": "eat",
      "minecraft:render_offsets": "apple"
    }
  }
}