[
	{
		"cacheKey": "identifier",
		"path": "minecraft:attachable/description/identifier"
	},
	{
		"cacheKey": "itemIdentifier",
		"path": "minecraft:attachable/description/item"
	},
	{
		"cacheKey": "particleReference",
		"path": [
			"minecraft:attachable/description/particle_effects",
			"minecraft:attachable/description/particle_emitters"
		]
	},
	{
		"cacheKey": "animationReference",
		"path": "minecraft:attachable/description/animations"
	},
	{
		"cacheKey": "textureReference",
		"path": "minecraft:attachable/description/textures"
	},
	{
		"cacheKey": "materialReference",
		"path": "minecraft:attachable/description/materials"
	},
	{
		"cacheKey": "geometryReference",
		"path": "minecraft:attachable/description/geometry"
	},
	{
		"cacheKey": "soundEffectReference",
		"path": "minecraft:attachable/description/sound_effect"
	},
	{
		"cacheKey": "particleIdentifier",
		"path": [
			"minecraft:attachable/description/particle_effects/*",
			"minecraft:attachable/description/particle_emitters/*"
		]
	},
	{
		"cacheKey": "animationIdentifier",
		"path": "minecraft:attachable/description/animations/*"
	},
	{
		"cacheKey": "texturePath",
		"path": "minecraft:attachable/description/textures/*",
		"script": "return await Bridge.withExtension('RP/' + Bridge.value, ['.tga', '.png', '.jpg', '.jpeg'])"
	},
	{
		"cacheKey": "materialIdentifier",
		"path": "minecraft:attachable/description/materials/*"
	},
	{
		"cacheKey": "geometryIdentifier",
		"path": "minecraft:attachable/description/geometry/*"
	},
	{
		"cacheKey": "soundEffectIdentifier",
		"path": "minecraft:attachable/description/sound_effect/*"
	},
	{
		"cacheKey": "renderControllerIdentifier",
		"path": "minecraft:attachable/description/render_controllers/*"
	}
]
