[
	{
		"cacheKey": "identifier",
		"path": "minecraft:entity/description/identifier"
	},
	{ "cacheKey": "event", "path": "minecraft:entity/events" },
	{
		"cacheKey": "eventReference",
		"pathScript": "return Bridge.paths.map(path => [`*/components/${path}/**/event`, `*/component_groups/*/${path}/**/event`]).flat()",
		"path": [
			"minecraft:behavior.admire_item",
			"minecraft:behavior.avoid_block",
			"minecraft:behavior.avoid_mob_type",
			"minecraft:behavior.celebrate",
			"minecraft:behavior.defend_trusted_target",
			"minecraft:behavior.drop_item_for",
			"minecraft:behavior.eat_block",
			"minecraft:behavior.go_home",
			"minecraft:behavior.knockback_roar",
			"minecraft:behavior.lay_egg",
			"minecraft:behavior.melee_attack",
			"minecraft:behavior.move_to_block",
			"minecraft:behavior.work",
			"minecraft:behavior.ram_attack",
			"minecraft:drying_out_timer",
			"minecraft:timer",
			"minecraft:environment_sensor",
			"minecraft:ageable",
			"minecraft:angry",
			"minecraft:attack_cooldown",
			"minecraft:breedable",
			"minecraft:damage_sensor",
			"minecraft:equippable",
			"minecraft:genetics",
			"minecraft:giveable",
			"minecraft:interact",
			"minecraft:leashable",
			"minecraft:lookat",
			"minecraft:nameable",
			"minecraft:on_death",
			"minecraft:on_friendly_anger",
			"minecraft:on_hurt",
			"minecraft:on_hurt_by_player",
			"minecraft:on_ignite",
			"minecraft:on_start_landing",
			"minecraft:on_start_takeoff",
			"minecraft:on_target_acquired",
			"minecraft:on_target_escape",
			"minecraft:on_wake_with_owner",
			"minecraft:peek",
			"minecraft:projectile",
			"minecraft:raid_trigger",
			"minecraft:rail_sensor",
			"minecraft:ravager_blocked",
			"minecraft:scheduler",
			"minecraft:sittable",
			"minecraft:tameable",
			"minecraft:tamemount",
			"minecraft:target_nearby_sensor",
			"minecraft:trusting"
		]
	},
	{
		"cacheKey": "componentGroup",
		"path": "minecraft:entity/component_groups"
	},
	{
		"cacheKey": "animation",
		"path": "minecraft:entity/description/animations"
	},
	{
		"cacheKey": "family",
		"path": [
			"minecraft:entity/components/minecraft:type_family/family",
			"minecraft:entity/component_groups/*/minecraft:type_family/family"
		]
	},
	{
		"cacheKey": "lootTablePath",
		"path": [
			"minecraft:entity/components/minecraft:loot/table",
			"minecraft:entity/component_groups/*/minecraft:loot/table",
			"minecraft:entity/components/minecraft:behavior.sneeze/loot_table",
			"minecraft:entity/component_groups/*/minecraft:behavior.sneeze/loot_table",
			"minecraft:entity/components/minecraft:barter/barter_table",
			"minecraft:entity/component_groups/*/minecraft:barter/barter_table",

			"minecraft:entity/components/minecraft:interact/interactions/add_items/table",
			"minecraft:entity/component_groups/*/minecraft:interact/interactions/add_items/table",
			"minecraft:entity/components/minecraft:interact/interactions/*/add_items/table",
			"minecraft:entity/component_groups/*/minecraft:interact/interactions/*/add_items/table",

			"minecraft:entity/components/minecraft:interact/interactions/spawn_items/table",
			"minecraft:entity/component_groups/*/minecraft:interact/interactions/spawn_items/table",
			"minecraft:entity/components/minecraft:interact/interactions/*/spawn_items/table",
			"minecraft:entity/component_groups/*/minecraft:interact/interactions/*/spawn_items/table"
		],
		"script": "return `BP/${Bridge.value}`"
	},
	{
		"cacheKey": "tradeTablePath",
		"path": [
			"minecraft:entity/components/minecraft:trade_table/table",
			"minecraft:entity/component_groups/*/minecraft:trade_table/table",
			"minecraft:entity/components/minecraft:economy_trade_table/table",
			"minecraft:entity/component_groups/*/minecraft:economy_trade_table/table"
		],
		"script": "return `BP/${Bridge.value}`"
	},
	{
		"cacheKey": "functionPath",
		"path": "minecraft:entity/events/*/run_command",
		"script": "const func = /\\/function\\s+([aA-zZ0-9\\/]+)/g.exec(Bridge.value); if(func) return `BP/functions/${func[1]}.mcfunction`"
	},
	{
		"cacheKey": "animationIdentifier",
		"path": "minecraft:entity/description/animations/*"
	}
]
