[
	{
		"cacheKey": "identifier",
		"path": "minecraft:item/description/identifier"
	},
	{ "cacheKey": "event", "path": "minecraft:item/events" },
	{
		"cacheKey": "eventReference",
		"pathScript": "return Bridge.paths.map(path => [`*/components/${path}/**/event`]).flat()",
		"path": [
			"minecraft:weapon",
			"minecraft:repairable",
			"minecraft:on_use_on",
			"minecraft:on_use",
			"minecraft:digger",
			"minecraft:food"
		]
	},
	{
		"cacheKey": "itemTexture",
		"path": "minecraft:item/components/minecraft:icon/texture"
	},
	{
		"cacheKey": "tag",
		"path": "minecraft:item/components",
		"script": "if(Bridge.value.startsWith('tag:')) return Bridge.value.replace('tag:', '')"
	},
	{
		"cacheKey": "lootTablePath",
		"path": "minecraft:item/events/*/spawn_loot/table",
		"script": "return 'BP/' + Bridge.value"
	}
]
