[
	{
		"cacheKey": "identifier",
		"path": "minecraft:item/description/identifier"
	},
	{ "cacheKey": "event", "path": "minecraft:item/events" },
	{
		"cacheKey": "itemTexture",
		"path": "minecraft:item/components/minecraft:icon/texture"
	},
	{
		"cacheKey": "tag",
		"path": "minecraft:item/components",
		"script": "if(Bridge.value.startsWith('tag:')) return Bridge.value.replace('tag:', '')"
	},
	{
		"cacheKey": "lootTablePath",
		"path": "minecraft:item/events/*/spawn_loot/table",
		"script": "return 'BP/' + Bridge.value"
	}
]
