{
	"$schema": "http://json-schema.org/draft-07/schema",
	"allOf": [
		{
			"properties": {
				"randomize": {
					"type": "array",
					"items": {
						"allOf": [
							{
								"properties": {
									"weight": { "type": "number" }
								}
							},
							{
								"$ref": "#"
							}
						]
					}
				},
				"sequence": {
					"type": "array",
					"items": {
						"allOf": [
							{
								"properties": {
									"condition": { "type": "string" }
								}
							},
							{
								"$ref": "#"
							}
						]
					}
				}
			}
		},
		{
			"$ref": "../../event/damage.json"
		},
		{
			"$ref": "../../event/decrementStack.json"
		},
		{
			"$ref": "../../event/die.json"
		},
		{
			"$ref": "../../event/mobEffect.json"
		},
		{
			"$ref": "../../event/playEffect.json"
		},
		{
			"$ref": "../../event/playSound.json"
		},
		{
			"$ref": "../../event/runCommand.json"
		},
		{
			"$ref": "../../event/setBlock.json"
		},
		{
			"$ref": "../../event/setBlockProperty.json"
		},
		{
			"$ref": "../../event/spawnLoot.json"
		},
		{
			"$ref": "../../event/swing.json"
		},
		{
			"$ref": "../../event/teleport.json"
		},
		{
			"$ref": "../../event/transformItem.json"
		},
		{
			"$ref": "../../event/trigger.json"
		}
	]
}
