[
	// BP FILES
	{
		"id": "manifest",
		"icon": "mdi-alpha-m-box-outline",
		"matcher": "BP/manifest.json",
		"schema": "https://raw.githubusercontent.com/bridge-core/data/next/packages/schema/manifest/main.json"
	},
	{
		"id": "animation",
		"scope": "BP/animations",
		"icon": "mdi-movie-open-outline",
		"matcher": ["BP/animations/**/*.json", "BP/animations/*.json"],
		"schema": "https://raw.githubusercontent.com/bridge-core/data/next/packages/schema/animation/server.json",
		"lightningCache": "animation.json",
		"packSpider": "animation.json"
	},
	{
		"id": "animationController",
		"icon": "mdi-movie-search-outline",
		"scope": "BP/animation_controllers",
		"matcher": [
			"BP/animation_controllers/**/*.json",
			"BP/animation_controllers/*.json"
		],
		"schema": "https://raw.githubusercontent.com/bridge-core/data/next/packages/schema/animation_controller/server.json",
		"lightningCache": "animationController.json",
		"packSpider": "animationController.json"
	},
	{
		"id": "biome",
		"icon": "mdi-earth-box",
		"scope": "BP/biomes",
		"matcher": ["BP/biomes/**/*.json", "BP/biomes/*.json"],
		"schema": "https://raw.githubusercontent.com/bridge-core/data/next/packages/schema/biome/main.json",
		"lightningCache": "biome.json"
	},
	{
		"id": "block",
		"icon": "mdi-cube-outline",
		"scope": "BP/blocks",
		"matcher": ["BP/blocks/**/*.json", "BP/blocks/*.json"],
		"schema": "https://raw.githubusercontent.com/bridge-core/data/next/packages/schema/block/main.json",
		"lightningCache": "block.json",
		"packSpider": "block.json"
	},
	{
		"id": "entity",
		"icon": "mdi-minecraft",
		"scope": "BP/entities",
		"matcher": ["BP/entities/**/*.json", "BP/entities/*.json"],
		"schema": "https://raw.githubusercontent.com/bridge-core/data/next/packages/schema/entity/main.json",
		"packSpider": "entity.json",
		"lightningCache": "entity.json"
	},
	{
		"id": "feature",
		"icon": "mdi-flower",
		"scope": "BP/features",
		"matcher": "BP/features/*.json",
		"schema": "https://raw.githubusercontent.com/bridge-core/data/next/packages/schema/feature/main.json",
		"lightningCache": "feature.json"
	},
	{
		"id": "featureRule",
		"icon": "mdi-map-plus",
		"scope": "BP/feature_rules",
		"matcher": "BP/feature_rules/*.json",
		"schema": "https://raw.githubusercontent.com/bridge-core/data/next/packages/schema/feature_rule/main.json"
	},
	{
		"id": "functionTick",
		"matcher": "BP/functions/tick.json",
		"schema": "https://raw.githubusercontent.com/bridge-core/data/next/packages/schema/simple/tick.json"
	},
	{
		"id": "function",
		"icon": "mdi-function",
		"scope": "BP/functions",
		"matcher": [
			"BP/functions/**/*.mcfunction",
			"BP/functions/*.mcfunction"
		],
		"packSpider": "function.json"
	},
	{
		"id": "item",
		"icon": "mdi-sword",
		"scope": "BP/items",
		"matcher": ["BP/items/**/*.json", "BP/items/*.json"],
		"schema": "https://raw.githubusercontent.com/bridge-core/data/next/packages/schema/item/main.json",
		"lightningCache": "item.json",
		"packSpider": "item.json"
	},
	{
		"id": "lootTable",
		"icon": "mdi-skull-outline",
		"scope": "BP/loot_tables",
		"matcher": ["BP/loot_tables/**/*.json", "BP/loot_tables/*.json"],
		"schema": "https://raw.githubusercontent.com/bridge-core/data/next/packages/schema/lootTable/main.json"
	},
	{
		"id": "recipe",
		"icon": "mdi-book-outline",
		"scope": "BP/recipes",
		"matcher": ["BP/recipes/**/*.json", "BP/recipes/*.json"],
		"schema": "https://raw.githubusercontent.com/bridge-core/data/next/packages/schema/recipe/main.json",
		"lightningCache": "recipe.json"
	},
	{
		"id": "script",
		"icon": "mdi-language-javascript",
		"matcher": "BP/scripts/**/*.js"
	},
	{
		"id": "spawnRule",
		"icon": "mdi-egg-outline",
		"scope": "BP/spawn_rules",
		"matcher": ["BP/spawn_rules/**/*.json", "BP/spawn_rules/*.json"],
		"schema": "https://raw.githubusercontent.com/bridge-core/data/next/packages/schema/spawnRule/main.json",
		"lightningCache": "spawnRule.json"
	},
	{
		"id": "mcstructure",
		"icon": "mdi-castle",
		"scope": "BP/structures",
		"matcher": [
			"BP/structures/**/*.mcstructure",
			"BP/structures/*.mcstructure"
		]
	},
	{
		"id": "tradeTable",
		"icon": "mdi-store-outline",
		"scope": "BP/trading",
		"matcher": ["BP/trading/**/*.json", "BP/trading/*.json"],
		"schema": "https://raw.githubusercontent.com/bridge-core/data/next/packages/schema/tradeTable/main.json"
	},

	// RP FILES
	{
		"id": "clientManifest",
		"icon": "mdi-alpha-m-box-outline",
		"matcher": "RP/manifest.json",
		"schema": "https://raw.githubusercontent.com/bridge-core/data/next/packages/schema/manifest/main.json"
	},
	{
		"id": "geometry",
		"matcher": [
			"RP/models/entity/**/*.json",
			"RP/models/block/**/*.json",
			"RP/models/entity/*.json",
			"RP/models/block/*.json",
			"RP/models/mobs.json"
		],
		"scope": "RP/models",
		"lightningCache": "model.json"
	},
	{
		"id": "clientAnimation",
		"icon": "mdi-movie-open-outline",
		"scope": "RP/animations",
		"matcher": ["RP/animations/**/*.json", "RP/animations/*.json"],
		"schema": "https://raw.githubusercontent.com/bridge-core/data/next/packages/schema/animation/client.json",
		"lightningCache": "clientAnimation.json"
	},
	{
		"id": "clientAnimationController",
		"icon": "mdi-movie-search-outline",
		"scope": "RP/animation_controllers",
		"matcher": [
			"RP/animation_controllers/**/*.json",
			"RP/animation_controllers/*.json"
		],
		"schema": "https://raw.githubusercontent.com/bridge-core/data/next/packages/schema/animationController/client.json",
		"lightningCache": "clientAnimationController.json"
	},
	{
		"id": "attachable",
		"icon": "mdi-hat-fedora",
		"scope": "RP/attachables",
		"matcher": ["RP/attachables/**/*.json", "RP/attachables/*.json"],
		"schema": "https://raw.githubusercontent.com/bridge-core/data/next/packages/schema/attachable/main.json",
		"lightningCache": "attachable.json"
	},
	{
		"id": "clientEntity",
		"icon": "mdi-minecraft",
		"scope": "RP/entity",
		"matcher": ["RP/entity/**/*.json", "RP/entity/*.json"],
		"schema": "https://raw.githubusercontent.com/bridge-core/data/next/packages/schema/clientEntity/main.json",
		"packSpider": "clientEntity.json",
		"lightningCache": "clientEntity.json"
	},
	{
		"id": "clientItem",
		"icon": "mdi-sword",
		"scope": "RP/items",
		"target_version": "$project_target_version < 1.16.100",
		"matcher": ["RP/items/**/*.json", "RP/items/*.json"],
		"schema": "https://raw.githubusercontent.com/bridge-core/data/next/packages/schema/clientItem/main.json",
		"lightningCache": "clientItem.json"
	},
	{
		"id": "fog",
		"icon": "mdi-weather-fog",
		"scope": "RP/fogs",
		"target_version": "$project_target_version >= 1.16.100",
		"matcher": ["RP/fogs/**/*.json", "RP/fogs/*.json"],
		"schema": "https://raw.githubusercontent.com/bridge-core/data/next/packages/schema/fog/main.json",
		"lightningCache": "fog.json"
	},
	{
		"id": "particle",
		"icon": "mdi-snowflake",
		"scope": "RP/particles",
		"matcher": ["RP/particles/**/*.json", "RP/particles/*.json"],
		"schema": "https://raw.githubusercontent.com/bridge-core/data/next/packages/schema/particle/main.json",
		"lightningCache": "particle.json"
	},
	{
		"id": "renderController",
		"icon": "mdi-pentagon-outline",
		"scope": "RP/render_controllers",
		"matcher": [
			"RP/render_controllers/**/*.json",
			"RP/render_controllers/*.json"
		],
		"schema": "https://raw.githubusercontent.com/bridge-core/data/next/packages/schema/renderController/main.json",
		"lightningCache": "renderController.json"
	},
	{
		"id": "textureSet",
		"icon": "mdi-format-list-bulleted",
		"matcher": [
			"RP/textures/blocks/**/*.json",
			"RP/textures/blocks/*.json"
		],
		"schema": "https://raw.githubusercontent.com/bridge-core/data/next/packages/schema/textureSet/main.json"
	},
	// SIMPLE RP FILES
	{
		"id": "itemTexture",
		"matcher": "RP/textures/item_texture.json",
		"schema": "https://raw.githubusercontent.com/bridge-core/data/next/packages/schema/simple/itemTextures.json",
		"lightningCache": "itemTexture.json"
	},
	{
		"id": "clientBlock",
		"matcher": "RP/blocks.json",
		"schema": "https://raw.githubusercontent.com/bridge-core/data/next/packages/schema/simple/blocks.json"
	},
	{
		"id": "terrainTexture",
		"matcher": "RP/textures/terrain_texture.json",
		"schema": "https://raw.githubusercontent.com/bridge-core/data/next/packages/schema/simple/terrainTexture.json",
		"lightningCache": "terrainTexture.json"
	},
	{
		"id": "flipbookTexture",
		"matcher": "RP/textures/flipbook_textures.json",
		"schema": "https://raw.githubusercontent.com/bridge-core/data/next/packages/schema/simple/flipbookTexture.json",
		"lightningCache": "flipbookTexture.json"
	},
	{
		"id": "clientBiome",
		"matcher": "RP/biomes_client.json",
		"schema": "https://raw.githubusercontent.com/bridge-core/data/next/packages/schema/simple/biomesClient.json"
	},
	{
		"id": "soundDefinition",
		"matcher": "RP/sounds/sound_definitions.json",
		"schema": "https://raw.githubusercontent.com/bridge-core/data/next/packages/schema/simple/soundDefinitions.json",
		"lightningCache": "soundDefinition.json"
	},
	{
		"id": "clientSound",
		"matcher": "RP/sounds.json",
		"schema": "https://raw.githubusercontent.com/bridge-core/data/next/packages/schema/simple/sounds.json"
	},

	// SP FILES
	{
		"id": "skins",
		"matcher": "SP/skins.json",
		"schema": "https://raw.githubusercontent.com/bridge-core/data/next/packages/schema/simple/skins.json"
	},

	// COMMON FILES
	{
		"id": "langDef",
		"matcher": "*/texts/languages.json",
		"schema": "https://raw.githubusercontent.com/bridge-core/data/next/packages/schema/simple/langDef.json"
	},
	{
		"id": "lang",
		"icon": "mdi-web",
		"matcher": "*/texts/**/*.lang"
	},
	{
		"id": "molang",
		"icon": "mdi-alpha-m",
		"matcher": ["*/molang/**/*.molang", "*/molang/*.molang"]
	},

	// BRIDGE PLUGINS
	{
		"id": "plugin_manifest",
		"matcher": "BP/bridge/plugins/*/manifest.json",
		"schema": "https://raw.githubusercontent.com/bridge-core/data/next/packages/schema/plugins/manifest/main.json"
	},
	{
		"id": "theme",
		"matcher": "BP/bridge/plugins/*/themes/*.json",
		"schema": "https://raw.githubusercontent.com/bridge-core/data/next/packages/schema/plugins/theme/main.json"
	},
	{
		"id": "preset_manifest",
		"matcher": "BP/bridge/plugins/*/presets/*/manifest.json",
		"schema": "https://raw.githubusercontent.com/bridge-core/data/next/packages/schema/plugins/preset/manifest.json"
	}
]
