{
	"sound_definitions": {
		"mob.{{IDENTIFIER}}.aggressive": {
			"category": "neutral",
			"max_distance": 8,
			"sounds": [
				{
					"name": "sounds/mob/bee/aggressive1",
					"load_on_low_memory": true
				},
				"sounds/mob/bee/aggressive2",
				"sounds/mob/bee/aggressive3"
			]
		},
		"mob.{{IDENTIFIER}}.death": {
			"category": "neutral",
			"sounds": [
				{
					"name": "sounds/mob/bee/death1",
					"load_on_low_memory": true
				},
				"sounds/mob/bee/death2"
			]
		},
		"mob.{{IDENTIFIER}}.hurt": {
			"category": "neutral",
			"sounds": [
				"sounds/mob/bee/hurt1",
				{
					"name": "sounds/mob/bee/hurt2",
					"load_on_low_memory": true
				},
				"sounds/mob/bee/hurt3"
			]
		},
		"mob.{{IDENTIFIER}}.loop": {
			"category": "neutral",
			"max_distance": 6,
			"sounds": [
				"sounds/mob/bee/loop1",
				"sounds/mob/bee/loop2",
				"sounds/mob/bee/loop3",
				"sounds/mob/bee/loop4",
				{
					"name": "sounds/mob/bee/loop5",
					"load_on_low_memory": true
				}
			]
		},
		"mob.{{IDENTIFIER}}.pollinate": {
			"category": "neutral",
			"max_distance": 12,
			"sounds": [
				{
					"name": "sounds/mob/bee/pollinate1",
					"load_on_low_memory": true
				},
				"sounds/mob/bee/pollinate2",
				"sounds/mob/bee/pollinate3",
				"sounds/mob/bee/pollinate4"
			]
		},
		"mob.{{IDENTIFIER}}.sting": {
			"category": "neutral",
			"sounds": ["sounds/mob/bee/sting"]
		}
	}
}
