{
    "format_version": "$general.format_version",
    "minecraft:feature_rules": {
        "description": {
            "identifier": "$general.file_identifier",
            "places_feature": {
                "@meta": { "is_value": true },
                "@import.value.feature_ref": "$dynamic.biome.feature_references"
            }
        },
        "conditions": {
            "placement_pass": "$feature_rule.general.passes",
            "minecraft:biome_filter": "$spawn_rule.components.minecraft:biome_filter"
        },
        "distribution": {
            "iterations": "$general.number",
            "coordinate_eval_order": "$feature.general.coordinate_eval_orders",
            "scatter_chance": "$feature.main.minecraft:scatter_feature.scatter_chance",
            "x": "$feature.main.minecraft:scatter_feature.x",
            "y": "$feature.main.minecraft:scatter_feature.x",
            "z": "$feature.main.minecraft:scatter_feature.x"
        }
    }
}