{
	"$schema": "http://json-schema.org/draft-07/schema",
	"properties": {
		"animal": {},
		"bamboo": {},
		"beach": {},
		"birch": {},
		"cold": {},
		"deep": {},
		"desert": {},
		"edge": {},
		"extreme_hills": {},
		"flower_forest": {},
		"frozen": {},
		"hills": {},
		"ice": {},
		"ice_plains": {},
		"jungle": {},
		"forest": {},
		"lukewarm": {},
		"mega": {},
		"mesa": {},
		"monster": {},
		"mooshroom_island": {},
		"mountain": {},
		"mutated": {},
		"nether": {},
		"no_legacy_worldgen": {},
		"ocean": {},
		"overworld": {},
		"overworld_generation": {},
		"plains": {},
		"plateau": {},
		"savanna": {},
		"swamp": {},
		"rare": {},
		"river": {},
		"roofed": {},
		"shore": {},
		"stone": {},
		"taiga": {},
		"warm": {},
		"snowy_slopes": {},
		"mountains": {},
		"mountain_meadow": {},
		"netherwart_forest": {},
		"crimson_forest": {},
		"warped_forest": {},
		"soulsand_valley": {},
		"nether_wastes": {},
		"basalt_deltas": {},
		"spawn_few_zombified_piglins": {},
		"spawn_piglin": {},
		"spawn_endermen": {},
		"spawn_ghast": {},
		"spawn_magma_cubes": {},
		"spawn_many_magma_cubes": {}
	}
}
