{
    "bridge:map_area": {
        "description": {
            "identifier": "$general.file_identifier",
            "subjects": {
                "$dynamic.list.next_index": "$general.entity_identifier"
            },
            "area": {
                "from": {
                    "$dynamic.list.index_triple": "$general.number"
                },
                "to": {
                    "$dynamic.list.index_triple": "$general.number"
                }
            }
        },
        "components": {
            "bridge:timer": {
                "time": "$general.number",
                "looping": "$general.boolean",
                "event": "$map_area.general.event"
            },
            "bridge:area_sensor": {
                "on_enter": "$map_area.general.event",
                "on_leave": "$map_area.general.event"
            }
        }
    }
}