{
	"format_version": "1.8.0",
	"minecraft:spawn_rules": {
		"description": {
			"identifier": "{{PROJECT_PREFIX}}:{{IDENTIFIER}}",
			"population_control": "animal"
		},
		"conditions": [
			{
				"minecraft:spawns_on_surface": {},
				"minecraft:spawns_on_block_filter": "minecraft:grass",
				"minecraft:brightness_filter": {
					"min": 7,
					"max": 15,
					"adjust_for_weather": false
				},
				"minecraft:weight": {
					"default": 10
				},
				"minecraft:herd": {
					"min_size": 1,
					"max_size": 2
				},
				"minecraft:biome_filter": [
					{
						"test": "has_biome_tag",
						"operator": "==",
						"value": "jungle"
					},
					{
						"test": "has_biome_tag",
						"operator": "!=",
						"value": "bamboo"
					}
				]
			},
			{
				"minecraft:spawns_on_surface": {},
				"minecraft:spawns_on_block_filter": "minecraft:grass",
				"minecraft:brightness_filter": {
					"min": 7,
					"max": 15,
					"adjust_for_weather": false
				},
				"minecraft:weight": {
					"default": 40
				},
				"minecraft:herd": {
					"min_size": 1,
					"max_size": 2
				},
				"minecraft:biome_filter": {
					"test": "has_biome_tag",
					"operator": "==",
					"value": "bamboo"
				}
			}
		]
	}
}