{
    "id": "bridge.easterEgg.halloween",
    "colorScheme": "light",
    "colors": {
        "text": "#000",
        "toolbar": "#e0e0e0",
        "expandedSidebar": "#FFFFFF",
        "sidebarNavigation": "#FFFFFF",
        "primary": "#dc2f02",
        "secondary": "#dc2f02",
        "accent": "#dc2f02",
        "error": "#d00000",
        "info": "#e85d04",
        "warning": "#FB8C00",
        "success": "#40916c",
        "background": "#fafafa",
        "menu": "#FFFFFF",
        "footer": "#f5f5f5",
        "tooltip": "#424242"
    },
    "highlighter": {
        "property": { "color": "#2d6a4f" },
        "keyword": { "color": "#dc2f02" },
        "definition": { "text_decoration": "underline" },
        "atom": { "color": "#f48c06" },
        "number": { "color": "#f48c06" },
        "string": { "color": "red" },
        "variable": { "color": "#03071e" },
        "variable_strong": { "color": "#03071e" },
        "meta": { "color": "#dc2f02" },
        "comment": { "color": "#ffba08" }
    },
    "monaco": {
        "editor.lineHighlightBackground": "#e0e0e0",
        "editorWidget.border":  "#e0e0e0"
    }
}