{
	"format_version": "1.13.0",
	"minecraft:entity": {
		"description": {
			"identifier": "{{PROJECT_PREFIX}}:{{IDENTIFIER}}",
			"is_spawnable": true,
			"is_summonable": true,
			"is_experimental": false,
			"runtime_identifier": "minecraft:tropicalfish"
		},
		"component_groups": {
			"{{PROJECT_PREFIX}}:{{IDENTIFIER}}_variant_a": {
				"minecraft:variant": {
					"value": 0
				}
			},
			"{{PROJECT_PREFIX}}:{{IDENTIFIER}}_variant_b": {
				"minecraft:variant": {
					"value": 1
				}
			},
			"{{PROJECT_PREFIX}}:{{IDENTIFIER}}_variant_pattern_1": {
				"minecraft:mark_variant": {
					"value": 0
				}
			},
			"{{PROJECT_PREFIX}}:{{IDENTIFIER}}_variant_pattern_2": {
				"minecraft:mark_variant": {
					"value": 1
				}
			},
			"{{PROJECT_PREFIX}}:{{IDENTIFIER}}_variant_pattern_3": {
				"minecraft:mark_variant": {
					"value": 2
				}
			},
			"{{PROJECT_PREFIX}}:{{IDENTIFIER}}_variant_pattern_4": {
				"minecraft:mark_variant": {
					"value": 3
				}
			},
			"{{PROJECT_PREFIX}}:{{IDENTIFIER}}_variant_pattern_5": {
				"minecraft:mark_variant": {
					"value": 4
				}
			},
			"{{PROJECT_PREFIX}}:{{IDENTIFIER}}_variant_pattern_6": {
				"minecraft:mark_variant": {
					"value": 5
				}
			},
			"{{PROJECT_PREFIX}}:{{IDENTIFIER}}_base_white": {
				"minecraft:color": {
					"value": 0
				}
			},
			"{{PROJECT_PREFIX}}:{{IDENTIFIER}}_base_orange": {
				"minecraft:color": {
					"value": 1
				}
			},
			"{{PROJECT_PREFIX}}:{{IDENTIFIER}}_base_magenta": {
				"minecraft:color": {
					"value": 2
				}
			},
			"{{PROJECT_PREFIX}}:{{IDENTIFIER}}_base_lightblue": {
				"minecraft:color": {
					"value": 3
				}
			},
			"{{PROJECT_PREFIX}}:{{IDENTIFIER}}_base_yellow": {
				"minecraft:color": {
					"value": 4
				}
			},
			"{{PROJECT_PREFIX}}:{{IDENTIFIER}}_base_lightgreen": {
				"minecraft:color": {
					"value": 5
				}
			},
			"{{PROJECT_PREFIX}}:{{IDENTIFIER}}_base_pink": {
				"minecraft:color": {
					"value": 6
				}
			},
			"{{PROJECT_PREFIX}}:{{IDENTIFIER}}_base_gray": {
				"minecraft:color": {
					"value": 7
				}
			},
			"{{PROJECT_PREFIX}}:{{IDENTIFIER}}_base_silver": {
				"minecraft:color": {
					"value": 8
				}
			},
			"{{PROJECT_PREFIX}}:{{IDENTIFIER}}_base_cyan": {
				"minecraft:color": {
					"value": 9
				}
			},
			"{{PROJECT_PREFIX}}:{{IDENTIFIER}}_base_purple": {
				"minecraft:color": {
					"value": 10
				}
			},
			"{{PROJECT_PREFIX}}:{{IDENTIFIER}}_base_blue": {
				"minecraft:color": {
					"value": 11
				}
			},
			"{{PROJECT_PREFIX}}:{{IDENTIFIER}}_base_brown": {
				"minecraft:color": {
					"value": 12
				}
			},
			"{{PROJECT_PREFIX}}:{{IDENTIFIER}}_base_green": {
				"minecraft:color": {
					"value": 13
				}
			},
			"{{PROJECT_PREFIX}}:{{IDENTIFIER}}_base_red": {
				"minecraft:color": {
					"value": 14
				}
			},
			"{{PROJECT_PREFIX}}:{{IDENTIFIER}}_pattern_white": {
				"minecraft:color2": {
					"value": 0
				}
			},
			"{{PROJECT_PREFIX}}:{{IDENTIFIER}}_pattern_orange": {
				"minecraft:color2": {
					"value": 1
				}
			},
			"{{PROJECT_PREFIX}}:{{IDENTIFIER}}_pattern_magenta": {
				"minecraft:color2": {
					"value": 2
				}
			},
			"{{PROJECT_PREFIX}}:{{IDENTIFIER}}_pattern_lightblue": {
				"minecraft:color2": {
					"value": 3
				}
			},
			"{{PROJECT_PREFIX}}:{{IDENTIFIER}}_pattern_yellow": {
				"minecraft:color2": {
					"value": 4
				}
			},
			"{{PROJECT_PREFIX}}:{{IDENTIFIER}}_pattern_lightgreen": {
				"minecraft:color2": {
					"value": 5
				}
			},
			"{{PROJECT_PREFIX}}:{{IDENTIFIER}}_pattern_pink": {
				"minecraft:color2": {
					"value": 6
				}
			},
			"{{PROJECT_PREFIX}}:{{IDENTIFIER}}_pattern_gray": {
				"minecraft:color2": {
					"value": 7
				}
			},
			"{{PROJECT_PREFIX}}:{{IDENTIFIER}}_pattern_silver": {
				"minecraft:color2": {
					"value": 8
				}
			},
			"{{PROJECT_PREFIX}}:{{IDENTIFIER}}_pattern_cyan": {
				"minecraft:color2": {
					"value": 9
				}
			},
			"{{PROJECT_PREFIX}}:{{IDENTIFIER}}_pattern_purple": {
				"minecraft:color2": {
					"value": 10
				}
			},
			"{{PROJECT_PREFIX}}:{{IDENTIFIER}}_pattern_blue": {
				"minecraft:color2": {
					"value": 11
				}
			},
			"{{PROJECT_PREFIX}}:{{IDENTIFIER}}_pattern_brown": {
				"minecraft:color2": {
					"value": 12
				}
			},
			"{{PROJECT_PREFIX}}:{{IDENTIFIER}}_pattern_green": {
				"minecraft:color2": {
					"value": 13
				}
			},
			"{{PROJECT_PREFIX}}:{{IDENTIFIER}}_pattern_red": {
				"minecraft:color2": {
					"value": 14
				}
			},
			"{{PROJECT_PREFIX}}:anenonme": {
				"minecraft:variant": {
					"value": 1
				},
				"minecraft:mark_variant": {
					"value": 1
				},
				"minecraft:color": {
					"value": 1
				},
				"minecraft:color2": {
					"value": 7
				}
			},
			"{{PROJECT_PREFIX}}:black_tang": {
				"minecraft:variant": {
					"value": 1
				},
				"minecraft:mark_variant": {
					"value": 0
				},
				"minecraft:color": {
					"value": 7
				},
				"minecraft:color2": {
					"value": 7
				}
			},
			"{{PROJECT_PREFIX}}:blue_dory": {
				"minecraft:variant": {
					"value": 0
				},
				"minecraft:mark_variant": {
					"value": 1
				},
				"minecraft:color": {
					"value": 7
				},
				"minecraft:color2": {
					"value": 3
				}
			},
			"{{PROJECT_PREFIX}}:butterfly_fish": {
				"minecraft:variant": {
					"value": 0
				},
				"minecraft:mark_variant": {
					"value": 4
				},
				"minecraft:color": {
					"value": 0
				},
				"minecraft:color2": {
					"value": 7
				}
			},
			"{{PROJECT_PREFIX}}:cichlid": {
				"minecraft:variant": {
					"value": 0
				},
				"minecraft:mark_variant": {
					"value": 1
				},
				"minecraft:color": {
					"value": 11
				},
				"minecraft:color2": {
					"value": 7
				}
			},
			"{{PROJECT_PREFIX}}:clownfish": {
				"minecraft:variant": {
					"value": 0
				},
				"minecraft:mark_variant": {
					"value": 0
				},
				"minecraft:color": {
					"value": 1
				},
				"minecraft:color2": {
					"value": 0
				}
			},
			"{{PROJECT_PREFIX}}:cc_betta": {
				"minecraft:variant": {
					"value": 0
				},
				"minecraft:mark_variant": {
					"value": 5
				},
				"minecraft:color": {
					"value": 6
				},
				"minecraft:color2": {
					"value": 3
				}
			},
			"{{PROJECT_PREFIX}}:dog_fish": {
				"minecraft:variant": {
					"value": 1
				},
				"minecraft:mark_variant": {
					"value": 3
				},
				"minecraft:color": {
					"value": 10
				},
				"minecraft:color2": {
					"value": 4
				}
			},
			"{{PROJECT_PREFIX}}:e_red_snapper": {
				"minecraft:variant": {
					"value": 1
				},
				"minecraft:mark_variant": {
					"value": 5
				},
				"minecraft:color": {
					"value": 0
				},
				"minecraft:color2": {
					"value": 14
				}
			},
			"{{PROJECT_PREFIX}}:goat_fish": {
				"minecraft:variant": {
					"value": 0
				},
				"minecraft:mark_variant": {
					"value": 5
				},
				"minecraft:color": {
					"value": 0
				},
				"minecraft:color2": {
					"value": 4
				}
			},
			"{{PROJECT_PREFIX}}:moorish_idol": {
				"minecraft:variant": {
					"value": 1
				},
				"minecraft:mark_variant": {
					"value": 2
				},
				"minecraft:color": {
					"value": 0
				},
				"minecraft:color2": {
					"value": 7
				}
			},
			"{{PROJECT_PREFIX}}:ornate_butterfly": {
				"minecraft:variant": {
					"value": 1
				},
				"minecraft:mark_variant": {
					"value": 5
				},
				"minecraft:color": {
					"value": 0
				},
				"minecraft:color2": {
					"value": 1
				}
			},
			"{{PROJECT_PREFIX}}:parrot_fish": {
				"minecraft:variant": {
					"value": 0
				},
				"minecraft:mark_variant": {
					"value": 3
				},
				"minecraft:color": {
					"value": 9
				},
				"minecraft:color2": {
					"value": 6
				}
			},
			"{{PROJECT_PREFIX}}:queen_angel_fish": {
				"minecraft:variant": {
					"value": 0
				},
				"minecraft:mark_variant": {
					"value": 4
				},
				"minecraft:color": {
					"value": 5
				},
				"minecraft:color2": {
					"value": 3
				}
			},
			"{{PROJECT_PREFIX}}:red_cichlid": {
				"minecraft:variant": {
					"value": 1
				},
				"minecraft:mark_variant": {
					"value": 4
				},
				"minecraft:color": {
					"value": 14
				},
				"minecraft:color2": {
					"value": 0
				}
			},
			"{{PROJECT_PREFIX}}:red_lipped_benny": {
				"minecraft:variant": {
					"value": 0
				},
				"minecraft:mark_variant": {
					"value": 2
				},
				"minecraft:color": {
					"value": 7
				},
				"minecraft:color2": {
					"value": 14
				}
			},
			"{{PROJECT_PREFIX}}:red_snapper": {
				"minecraft:variant": {
					"value": 1
				},
				"minecraft:mark_variant": {
					"value": 3
				},
				"minecraft:color": {
					"value": 14
				},
				"minecraft:color2": {
					"value": 0
				}
			},
			"{{PROJECT_PREFIX}}:threadfin": {
				"minecraft:variant": {
					"value": 1
				},
				"minecraft:mark_variant": {
					"value": 0
				},
				"minecraft:color": {
					"value": 0
				},
				"minecraft:color2": {
					"value": 4
				}
			},
			"{{PROJECT_PREFIX}}:tomato_clown": {
				"minecraft:variant": {
					"value": 0
				},
				"minecraft:mark_variant": {
					"value": 1
				},
				"minecraft:color": {
					"value": 14
				},
				"minecraft:color2": {
					"value": 0
				}
			},
			"{{PROJECT_PREFIX}}:triggerfish": {
				"minecraft:variant": {
					"value": 0
				},
				"minecraft:mark_variant": {
					"value": 1
				},
				"minecraft:color": {
					"value": 7
				},
				"minecraft:color2": {
					"value": 0
				}
			},
			"{{PROJECT_PREFIX}}:yellow_tang": {
				"minecraft:variant": {
					"value": 1
				},
				"minecraft:mark_variant": {
					"value": 1
				},
				"minecraft:color": {
					"value": 4
				},
				"minecraft:color2": {
					"value": 4
				}
			},
			"{{PROJECT_PREFIX}}:yellow_tail_parrot": {
				"minecraft:variant": {
					"value": 0
				},
				"minecraft:mark_variant": {
					"value": 3
				},
				"minecraft:color": {
					"value": 9
				},
				"minecraft:color2": {
					"value": 4
				}
			},
			"adult": {}
		},
		"components": {
			"minecraft:experience_reward": {
				"on_death": "query.last_hit_by_player ? Math.Random(1,3) : 0"
			},
			"minecraft:type_family": {
				"family": ["tropicalfish", "fish"]
			},
			"minecraft:collision_box": {
				"width": 0.4,
				"height": 0.4
			},
			"minecraft:health": {
				"value": 6,
				"max": 6
			},
			"minecraft:hurt_on_condition": {
				"damage_conditions": [
					{
						"filters": {
							"test": "in_lava",
							"subject": "self",
							"operator": "==",
							"value": true
						},
						"cause": "lava",
						"damage_per_tick": 4
					}
				]
			},
			"minecraft:loot": {
				"table": "loot_tables/entities/{{IDENTIFIER}}.json"
			},
			"minecraft:scale": {
				"value": 1.3
			},
			"minecraft:breathable": {
				"total_supply": 15,
				"suffocate_time": 0,
				"breathes_air": false,
				"breathes_water": true
			},
			"minecraft:movement": {
				"value": 0.12
			},
			"minecraft:underwater_movement": {
				"value": 0.12
			},
			"minecraft:navigation.generic": {
				"is_amphibious": false,
				"can_path_over_water": false,
				"can_swim": true,
				"can_walk": false,
				"can_breach": false,
				"can_sink": false
			},
			"minecraft:movement.sway": {
				"sway_amplitude": 0
			},
			"minecraft:physics": {
				"has_gravity": false
			},
			"minecraft:pushable": {
				"is_pushable": true,
				"is_pushable_by_piston": true
			},
			"minecraft:behavior.swim_idle": {
				"priority": 5
			},
			"minecraft:behavior.random_swim": {
				"priority": 3,
				"speed_multiplier": 1,
				"xz_dist": 16,
				"y_dist": 4,
				"interval": 0
			},
			"minecraft:behavior.avoid_mob_type": {
				"priority": 1,
				"entity_types": [
					{
						"filters": {
							"test": "is_family",
							"subject": "other",
							"value": "player"
						},
						"max_dist": 6,
						"walk_speed_multiplier": 1.5,
						"sprint_speed_multiplier": 2
					}
				]
			},
			"minecraft:behavior.swim_wander": {
				"priority": 4,
				"speed_multiplier": 1,
				"interval": 10,
				"look_ahead": 2
			},
			"minecraft:flocking": {
				"in_water": true,
				"match_variants": true,
				"use_center_of_mass": false,
				"low_flock_limit": 4,
				"high_flock_limit": 8,
				"goal_weight": 2,
				"loner_chance": 0.1,
				"influence_radius": 3,
				"breach_influence": 7,
				"separation_weight": 0.65,
				"separation_threshold": 0.15,
				"cohesion_weight": 2.75,
				"cohesion_threshold": 1.5,
				"innner_cohesion_threshold": 1.5,
				"min_height": 1.5,
				"max_height": 6,
				"block_distance": 2,
				"block_weight": 0.85
			},
			"minecraft:nameable": {}
		},
		"events": {
			"{{PROJECT_PREFIX}}:become_anenonme": {
				"add": {
					"component_groups": ["{{PROJECT_PREFIX}}:anenonme"]
				}
			},
			"{{PROJECT_PREFIX}}:become_black_tang": {
				"add": {
					"component_groups": ["{{PROJECT_PREFIX}}:black_tang"]
				}
			},
			"{{PROJECT_PREFIX}}:become_blue_dory": {
				"add": {
					"component_groups": ["{{PROJECT_PREFIX}}:blue_dory"]
				}
			},
			"{{PROJECT_PREFIX}}:become_butterfly_fish": {
				"add": {
					"component_groups": ["{{PROJECT_PREFIX}}:butterfly_fish"]
				}
			},
			"{{PROJECT_PREFIX}}:become_cichlid": {
				"add": {
					"component_groups": ["{{PROJECT_PREFIX}}:cichlid"]
				}
			},
			"{{PROJECT_PREFIX}}:become_clownfish": {
				"add": {
					"component_groups": ["{{PROJECT_PREFIX}}:clownfish"]
				}
			},
			"{{PROJECT_PREFIX}}:become_cc_betta": {
				"add": {
					"component_groups": ["{{PROJECT_PREFIX}}:cc_betta"]
				}
			},
			"{{PROJECT_PREFIX}}:become_dog_fish": {
				"add": {
					"component_groups": ["{{PROJECT_PREFIX}}:dog_fish"]
				}
			},
			"{{PROJECT_PREFIX}}:become_e_red_snapper": {
				"add": {
					"component_groups": ["{{PROJECT_PREFIX}}:e_red_snapper"]
				}
			},
			"{{PROJECT_PREFIX}}:become_goat_fish": {
				"add": {
					"component_groups": ["{{PROJECT_PREFIX}}:goat_fish"]
				}
			},
			"{{PROJECT_PREFIX}}:become_moorish_idol": {
				"add": {
					"component_groups": ["{{PROJECT_PREFIX}}:moorish_idol"]
				}
			},
			"{{PROJECT_PREFIX}}:become_ornate_butterfly": {
				"add": {
					"component_groups": ["{{PROJECT_PREFIX}}:ornate_butterfly"]
				}
			},
			"{{PROJECT_PREFIX}}:become_parrot_fish": {
				"add": {
					"component_groups": ["{{PROJECT_PREFIX}}:parrot_fish"]
				}
			},
			"{{PROJECT_PREFIX}}:become_queen_angel_fish": {
				"add": {
					"component_groups": ["{{PROJECT_PREFIX}}:queen_angel_fish"]
				}
			},
			"{{PROJECT_PREFIX}}:become_red_cichlid": {
				"add": {
					"component_groups": ["{{PROJECT_PREFIX}}:red_cichlid"]
				}
			},
			"{{PROJECT_PREFIX}}:become_red_lipped_benny": {
				"add": {
					"component_groups": ["{{PROJECT_PREFIX}}:red_lipped_benny"]
				}
			},
			"{{PROJECT_PREFIX}}:become_red_snapper": {
				"add": {
					"component_groups": ["{{PROJECT_PREFIX}}:red_snapper"]
				}
			},
			"{{PROJECT_PREFIX}}:become_threadfin": {
				"add": {
					"component_groups": ["{{PROJECT_PREFIX}}:threadfin"]
				}
			},
			"{{PROJECT_PREFIX}}:become_tomato_clown": {
				"add": {
					"component_groups": ["{{PROJECT_PREFIX}}:tomato_clown"]
				}
			},
			"{{PROJECT_PREFIX}}:become_triggerfish": {
				"add": {
					"component_groups": ["{{PROJECT_PREFIX}}:triggerfish"]
				}
			},
			"{{PROJECT_PREFIX}}:become_yellow_tang": {
				"add": {
					"component_groups": ["{{PROJECT_PREFIX}}:yellow_tang"]
				}
			},
			"{{PROJECT_PREFIX}}:become_yellow_tail_parrot": {
				"add": {
					"component_groups": [
						"{{PROJECT_PREFIX}}:yellow_tail_parrot"
					]
				}
			},
			"minecraft:entity_spawned": {
				"sequence": [
					{
						"add": {
							"component_groups": ["adult"]
						}
					},
					{
						"randomize": [
							{
								"weight": 1,
								"add": {
									"component_groups": [
										"{{PROJECT_PREFIX}}:{{IDENTIFIER}}_variant_a"
									]
								}
							},
							{
								"weight": 1,
								"add": {
									"component_groups": [
										"{{PROJECT_PREFIX}}:{{IDENTIFIER}}_variant_b"
									]
								}
							}
						]
					},
					{
						"randomize": [
							{
								"weight": 1,
								"add": {
									"component_groups": [
										"{{PROJECT_PREFIX}}:{{IDENTIFIER}}_variant_pattern_1"
									]
								}
							},
							{
								"weight": 1,
								"add": {
									"component_groups": [
										"{{PROJECT_PREFIX}}:{{IDENTIFIER}}_variant_pattern_2"
									]
								}
							},
							{
								"weight": 1,
								"add": {
									"component_groups": [
										"{{PROJECT_PREFIX}}:{{IDENTIFIER}}_variant_pattern_3"
									]
								}
							},
							{
								"weight": 1,
								"add": {
									"component_groups": [
										"{{PROJECT_PREFIX}}:{{IDENTIFIER}}_variant_pattern_4"
									]
								}
							},
							{
								"weight": 1,
								"add": {
									"component_groups": [
										"{{PROJECT_PREFIX}}:{{IDENTIFIER}}_variant_pattern_5"
									]
								}
							},
							{
								"weight": 1,
								"add": {
									"component_groups": [
										"{{PROJECT_PREFIX}}:{{IDENTIFIER}}_variant_pattern_6"
									]
								}
							}
						]
					},
					{
						"randomize": [
							{
								"weight": 1,
								"add": {
									"component_groups": [
										"{{PROJECT_PREFIX}}:{{IDENTIFIER}}_base_white"
									]
								}
							},
							{
								"weight": 1,
								"add": {
									"component_groups": [
										"{{PROJECT_PREFIX}}:{{IDENTIFIER}}_base_orange"
									]
								}
							},
							{
								"weight": 1,
								"add": {
									"component_groups": [
										"{{PROJECT_PREFIX}}:{{IDENTIFIER}}_base_magenta"
									]
								}
							},
							{
								"weight": 1,
								"add": {
									"component_groups": [
										"{{PROJECT_PREFIX}}:{{IDENTIFIER}}_base_lightblue"
									]
								}
							},
							{
								"weight": 1,
								"add": {
									"component_groups": [
										"{{PROJECT_PREFIX}}:{{IDENTIFIER}}_base_yellow"
									]
								}
							},
							{
								"weight": 1,
								"add": {
									"component_groups": [
										"{{PROJECT_PREFIX}}:{{IDENTIFIER}}_base_lightgreen"
									]
								}
							},
							{
								"weight": 1,
								"add": {
									"component_groups": [
										"{{PROJECT_PREFIX}}:{{IDENTIFIER}}_base_pink"
									]
								}
							},
							{
								"weight": 1,
								"add": {
									"component_groups": [
										"{{PROJECT_PREFIX}}:{{IDENTIFIER}}_base_gray"
									]
								}
							},
							{
								"weight": 1,
								"add": {
									"component_groups": [
										"{{PROJECT_PREFIX}}:{{IDENTIFIER}}_base_silver"
									]
								}
							},
							{
								"weight": 1,
								"add": {
									"component_groups": [
										"{{PROJECT_PREFIX}}:{{IDENTIFIER}}_base_cyan"
									]
								}
							},
							{
								"weight": 1,
								"add": {
									"component_groups": [
										"{{PROJECT_PREFIX}}:{{IDENTIFIER}}_base_purple"
									]
								}
							},
							{
								"weight": 1,
								"add": {
									"component_groups": [
										"{{PROJECT_PREFIX}}:{{IDENTIFIER}}_base_blue"
									]
								}
							},
							{
								"weight": 1,
								"add": {
									"component_groups": [
										"{{PROJECT_PREFIX}}:{{IDENTIFIER}}_base_brown"
									]
								}
							},
							{
								"weight": 1,
								"add": {
									"component_groups": [
										"{{PROJECT_PREFIX}}:{{IDENTIFIER}}_base_green"
									]
								}
							},
							{
								"weight": 1,
								"add": {
									"component_groups": [
										"{{PROJECT_PREFIX}}:{{IDENTIFIER}}_base_red"
									]
								}
							}
						]
					},
					{
						"randomize": [
							{
								"weight": 1,
								"add": {
									"component_groups": [
										"{{PROJECT_PREFIX}}:{{IDENTIFIER}}_pattern_white"
									]
								}
							},
							{
								"weight": 1,
								"add": {
									"component_groups": [
										"{{PROJECT_PREFIX}}:{{IDENTIFIER}}_pattern_orange"
									]
								}
							},
							{
								"weight": 1,
								"add": {
									"component_groups": [
										"{{PROJECT_PREFIX}}:{{IDENTIFIER}}_pattern_magenta"
									]
								}
							},
							{
								"weight": 1,
								"add": {
									"component_groups": [
										"{{PROJECT_PREFIX}}:{{IDENTIFIER}}_pattern_lightblue"
									]
								}
							},
							{
								"weight": 1,
								"add": {
									"component_groups": [
										"{{PROJECT_PREFIX}}:{{IDENTIFIER}}_pattern_yellow"
									]
								}
							},
							{
								"weight": 1,
								"add": {
									"component_groups": [
										"{{PROJECT_PREFIX}}:{{IDENTIFIER}}_pattern_lightgreen"
									]
								}
							},
							{
								"weight": 1,
								"add": {
									"component_groups": [
										"{{PROJECT_PREFIX}}:{{IDENTIFIER}}_pattern_pink"
									]
								}
							},
							{
								"weight": 1,
								"add": {
									"component_groups": [
										"{{PROJECT_PREFIX}}:{{IDENTIFIER}}_pattern_gray"
									]
								}
							},
							{
								"weight": 1,
								"add": {
									"component_groups": [
										"{{PROJECT_PREFIX}}:{{IDENTIFIER}}_pattern_silver"
									]
								}
							},
							{
								"weight": 1,
								"add": {
									"component_groups": [
										"{{PROJECT_PREFIX}}:{{IDENTIFIER}}_pattern_cyan"
									]
								}
							},
							{
								"weight": 1,
								"add": {
									"component_groups": [
										"{{PROJECT_PREFIX}}:{{IDENTIFIER}}_pattern_purple"
									]
								}
							},
							{
								"weight": 1,
								"add": {
									"component_groups": [
										"{{PROJECT_PREFIX}}:{{IDENTIFIER}}_pattern_blue"
									]
								}
							},
							{
								"weight": 1,
								"add": {
									"component_groups": [
										"{{PROJECT_PREFIX}}:{{IDENTIFIER}}_pattern_brown"
									]
								}
							},
							{
								"weight": 1,
								"add": {
									"component_groups": [
										"{{PROJECT_PREFIX}}:{{IDENTIFIER}}_pattern_green"
									]
								}
							},
							{
								"weight": 1,
								"add": {
									"component_groups": [
										"{{PROJECT_PREFIX}}:{{IDENTIFIER}}_pattern_red"
									]
								}
							}
						]
					}
				]
			}
		}
	}
}
