{
	"id": "animationController",
	"icon": "mdi-movie-search-outline",
	"scope": "BP/animation_controllers/",
	"matcher": [
		"BP/animation_controllers/**/*.json",
		"BP/animation_controllers/*.json"
	],
	"schema": "file:///data/packages/minecraftBedrock/schema/animationController/main.json",
	"lightningCache": "animationController.json",
	"packSpider": "animationController.json",

	"definitions": {
		"functionPath": {
			"directReference": true
		}
	},
	"documentation": {
		"baseUrl": "https://bedrock.dev/docs/stable/Entity%20Events#Animation%20Controller%20Events",
		"supportsQuerying": false
	}
}
