{
	"id": "clientAnimationController",
	"icon": "mdi-movie-search-outline",
	"scope": "RP/animation_controllers/",
	"matcher": [
		"RP/animation_controllers/**/*.json",
		"RP/animation_controllers/*.json"
	],
	"schema": "file:///data/packages/minecraftBedrock/schema/clientAnimationController/main.json",
	"lightningCache": "clientAnimationController.json",

	"definitions": {
		"functionPath": {
			"directReference": true
		}
	},
	"documentation": {
		"baseUrl": "https://bedrock.dev/docs/stable/Animations#Animation%20Controllers",
		"supportsQuerying": false
	}
}
