{
	"format_version": "$general.format_version",

	"minecraft:block": {
		"description": {
			"identifier": "$general.file_identifier and $general.block_identifier",
			"is_experimental": "$general.boolean",
			"$versioned_template.properties": [
				{
					"$if": "$format_version >= 1.16.100",
					"$data": {
						"$placeholder": {
							"$dynamic.list.next_index": {
								"@import.value.number": "$general.number",
								"@import.value.boolean": "$general.boolean",
								"@meta": { "validate": null }
							}
						}
					}
				}
			]
		},

		"$versioned_template.permutations": [
			{
				"$if": "$format_version >= 1.16.100",
				"$data": {
					"$dynamic.list.next_index": {
						"condition": "$molang.embedded",
						"components": "$block.components"
					}
				}
			}
		],
		"components": "$block.components and $dynamic.plugins.block_custom_components",
		"$versioned_template.events": [
			{
				"$if": "$format_version >= 1.16.100",
				"$data": {
					"$placeholder": "$block.event"
				}
			}
		]
	}
}
