{
    "age_bit": "$general.boolean",
    "age": "$general.number0_15",
    "attached_bit": "$general.boolean",
    "attatchment": ["hanging", "multiple", "side", "standing"],
    "allow_underwater_bit": "$general.boolean",
    "portal_axis": [ "unknown", "x", "z" ],
    "bite_counter": [ "0", "1", "2", "3", "4", "5", "6" ],
    "bamboo_leaf_size": ["large_leaves", "no_leaves", "small_leaves"],
    "bamboo_stalk_thickness": ["thick", "thin"],
    "brewing_stand_slot_a_bit": "$general.boolean",
    "brewing_stand_slot_b_bit": "$general.boolean",
    "brewing_stand_slot_c_bit": "$general.boolean",
    "button_pressed_bit": "$general.boolean",
    "cauldron_liquid": ["water", "lava"],
    "color": ["white", "orange", "magenta", "light_blue", "yellow", "lime", "pink", "gray", "silver", "cyan", "purple", "blue", "brown", "green", "red", "black"],
    "conditional_bit": "$general.boolean",
    "covered_bit": "$general.boolean",
    "composter_fill_level": ["0", "1", "2", "3", "4", "5", "6", "7", "8"],
    "chisel_type": ["default", "chiseled", "lines", "smooth"],
    "cluster_amount": ["0", "1", "2", "3"],
    "cracked_state": ["cracked", "max_cracked", "no_cracks"],
    "damage": [ "undamaged", "slightly_damaged", "very_damaged", "broken" ],
    "disarmed_bit": "$general.boolean",
    "dead_bit": "$general.boolean",
    "drag_down": "$general.boolean",
    "door_hinge_bit": "$general.boolean",
    "upper_block_bit": "$general.boolean",
    "direction": [ "0", "1", "2", "3" ],
    "double_flower_type": ["fern", "grass", "paeonia", "rose", "sunflower", "syringia"],
    "end_portal_eye_bit": "$general.boolean",
    "explode_bit": "$general.boolean",
    "extinguished": "$general.boolean",
    "facing_direction": [ "0", "1", "2", "3", "4", "5" ],
    "facing_bit": ["0", "1", "2", "3"],
    "fill_level": [ "0", "1", "2", "3", "4", "5", "6" ],
    "flower_type": ["allium", "cornflower", "houstonia", "lily_Of_the_valley", "orchid", "oxeye", "poppy", "tulip_orange", "tulip_pink", "tulip_red", "tulip_white"],
    "growth": [ "0", "1", "2", "3", "4", "5", "6", "7" ],
    "ground_sign_direction": "$general.number0_15",
    "hanging": "$general.boolean",
    "head_piece_bit": "$general.boolean",
    "head_bit": "$general.boolean",
    "height": [ "0", "1", "2", "3", "4", "5", "6", "7" ],
    "huge_mushroom_bit": "$general.number0_15",
    "infiniburn_bit": "$general.boolean",
    "in_wall_bit": "$general.boolean",
    "liquid_depth": "$general.number0_15",
    "lever_direction": ["down_east_west", "down_north_south", "east", "north", "south", "up_east_west", "up_north_south", "west"],
    "moisturized_amount": [ "0", "1", "2", "3", "4", "5", "6", "7" ],
    "mode": ["corner", "data", "export", "invalid", "load", "save"],
    "no_drop_bit": "$general.boolean",
    "new_leaf_type": ["acacia", "dark_oak"],
    "new_log_type": ["acacia", "dark_oak"],
    "occupied_bit": "$general.boolean",
    "open_bit": "$general.boolean",
    "old_leaf_type": ["oak", "spruce", "birch", "jungle"],
    "old_log_type": ["oak", "spruce", "birch", "jungle"],
    "output_subtract_bit": "$general.boolean",
    "output_lit_bit": "$general.boolean",
    "persistent_bit": "$general.boolean",
    "powered_bit": "$general.boolean",
    "pillar_axis": ["x", "y", "z"],
    "rail_data_bit": "$general.boolean",
    "rail_direction": [ "0", "1", "2", "3", "4", "5", "6", "7", "8" ],
    "redstone_signal": "$general.number0_15",
    "repeater_delay": [ "0", "1", "2", "3" ],
    "stone_type": [ "andesite", "andesite_smooth", "stone", "granite", "granite_smooth", "diorite", "diorite_smooth"],
    "stability": ["0", "1", "2", "3", "4", "5", "6", "7"],
    "stability_check": "$general.boolean",
    "sapling_type": ["acacia", "birch", "dark_oak", "jungle", "oak", "spruce"],
    "sea_grass_type": ["default", "double_bot", "double_top"],
    "stone_slab_type": ["brick", "cobblestone", "nether_brick", "quartz", "sandstone", "smooth_stone", "stone_brick", "wood"],
    "stone_slab_type_2": ["mossy_cobblestone", "prismarine_brick", "prismarine_drk", "prismarine_rough", "purpur", "red_nether_brick", "red_sandstone", "smooth_sandstone"],
    "stone_slab_type_3": ["andesite", "diorite", "end_stone_brick", "granite", "polished_diorite", "polished_andesite", "polished_granite", "smooth_red_sandstone"],
    "stone_slab_type_4": ["cut_red_sandstone", "cut_sandstone", "mossy_stone_brick", "smooth_quartz", "stone"],
    "structure_void_type": ["air", "void"],
    "stripped_bit": "$general.boolean",
    "suspended_bit": "$general.boolean",
    "tall_grass_type": ["default", "tall", "fern", "snow"],
    "toggle_bit": "$general.boolean",
    "triggered_bit": "$general.boolean",
    "torch_facing_direction": ["top", "east", "north", "south", "unknown", "west"],
    "top_slot_bit": "$general.boolean",
    "turtle_egg_count": ["one_egg", "two_egg", "three_egg", "four_egg"],
    "update_bit": "$general.boolean",
    "upside_down_bit": "$general.boolean",
    "wood_type": ["acacia", "birch", "dark_oak", "jungle", "oak", "spruce"],
    "vine_direction_bits": "$general.number0_15",
    "weirdo_direction": ["0", "1", "2", "3" ],
    "wall_block_type": ["andesite", "brick", "cobblestone", "diorite", "end_brick", "granite", "mossy_cobblestone", "mossy_stone_brick", "nether_brick", "prismarine", "red_nether_brick", "red_sandstone", "sandstone", "stone_brick"]
}
