[{"id":"feature","icon":"mdi-flower","detect":{"packType":"behaviorPack","scope":"features/","matcher":"features/*.json"},"schema":"file:///data/packages/minecraftBedrock/schema/feature/main.json","lightningCache":"feature.json","definitions":{"blockIdentifier":[{"from":"block","match":"identifier"},{"from":"clientBlock","match":"identifier"}]},"documentation":{"baseUrl":"https://bedrock.dev/docs/stable/Features"},"highlighterConfiguration":{"variables":["description"],"typeIdentifiers":["format_version"]}},{"id":"clientManifest","icon":"mdi-alpha-m-box-outline","detect":{"packType":"resourcePack","scope":"manifest.json","matcher":"manifest.json"},"schema":"file:///data/packages/minecraftBedrock/schema/manifest/main.json","lightningCache":"clientManifest.json","highlighterConfiguration":{"variables":["metadata","header","modules","dependencies"],"typeIdentifiers":["format_version"]}},{"id":"functionTick","icon":"mdi-timer","detect":{"packType":"behaviorPack","scope":"functions/tick.json","matcher":"functions/tick.json","fileContent":["values"]},"schema":"file:///data/packages/minecraftBedrock/schema/tick/main.json"},{"id":"clientSound","detect":{"packType":"resourcePack","scope":"sounds.json","matcher":"sounds.json"},"schema":"file:///data/packages/minecraftBedrock/schema/clientSound/main.json","lightningCache":"clientSound.json","highlighterConfiguration":{"keywords":["block_sounds","entity_sounds","individual_event_sounds","interactive_sounds"]}},{"id":"item","icon":"mdi-sword","detect":{"packType":"behaviorPack","scope":"items/","matcher":["items/**/*.json","items/*.json"],"fileContent":["minecraft:item"]},"formatVersionMap":{"1.19.0":"1.18.0","1.18.30":"1.18.0","1.18.20":"1.18.0","1.18.10":"1.18.0"},"schema":"file:///data/packages/minecraftBedrock/schema/item/main.json","lightningCache":"item.json","packSpider":"item.json","definitions":{"identifier":[{"from":"clientItem","match":"identifier"}],"itemTexture":[{"from":"itemTexture","match":"texture"}],"lootTablePath":{"directReference":true}},"documentation":{"baseUrl":"https://bedrock.dev/docs/stable/Item","supportsQuerying":false},"highlighterConfiguration":{"variables":["description","components","events"],"typeIdentifiers":["format_version","event"],"definitions":["condition"]}},{"id":"function","type":"text","icon":"mdi-function","detect":{"packType":"behaviorPack","scope":"functions/","matcher":["functions/**/*.mcfunction","functions/*.mcfunction"],"fileExtensions":[".mcfunction"]},"packSpider":"function.json","formatOnSaveCapable":false,"lightningCache":"function.js"},{"id":"animation","detect":{"packType":"behaviorPack","scope":"animations/","matcher":["animations/**/*.json","animations/*.json"],"fileContent":["animations/*/timeline"]},"icon":"mdi-movie-open-outline","schema":"file:///data/packages/minecraftBedrock/schema/animation/main.json","lightningCache":"animation.json","packSpider":"animation.json","definitions":{"functionPath":{"directReference":true}},"documentation":{"baseUrl":"https://bedrock.dev/docs/stable/Entity%20Events#Animation%20Events","supportsQuerying":false},"meta":{"commandsUseSlash":true},"highlighterConfiguration":{"keywords":["animations"],"typeIdentifiers":["format_version"],"definitions":["timeline"]}},{"id":"flipbookTexture","detect":{"packType":"resourcePack","scope":"textures/flipbook_textures.json","matcher":"textures/flipbook_textures.json"},"schema":"file:///data/packages/minecraftBedrock/schema/flipbookTexture/main.json","lightningCache":"flipbookTexture.json","definitions":{"texturePath":{"directReference":true}}},{"id":"renderController","icon":"mdi-pentagon-outline","detect":{"packType":"resourcePack","scope":"render_controllers/","matcher":["render_controllers/**/*.json","render_controllers/*.json"],"fileContent":["render_controllers"]},"schema":"file:///data/packages/minecraftBedrock/schema/renderController/main.json","lightningCache":"renderController.json","documentation":{"baseUrl":"https://bedrock.dev/docs/stable/Animations#Render%20Controllers","supportsQuerying":false},"highlighterConfiguration":{"keywords":["render_controllers"],"typeIdentifiers":["format_version","textures","geometries","materials"],"definitions":["color","overlay_color","is_hurt_color","on_fire_color","uv_anim","arrays","geometry","materials","textures","part_visibility"]}},{"id":"customComponent","type":"text","icon":"mdi-language-javascript","detect":{"packType":"behaviorPack","scope":"components/block/","matcher":["components/block/**/*.js","components/block/**/*.ts"]},"types":["types/customComponent/common.d.ts","types/customComponent/block.d.ts"],"documentation":{"baseUrl":"https://bridge-core.app/extension-docs/custom-components/","supportsQuerying":false}},{"id":"geometry","icon":"mdi-cube-outline","detect":{"packType":"resourcePack","matcher":["models/entity/**/*.json","models/block/**/*.json","models/entity/*.json","models/block/*.json","models/mobs.json"],"scope":"models/","fileContent":["minecraft:geometry"]},"lightningCache":"geometry.json","schema":"file:///data/packages/minecraftBedrock/schema/geometry/main.json","highlighterConfiguration":{"variables":["description","bones","cubes"],"typeIdentifiers":["format_version"]}},{"id":"fog","icon":"mdi-weather-fog","detect":{"packType":"resourcePack","scope":"fogs/","matcher":["fogs/**/*.json","fogs/*.json"],"fileContent":["minecraft:fog"]},"formatVersionMap":{"1.16.200":"1.16.100","1.16.210":"1.16.100","1.16.220":"1.16.100","1.17.0":"1.16.100","1.17.10":"1.16.100","1.17.20":"1.16.100","1.17.30":"1.16.100","1.17.40":"1.16.100","1.18.10":"1.16.100","1.18.20":"1.16.100","1.18.30":"1.16.100","1.19.0":"1.16.100"},"schema":"file:///data/packages/minecraftBedrock/schema/fog/main.json","lightningCache":"fog.json","documentation":{"baseUrl":"https://bedrock.dev/docs/stable/Fogs","supportsQuerying":false},"highlighterConfiguration":{"variables":["description","distance","volumetric"],"typeIdentifiers":["format_version"]}},{"id":"clientBiome","detect":{"packType":"resourcePack","scope":"biomes_client.json","matcher":"biomes_client.json"},"schema":"file:///data/packages/minecraftBedrock/schema/clientBiome/main.json","lightningCache":"clientBiome.json","definitions":{"fogIdentifier":[{"from":"fog","match":"identifier"}]},"highlighterConfiguration":{"definitions":["biomes"]}},{"id":"dialogue","icon":"mdi-forum","detect":{"packType":"behaviorPack","scope":"dialogue/","matcher":["dialogue/**/*.json","dialogue/*.json"],"fileContent":["minecraft:npc_dialogue"]},"schema":"file:///data/packages/minecraftBedrock/schema/dialogue/main.json","lightningCache":"dialogue.json","documentation":{"baseUrl":"https://docs.microsoft.com/de-de/minecraft/creator/documents/npcdialogue","supportsQuerying":false},"meta":{"commandsUseSlash":true},"highlighterConfiguration":{"variables":["scenes"],"typeIdentifiers":["format_version","commands","on_open_commands","on_close_commands"]}},{"id":"attachable","icon":"mdi-hat-fedora","detect":{"packType":"resourcePack","scope":"attachables/","matcher":["attachables/**/*.json","attachables/*.json"],"fileContent":["minecraft:attachable"]},"schema":"file:///data/packages/minecraftBedrock/schema/attachable/main.json","lightningCache":"attachable.json","definitions":{"itemIdentifier":[{"from":"item","match":"identifier"},{"from":"clientItem","match":"identifier"}],"particle_identifier":[{"from":"particle","match":"identifier"}],"animationIdentifier":[{"from":"clientAnimation","match":"identifier"}],"geometryIdentifier":[{"from":"geometry","match":"identifier"}],"soundEffectIdentifier":[{"from":"soundDefinition","match":"identifier"}],"renderControllerIdentifier":[{"from":"renderController","match":"identifier"}],"texturePath":{"directReference":true}},"documentation":{"baseUrl":"https://bedrock.dev/docs/stable/Entities#Client%20Entity%20Documentation","supportsQuerying":false},"highlighterConfiguration":{"variables":["description"],"typeIdentifiers":["format_version"],"definitions":["animations","scripts","render_controllers","materials","textures","geometry","spawn_egg","particle_effects","particle_emitters","sound_effects"]}},{"id":"textureSet","icon":"mdi-format-list-bulleted","detect":{"packType":"resourcePack","matcher":["textures/blocks/**/*.json","textures/blocks/*.json"]},"schema":"file:///data/packages/minecraftBedrock/schema/textureSet/main.json","documentation":{"baseUrl":"https://bedrock.dev/docs/stable/Texture%20Sets"},"highlighterConfiguration":{"variables":["color","color_unlit","metalness","emissive","roughness","metalness_emissive_roughness","heightmap","normal"],"typeIdentifiers":["format_version"]}},{"id":"clientItem","icon":"mdi-sword","detect":{"packType":"resourcePack","scope":"items/","matcher":["items/**/*.json","items/*.json"]},"schema":"file:///data/packages/minecraftBedrock/schema/clientItem/main.json","lightningCache":"clientItem.json","definitions":{"identifier":[{"from":"item","match":"identifier"}],"itemTexture":[{"from":"itemTexture","match":"texture"}]}},{"id":"lang","type":"text","icon":"mdi-web","detect":{"packType":["behaviorPack","skinPack"],"scope":"texts/","matcher":"texts/**/*.lang"},"formatOnSaveCapable":false},{"id":"clientBlock","detect":{"packType":"resourcePack","scope":"blocks.json","matcher":"blocks.json"},"schema":"file:///data/packages/minecraftBedrock/schema/clientBlock/main.json","lightningCache":"clientBlock.json","definitions":{"identifier":[{"from":"block","match":"identifier"}]},"highlighterConfiguration":{"typeIdentifiers":["format_version"]}},{"id":"particle","icon":"mdi-snowflake","detect":{"packType":"resourcePack","scope":"particles/","matcher":["particles/**/*.json","particles/*.json"],"fileContent":["particle_effect"]},"schema":"file:///data/packages/minecraftBedrock/schema/particle/main.json","packSpider":"particle.json","lightningCache":"particle.json","definitions":{"texturePath":{"directReference":true}},"documentation":{"baseUrl":"https://bedrock.dev/docs/stable/Particles","supportsQuerying":false},"highlighterConfiguration":{"keywords":["particle_effect"],"variables":["description","curves","components","events"],"typeIdentifiers":["format_version","event"]}},{"id":"skinManifest","icon":"mdi-alpha-m-box-outline","detect":{"packType":"skinPack","scope":"manifest.json","matcher":"manifest.json"},"schema":"file:///data/packages/minecraftBedrock/schema/manifest/main.json","highlighterConfiguration":{"variables":["metadata","header","modules","dependencies"],"typeIdentifiers":["format_version"]}},{"id":"manifest","icon":"mdi-alpha-m-box-outline","detect":{"packType":"behaviorPack","scope":"manifest.json","matcher":"manifest.json"},"schema":"file:///data/packages/minecraftBedrock/schema/manifest/main.json","highlighterConfiguration":{"variables":["metadata","header","modules","dependencies"],"typeIdentifiers":["format_version"]}},{"id":"pluginManifest","detect":{"matcher":".bridge/extensions/*/manifest.json"},"schema":"file:///data/packages/minecraftBedrock/schema/bridge/manifest/main.json"},{"id":"animationController","icon":"mdi-movie-search-outline","detect":{"packType":"behaviorPack","scope":"animation_controllers/","matcher":["animation_controllers/**/*.json","animation_controllers/*.json"],"fileContent":["animation_controllers"]},"schema":"file:///data/packages/minecraftBedrock/schema/animationController/main.json","lightningCache":"animationController.json","packSpider":"animationController.json","definitions":{"functionPath":{"directReference":true}},"documentation":{"baseUrl":"https://bedrock.dev/docs/stable/Entity%20Events#Animation%20Controller%20Events","supportsQuerying":false},"meta":{"commandsUseSlash":true},"highlighterConfiguration":{"keywords":["animation_controllers"],"variables":["states"],"typeIdentifiers":["format_version","initial_state"],"definitions":["animations","transitions","on_entry","on_exit"]}},{"id":"lootTable","icon":"mdi-skull-outline","detect":{"packType":"behaviorPack","scope":"loot_tables/","matcher":["loot_tables/**/*.json","loot_tables/*.json"],"fileContent":["pools"]},"schema":"file:///data/packages/minecraftBedrock/schema/lootTable/main.json","lightningCache":"lootTable.json","highlighterConfiguration":{"keywords":["pools"],"typeIdentifiers":["function"],"definitions":["conditions","rolls","tiers","entries","functions"]}},{"id":"texture","icon":"mdi-file-image-outline","detect":{"packType":"resourcePack","scope":["textures/"],"fileExtensions":[".png",".jpeg",".jpg",".tga"]}},{"id":"presetManifest","detect":{"matcher":".bridge/extensions/*/presets/*/manifest.json"},"schema":"file:///data/packages/minecraftBedrock/schema/bridge/preset/manifest.json"},{"id":"soundDefinition","detect":{"packType":"resourcePack","scope":"sounds/sound_definitions.json","matcher":"sounds/sound_definitions.json"},"schema":"file:///data/packages/minecraftBedrock/schema/soundDefinition/main.json","lightningCache":"soundDefinition.json","highlighterConfiguration":{"typeIdentifiers":["format_version"],"definitions":["sound_definitions"]}},{"id":"dimension","icon":"mdi-earth-box","detect":{"packType":"behaviorPack","scope":"dimensions/","matcher":["dimensions/**/*.json","dimensions/*.json"],"fileContent":["minecraft:dimension"]},"schema":"file:///data/packages/minecraftBedrock/schema/dimension/main.json","documentation":{"baseUrl":"https://docs.microsoft.com/en-us/minecraft/creator/documents/datadrivenoverworldheight","supportsQuerying":false},"highlighterConfiguration":{"variables":["description","components"],"typeIdentifiers":["format_version"]}},{"id":"theme","detect":{"matcher":".bridge/extensions/*/themes/*.json"},"schema":"file:///data/packages/minecraftBedrock/schema/bridge/theme/main.json"},{"id":"volume","icon":"mdi-shape-rectangle-plus","detect":{"packType":"worldTemplate","scope":"volumes/","matcher":["volumes/**/*.json","volumes/*.json"],"fileContent":["minecraft:volume"]},"schema":"file:///data/packages/minecraftBedrock/schema/volume/main.json","lightningCache":"volume.json","documentation":{"baseUrl":"https://bedrock.dev/docs/stable/Volumes","supportsQuerying":false},"highlighterConfiguration":{"variables":["description","components"],"typeIdentifiers":["format_version"]}},{"id":"worldManifest","icon":"mdi-alpha-m-box-outline","detect":{"packType":"worldTemplate","scope":"manifest.json","matcher":"manifest.json"},"schema":"file:///data/packages/minecraftBedrock/schema/manifest/main.json","highlighterConfiguration":{"variables":["metadata","header","modules","dependencies"],"typeIdentifiers":["format_version"]}},{"id":"featureRule","icon":"mdi-map-plus","detect":{"packType":"behaviorPack","scope":"feature_rules/","matcher":"feature_rules/*.json","fileContent":["minecraft:feature_rules"]},"schema":"file:///data/packages/minecraftBedrock/schema/featureRule/main.json","lightningCache":"featureRule.json","definitions":{"featureIdentifier":[{"from":"feature","match":"identifier"}]},"documentation":{"baseUrl":"https://bedrock.dev/docs/stable/Features#Feature%20rules","supportsQuerying":false},"highlighterConfiguration":{"variables":["description","conditions","distribution"],"typeIdentifiers":["format_version"]}},{"id":"clientLang","type":"text","icon":"mdi-web","detect":{"packType":"resourcePack","scope":["texts/"],"matcher":"texts/**/*.lang"},"formatOnSaveCapable":false,"lightningCache":"lang.js"},{"id":"clientEntity","icon":"mdi-minecraft","detect":{"packType":"resourcePack","scope":"entity/","matcher":["entity/**/*.json","entity/*.json"],"fileContent":["minecraft:client_entity"]},"schema":"file:///data/packages/minecraftBedrock/schema/clientEntity/main.json","packSpider":"clientEntity.json","lightningCache":"clientEntity.json","definitions":{"identifier":[{"from":"entity","match":"identifier"},{"from":"spawnRule","match":"identifier"}],"particle_identifier":[{"from":"particle","match":"identifier"}],"animationIdentifier":[{"from":"clientAnimation","match":"identifier"},{"from":"clientAnimationController","match":"identifier"}],"geometryIdentifier":[{"from":"geometry","match":"identifier"}],"soundEffectIdentifier":[{"from":"soundDefinition","match":"identifier"}],"renderControllerIdentifier":[{"from":"renderController","match":"identifier"}],"texturePath":{"directReference":true}},"documentation":{"baseUrl":"https://bedrock.dev/docs/stable/Entities#Client%20Entity%20Documentation","supportsQuerying":false},"highlighterConfiguration":{"variables":["description"],"typeIdentifiers":["format_version"],"definitions":["animations","scripts","render_controllers","materials","textures","geometry","spawn_egg","particle_effects","particle_emitters","sound_effects"]}},{"id":"material","icon":"mdi-texture","detect":{"packType":"resourcePack","scope":"materials/","matcher":["materials/**/*.material","materials/*.material"],"fileExtensions":[".material"]},"meta":{"language":"json"},"schema":"file:///data/packages/minecraftBedrock/schema/material/main.json"},{"id":"langDef","detect":{"packType":["behaviorPack","resourcePack","skinPack"],"scope":"texts/languages.json","matcher":"texts/languages.json"},"schema":"file:///data/packages/minecraftBedrock/schema/langDef/main.json"},{"id":"molang","type":"text","icon":"mdi-alpha-m","detect":{"packType":"behaviorPack","scope":"scripts/molang/","matcher":["scripts/molang/**/*.js","scripts/molang/*.js","scripts/molang/**/*.ts","scripts/molang/*.ts"]}},{"id":"customComponent","type":"text","icon":"mdi-language-javascript","detect":{"packType":"behaviorPack","scope":"components/item/","matcher":["components/item/**/*.js","components/item/**/*.ts"]},"types":["types/customComponent/common.d.ts","types/customComponent/item.d.ts"],"documentation":{"baseUrl":"https://bridge-core.app/extension-docs/custom-components/","supportsQuerying":false}},{"id":"itemTexture","detect":{"packType":"resourcePack","scope":"textures/item_texture.json","matcher":"textures/item_texture.json"},"schema":"file:///data/packages/minecraftBedrock/schema/itemTexture/main.json","lightningCache":"itemTexture.json","definitions":{"texturePath":{"directReference":true}}},{"id":"clientAnimationController","icon":"mdi-movie-search-outline","detect":{"packType":"resourcePack","scope":"animation_controllers/","matcher":["animation_controllers/**/*.json","animation_controllers/*.json"]},"schema":"file:///data/packages/minecraftBedrock/schema/clientAnimationController/main.json","lightningCache":"clientAnimationController.json","definitions":{"functionPath":{"directReference":true}},"documentation":{"baseUrl":"https://bedrock.dev/docs/stable/Animations#Animation%20Controllers","supportsQuerying":false},"highlighterConfiguration":{"keywords":["animation_controllers"],"variables":["states"],"typeIdentifiers":["format_version","initial_state"],"definitions":["animations","transitions","variables","particle_effects","sound_effects","on_entry","on_exit"]}},{"id":"mcstructure","type":"nbt","icon":"mdi-castle","detect":{"packType":"behaviorPack","scope":"structures/","matcher":["structures/**/*.mcstructure","structures/*.mcstructure"],"fileExtensions":[".mcstructure"]}},{"id":"gameTest","type":"text","icon":"mdi-test-tube","detect":{"packType":"behaviorPack","scope":"scripts/","matcher":["scripts/*.js","scripts/**/*.js","scripts/*.ts","scripts/**/*.ts"],"fileExtensions":[".js",".ts"]},"types":[{"definition":"types/gameTest/legacy/componentData.d.ts","requires":{"targetVersion":["<=","v1.17.30"]}},{"definition":"types/gameTest/legacy/v1.16.220.d.ts","requires":{"targetVersion":["<=","v1.16.220"]}},{"definition":"types/gameTest/legacy/v1.17.0.d.ts","requires":{"targetVersion":["=","v1.17.0"]}},{"definition":"types/gameTest/legacy/v1.17.10.d.ts","requires":{"targetVersion":["=","v1.17.10"]}},{"definition":"types/gameTest/legacy/v1.17.20.d.ts","requires":{"targetVersion":["=","v1.17.20"]}},{"definition":"types/gameTest/legacy/v1.17.20.d.ts","requires":{"targetVersion":["=","v1.17.30"]}},{"definition":"types/gameTest/v1.17.40/mojang-minecraft.d.ts","requires":{"targetVersion":["=","v1.17.40"],"dependencies":["b26a4d4c-afdf-4690-88f8-931846312678"]}},{"definition":"types/gameTest/v1.17.40/mojang-gametest.d.ts","requires":{"targetVersion":["=","v1.17.40"],"dependencies":["6f4b6893-1bb6-42fd-b458-7fa3d0c89616"]}},{"definition":"types/gameTest/v1.17.40/mojang-minecraft.d.ts","requires":{"targetVersion":["=","v1.18.0"],"dependencies":["b26a4d4c-afdf-4690-88f8-931846312678"]}},{"definition":"types/gameTest/v1.17.40/mojang-gametest.d.ts","requires":{"targetVersion":["=","v1.18.0"],"dependencies":["6f4b6893-1bb6-42fd-b458-7fa3d0c89616"]}},{"definition":"types/gameTest/v1.18.10/mojang-minecraft.d.ts","requires":{"targetVersion":["=","v1.18.10"],"dependencies":["b26a4d4c-afdf-4690-88f8-931846312678"]}},{"definition":"types/gameTest/v1.18.10/mojang-gametest.d.ts","requires":{"targetVersion":["=","v1.18.10"],"dependencies":["6f4b6893-1bb6-42fd-b458-7fa3d0c89616"]}},{"definition":"types/gameTest/v1.18.20/mojang-minecraft.d.ts","requires":{"targetVersion":["=","v1.18.20"],"dependencies":["b26a4d4c-afdf-4690-88f8-931846312678"]}},{"definition":"types/gameTest/v1.18.20/mojang-gametest.d.ts","requires":{"targetVersion":["=","v1.18.20"],"dependencies":["6f4b6893-1bb6-42fd-b458-7fa3d0c89616"]}},{"definition":"types/gameTest/v1.18.30/mojang-minecraft.d.ts","requires":{"targetVersion":["=","v1.18.30"],"dependencies":["b26a4d4c-afdf-4690-88f8-931846312678"]}},{"definition":"types/gameTest/v1.18.30/mojang-gametest.d.ts","requires":{"targetVersion":["=","v1.18.30"],"dependencies":["6f4b6893-1bb6-42fd-b458-7fa3d0c89616"]}},{"definition":"types/gameTest/v1.18.30/mojang-minecraft-ui.d.ts","requires":{"targetVersion":["=","v1.18.30"],"dependencies":["2bd50a27-ab5f-4f40-a596-3641627c635e"]}},{"definition":"types/gameTest/v1.19.0/mojang-minecraft.d.ts","requires":{"targetVersion":[">=","v1.19.0"],"dependencies":["b26a4d4c-afdf-4690-88f8-931846312678"]}},{"definition":"types/gameTest/v1.19.0/mojang-gametest.d.ts","requires":{"targetVersion":[">=","v1.19.0"],"dependencies":["6f4b6893-1bb6-42fd-b458-7fa3d0c89616"]}},{"definition":"types/gameTest/v1.19.0/mojang-minecraft-ui.d.ts","requires":{"targetVersion":[">=","v1.19.0"],"dependencies":["2bd50a27-ab5f-4f40-a596-3641627c635e"]}},{"definition":"types/gameTest/v1.19.0/mojang-net.d.ts","requires":{"targetVersion":[">=","v1.19.0"],"dependencies":["777b1798-13a6-401c-9cba-0cf17e31a81b"]}},{"definition":"types/gameTest/v1.19.0/mojang-minecraft-server-admin.d.ts","requires":{"targetVersion":[">=","v1.19.0"],"dependencies":["53d7f2bf-bf9c-49c4-ad1f-7c803d947920"]}}],"documentation":{"baseUrl":"https://docs.microsoft.com/en-us/minecraft/creator/documents/gametestgettingstarted","supportsQuerying":false}},{"id":"molang","type":"text","icon":"mdi-alpha-m","detect":{"packType":["behaviorPack","resourcePack"],"scope":"molang/","matcher":["molang/**/*.molang","molang/*.molang"]},"formatOnSaveCapable":false,"documentation":{"baseUrl":"https://bedrock.dev/docs/stable/MoLang","supportsQuerying":false}},{"id":"skins","detect":{"packType":"skinPack","scope":"skins.json","matcher":"skins.json","fileContent":["skins"]},"schema":"file:///data/packages/minecraftBedrock/schema/skins/main.json"},{"id":"customCommand","type":"text","icon":"mdi-script-text-outline","detect":{"packType":"behaviorPack","scope":"commands/","matcher":["commands/**/*.js","commands/**/*.ts"]},"types":["types/customCommand/main.d.ts"],"documentation":{"baseUrl":"https://bridge-core.app/extension-docs/custom-commands/","supportsQuerying":false}},{"id":"volume","icon":"mdi-shape-rectangle-plus","detect":{"packType":"behaviorPack","scope":"volumes/","matcher":["volumes/**/*.json","volumes/*.json"],"fileContent":["minecraft:volume"]},"schema":"file:///data/packages/minecraftBedrock/schema/volume/main.json","lightningCache":"volume.json","documentation":{"baseUrl":"https://bedrock.dev/docs/stable/Volumes","supportsQuerying":false},"highlighterConfiguration":{"variables":["description","components"],"typeIdentifiers":["format_version"]}},{"id":"musicDefinition","detect":{"packType":"resourcePack","scope":"sounds/music_definitions.json","matcher":"sounds/music_definitions.json"},"schema":"file:///data/packages/minecraftBedrock/schema/musicDefinition/main.json"},{"id":"bridgeConfig","icon":"mdi-cog-outline","detect":{"matcher":["config.json"]},"schema":"file:///data/packages/common/schema/bridge/config/main.json","documentation":{"baseUrl":"https://github.com/bedrock-oss/project-config-standard","supportsQuerying":false},"highlighterConfiguration":{"variables":["packs","experimentalGameplay","packDefinitions","bridge","regolith","compiler","authors"],"typeIdentifiers":["type"]}},{"id":"ui","icon":"mdi-window-maximize","detect":{"packType":"resourcePack","scope":"ui/","matcher":["ui/**/*.json","ui/*.json"]},"schema":"file:///data/packages/minecraftBedrock/schema/ui/main.json","documentation":{"baseUrl":"https://wiki.bedrock.dev/json-ui/json-ui-intro.html","supportsQuerying":false},"highlighterConfiguration":{"variables":["controls","bindings","factory","button_mappings"],"typeIdentifiers":["namespace","type"]}},{"id":"entity","icon":"mdi-minecraft","detect":{"packType":"behaviorPack","scope":"entities/","matcher":["entities/**/*.json","entities/*.json"],"fileContent":["minecraft:entity"]},"schema":"file:///data/packages/minecraftBedrock/schema/entity/main.json","packSpider":"entity.json","lightningCache":"entity.json","definitions":{"identifier":[{"from":"clientEntity","match":"identifier"},{"from":"spawnRule","match":"identifier"}],"animationIdentifier":[{"from":"animation","match":"identifier"},{"from":"animationController","match":"identifier"}],"family":[{"from":"entity","match":"family"}],"lootTablePath":{"directReference":true},"tradeTablePath":{"directReference":true},"functionPath":{"directReference":true}},"documentation":{"baseUrl":"https://bedrock.dev/docs/stable/Entities"},"highlighterConfiguration":{"variables":["description","component_groups","permutations","components","events"],"typeIdentifiers":["format_version","event"],"definitions":["animations","scripts","filters","add","remove","run_command"]}},{"id":"clientAnimation","icon":"mdi-movie-open-outline","detect":{"packType":"resourcePack","scope":"animations/","matcher":["animations/**/*.json","animations/*.json"],"fileContent":["animations/*/bones","animations/*/particle_effects","animations/*/sound_effects"]},"schema":"file:///data/packages/minecraftBedrock/schema/clientAnimation/main.json","lightningCache":"clientAnimation.json","definitions":{"particleEffect":[{"from":"clientEntity","match":"particleReference"},{"from":"attachable","match":"particleReference"}],"soundEffect":[{"from":"clientEntity","match":"soundReference"},{"from":"attachable","match":"soundReference"}]},"documentation":{"baseUrl":"https://bedrock.dev/docs/stable/Animations#Animations","supportsQuerying":false},"highlighterConfiguration":{"keywords":["animations"],"typeIdentifiers":["format_version","scale","rotation","position"],"definitions":["timeline","bones","particle_effects","sound_effects"]}},{"id":"terrainTexture","detect":{"packType":"resourcePack","scope":"textures/terrain_texture.json","matcher":"textures/terrain_texture.json"},"schema":"file:///data/packages/minecraftBedrock/schema/terrainTexture/main.json","lightningCache":"terrainTexture.json","definitions":{"texturePath":{"directReference":true}}},{"id":"recipe","icon":"mdi-book-outline","detect":{"packType":"behaviorPack","scope":"recipes/","matcher":["recipes/**/*.json","recipes/*.json"]},"schema":"file:///data/packages/minecraftBedrock/schema/recipe/main.json","lightningCache":"recipe.json","definitions":{"itemIdentifier":[{"from":"item","match":"identifier"},{"from":"clientItem","match":"identifier"}]},"documentation":{"baseUrl":"https://bedrock.dev/docs/stable/Recipes","supportsQuerying":false},"highlighterConfiguration":{"variables":["description","tags","groups","result","pattern","key","ingredients","input","output","reagent","priority","group"],"typeIdentifiers":["format_version"]}},{"id":"tradeTable","icon":"mdi-store-outline","detect":{"packType":"behaviorPack","scope":"trading/","matcher":["trading/**/*.json","trading/*.json"],"fileContent":["tiers"]},"schema":"file:///data/packages/minecraftBedrock/schema/tradeTable/main.json","highlighterConfiguration":{"keywords":["tiers"],"variables":["functions"],"typeIdentifiers":["item"],"definitions":["trades","groups"]}},{"id":"block","icon":"mdi-cube-outline","detect":{"packType":"behaviorPack","scope":"blocks/","matcher":["blocks/**/*.json","blocks/*.json"],"fileContent":["minecraft:block"]},"formatVersionMap":{"1.18.30":"1.18.0","1.18.20":"1.18.0","1.18.10":"1.18.0"},"schema":"file:///data/packages/minecraftBedrock/schema/block/main.json","lightningCache":"block.json","packSpider":"block.json","definitions":{"identifier":[{"from":"clientBlock","match":"identifier"}],"geometryIdentifier":[{"from":"geometry","match":"identifier"}],"texture":[{"from":"terrainTexture","match":"texture"},{"from":"flipbookTexture","match":"texture"}],"lootTablePath":{"directReference":true}},"documentation":{"baseUrl":"https://bedrock.dev/docs/stable/Blocks","supportsQuerying":false},"highlighterConfiguration":{"variables":["description","permutations","components","events"],"typeIdentifiers":["format_version","event"],"definitions":["condition"]}},{"id":"customComponent","type":"text","icon":"mdi-language-javascript","detect":{"packType":"behaviorPack","scope":"components/entity/","matcher":["components/entity/**/*.js","components/entity/**/*.ts"]},"types":["types/customComponent/common.d.ts","types/customComponent/entity.d.ts"],"documentation":{"baseUrl":"https://bridge-core.app/extension-docs/custom-components","supportsQuerying":false}},{"id":"biome","icon":"mdi-island","detect":{"packType":"behaviorPack","scope":"biomes/","matcher":["biomes/**/*.json","biomes/*.json"],"fileContent":["minecraft:biome"]},"schema":"file:///data/packages/minecraftBedrock/schema/biome/main.json","lightningCache":"biome.json","documentation":{"baseUrl":"https://bedrock.dev/docs/stable/Biomes","supportsQuerying":false},"highlighterConfiguration":{"variables":["description","components"],"typeIdentifiers":["format_version"]}},{"id":"spawnRule","icon":"mdi-egg-outline","detect":{"packType":"behaviorPack","scope":"spawn_rules/","matcher":["spawn_rules/**/*.json","spawn_rules/*.json"],"fileContent":["minecraft:spawn_rules"]},"schema":"file:///data/packages/minecraftBedrock/schema/spawnRule/main.json","lightningCache":"spawnRule.json","definitions":{"identifier":[{"from":"entity","match":"identifier"},{"from":"clientEntity","match":"identifier"}]},"documentation":{"baseUrl":"https://bedrock.dev/docs/stable/Entities#Data-Driven%20Spawning","supportsQuerying":false},"highlighterConfiguration":{"variables":["description","conditions"],"typeIdentifiers":["format_version","event"],"definitions":["filter"]}}]