[{"id":"theme","detect":{"matcher":".bridge/extensions/*/themes/*.json"},"schema":"file:///data/packages/common/schema/bridge/theme/main.json"},{"id":"attachable","icon":"mdi-hat-fedora","detect":{"packType":"resourcePack","scope":"attachables/","matcher":["attachables/**/*","attachables/*"],"fileContent":["minecraft:attachable"],"fileExtensions":[".json"]},"schema":"file:///data/packages/minecraftBedrock/schema/attachable/main.json","lightningCache":"attachable.json","definitions":{"itemIdentifier":[{"from":"item","match":"identifier"},{"from":"clientItem","match":"identifier"}],"particle_identifier":[{"from":"particle","match":"identifier"}],"animationIdentifier":[{"from":"clientAnimation","match":"identifier"}],"geometryIdentifier":[{"from":"geometry","match":"identifier"}],"soundEffectIdentifier":[{"from":"soundDefinition","match":"identifier"}],"renderControllerIdentifier":[{"from":"renderController","match":"identifier"}],"texturePath":{"directReference":true}},"documentation":{"baseUrl":"https://bedrock.dev/docs/stable/Entities#Client%20Entity%20Documentation","supportsQuerying":false},"highlighterConfiguration":{"variables":["description"],"typeIdentifiers":["format_version"],"definitions":["animations","scripts","render_controllers","materials","textures","geometry","spawn_egg","particle_effects","particle_emitters","sound_effects"]}},{"id":"aimAssistCategories","icon":"mdi-crosshairs","detect":{"packType":"behaviorPack","scope":"aim_assist/categories/","matcher":["aim_assist/categories/**/*","aim_assist/categories/*"],"fileContent":["minecraft:aim_assist_categories"],"fileExtensions":[".json"]},"schema":"file:///data/packages/minecraftBedrock/schema/aimAssistCategories/main.json","lightningCache":"aimAssistCategories.json","highlighterConfiguration":{"typeIdentifiers":["format_version","identifier"]}},{"id":"ui","icon":"mdi-window-maximize","detect":{"packType":"resourcePack","scope":"ui/","matcher":["ui/**/*","ui/*"],"fileExtensions":[".json"]},"schema":"file:///data/packages/minecraftBedrock/schema/ui/main.json","documentation":{"baseUrl":"https://wiki.bedrock.dev/json-ui/json-ui-intro.html","supportsQuerying":false},"highlighterConfiguration":{"variables":["controls","bindings","factory","button_mappings"],"typeIdentifiers":["namespace","type"]}},{"id":"mcstructure","type":"nbt","icon":"mdi-castle","detect":{"packType":"behaviorPack","scope":"structures/","matcher":["structures/**/*","structures/*"],"fileExtensions":[".mcstructure"]}},{"id":"pointLightSettings","icon":"mdi-spotlight","detect":{"packType":"resourcePack","scope":"point_lights/global.json","matcher":"point_lights/global.json","fileContent":["minecraft:point_light_settings"],"fileExtensions":[".json"]},"schema":"file:///data/packages/minecraftBedrock/schema/pointLightSettings/main.json","highlighterConfiguration":{"variables":["colors"],"typeIdentifiers":["format_version"]}},{"id":"material","icon":"mdi-texture","detect":{"packType":"resourcePack","scope":"materials/","matcher":["materials/**/*","materials/*"],"fileExtensions":[".material"]},"meta":{"language":"json"},"schema":"file:///data/packages/minecraftBedrock/schema/material/main.json"},{"id":"lang","type":"text","icon":"mdi-web","detect":{"packType":["behaviorPack","skinPack"],"scope":"texts/","matcher":"texts/**/*","fileExtensions":[".lang"]},"formatOnSaveCapable":false},{"id":"atmosphereSettings","icon":"mdi-weather-dust","detect":{"packType":"resourcePack","scope":"atmospherics/","matcher":["atmospherics/**/*","atmospherics/*"],"fileContent":["minecraft:atmosphere_settings"],"fileExtensions":[".json"]},"lightningCache":"atmosphereSettings.json","schema":"file:///data/packages/minecraftBedrock/schema/atmosphereSettings/main.json","highlighterConfiguration":{"variables":["description","horizon_blend_stops","rayleigh_strength","sun_mie_strength","moon_mie_strength","sun_glare_shape","sky_zenith_color","sky_horizon_color"],"typeIdentifiers":["format_version"]}},{"id":"splashes","detect":{"packType":"resourcePack","scope":"splashes.json","matcher":"splashes.json","fileExtensions":[".json"]},"schema":"file:///data/packages/minecraftBedrock/schema/splashes/main.json","highlighterConfiguration":{"typeIdentifiers":["conditional"],"keywords":["requires"]}},{"id":"waterSettings","icon":"mdi-waves","detect":{"packType":"resourcePack","scope":"water/","matcher":["water/**/*","water/*"],"fileContent":["minecraft:water_settings"],"fileExtensions":[".json"]},"lightningCache":"waterSettings.json","schema":"file:///data/packages/minecraftBedrock/schema/waterSettings/main.json","highlighterConfiguration":{"variables":["description","particle_concentrations","caustics","waves"],"typeIdentifiers":["format_version"]}},{"id":"bridgeConfig","icon":"mdi-cog-outline","detect":{"matcher":["config.json"]},"schema":"file:///data/packages/common/schema/bridge/config/main.json","documentation":{"baseUrl":"https://github.com/bedrock-oss/project-config-standard","supportsQuerying":false},"highlighterConfiguration":{"variables":["packs","experimentalGameplay","packDefinitions","bridge","regolith","compiler","authors"],"typeIdentifiers":["type"]}},{"id":"soundDefinition","detect":{"packType":"resourcePack","scope":"sounds/sound_definitions.json","matcher":"sounds/sound_definitions.json","fileExtensions":[".json"]},"schema":"file:///data/packages/minecraftBedrock/schema/soundDefinition/main.json","lightningCache":"soundDefinition.json","highlighterConfiguration":{"typeIdentifiers":["format_version"],"definitions":["sound_definitions"]}},{"id":"dialogue","icon":"mdi-forum","detect":{"packType":"behaviorPack","scope":"dialogue/","matcher":["dialogue/**/*","dialogue/*"],"fileContent":["minecraft:npc_dialogue"],"fileExtensions":[".json"]},"schema":"file:///data/packages/minecraftBedrock/schema/dialogue/main.json","lightningCache":"dialogue.json","documentation":{"baseUrl":"https://docs.microsoft.com/de-de/minecraft/creator/documents/npcdialogue","supportsQuerying":false},"meta":{"commandsUseSlash":true},"highlighterConfiguration":{"variables":["scenes"],"typeIdentifiers":["format_version","commands","on_open_commands","on_close_commands"]}},{"id":"featureRule","icon":"mdi-map-plus","detect":{"packType":"behaviorPack","scope":"feature_rules/","matcher":"feature_rules/*","fileContent":["minecraft:feature_rules"],"fileExtensions":[".json"]},"schema":"file:///data/packages/minecraftBedrock/schema/featureRule/main.json","lightningCache":"featureRule.json","definitions":{"featureIdentifier":[{"from":"feature","match":"identifier"}]},"documentation":{"baseUrl":"https://bedrock.dev/docs/stable/Features#Feature%20rules","supportsQuerying":false},"highlighterConfiguration":{"variables":["description","conditions","distribution"],"typeIdentifiers":["format_version"]}},{"id":"volume","icon":"mdi-shape-rectangle-plus","detect":{"packType":"behaviorPack","scope":"volumes/","matcher":["volumes/**/*","volumes/*"],"fileContent":["minecraft:volume"],"fileExtensions":[".json"]},"schema":"file:///data/packages/minecraftBedrock/schema/volume/main.json","lightningCache":"volume.json","documentation":{"baseUrl":"https://bedrock.dev/docs/stable/Volumes","supportsQuerying":false},"highlighterConfiguration":{"variables":["description","components"],"typeIdentifiers":["format_version"]}},{"id":"skinManifest","icon":"mdi-alpha-m-box-outline","detect":{"packType":"skinPack","scope":"manifest.json","matcher":"manifest.json","fileExtensions":[".json"]},"schema":"file:///data/packages/minecraftBedrock/schema/manifest/main.json","highlighterConfiguration":{"variables":["metadata","header","modules","dependencies"],"typeIdentifiers":["format_version"]}},{"id":"spawnRule","icon":"mdi-egg-outline","detect":{"packType":"behaviorPack","scope":"spawn_rules/","matcher":["spawn_rules/**/*","spawn_rules/*"],"fileContent":["minecraft:spawn_rules"],"fileExtensions":[".json"]},"schema":"file:///data/packages/minecraftBedrock/schema/spawnRule/main.json","lightningCache":"spawnRule.json","definitions":{"identifier":[{"from":"entity","match":"identifier"},{"from":"clientEntity","match":"identifier"}]},"documentation":{"baseUrl":"https://bedrock.dev/docs/stable/Entities#Data-Driven%20Spawning","supportsQuerying":false},"highlighterConfiguration":{"variables":["description","conditions"],"typeIdentifiers":["format_version","event"],"definitions":["filter"]}},{"id":"flipbookTexture","detect":{"packType":"resourcePack","scope":"textures/flipbook_textures.json","matcher":"textures/flipbook_textures.json","fileExtensions":[".json"]},"schema":"file:///data/packages/minecraftBedrock/schema/flipbookTexture/main.json","lightningCache":"flipbookTexture.json","definitions":{"texturePath":{"directReference":true}}},{"id":"pbrFallbackSettings","icon":"mdi-texture","detect":{"packType":"resourcePack","scope":"pbr/global.json","matcher":"pbr/global.json","fileContent":["minecraft:pbr_fallback_settings"],"fileExtensions":[".json"]},"schema":"file:///data/packages/minecraftBedrock/schema/pbrFallbackSettings/main.json","highlighterConfiguration":{"typeIdentifiers":["format_version"]}},{"id":"geometry","icon":"mdi-cube-outline","detect":{"packType":"resourcePack","matcher":["models/entity/**/*","models/blocks/**/*","models/entity/*","models/blocks/*","models/mobs.json"],"scope":"models/","fileContent":["minecraft:geometry"],"fileExtensions":[".json"]},"lightningCache":"geometry.json","schema":"file:///data/packages/minecraftBedrock/schema/geometry/main.json","highlighterConfiguration":{"variables":["description","bones","cubes"],"typeIdentifiers":["format_version"]}},{"id":"clientBlock","detect":{"packType":"resourcePack","scope":"blocks.json","matcher":"blocks.json","fileExtensions":[".json"]},"schema":"file:///data/packages/minecraftBedrock/schema/clientBlock/main.json","lightningCache":"clientBlock.json","definitions":{"identifier":[{"from":"block","match":"identifier"}]},"highlighterConfiguration":{"typeIdentifiers":["format_version"]}},{"id":"function","type":"text","icon":"mdi-function","detect":{"packType":"behaviorPack","scope":"functions/","matcher":["functions/**/*","functions/*"],"fileExtensions":[".mcfunction"]},"packSpider":"function.json","formatOnSaveCapable":false,"lightningCache":"function.js"},{"id":"langDef","detect":{"packType":["behaviorPack","resourcePack","skinPack"],"scope":"texts/languages.json","matcher":"texts/languages.json","fileExtensions":[".json"]},"schema":"file:///data/packages/minecraftBedrock/schema/langDef/main.json"},{"id":"craftingItemCatalog","icon":"mdi-table-search","detect":{"packType":"behaviorPack","scope":"item_catalog/crafting_item_catalog.json","matcher":"item_catalog/crafting_item_catalog.json","fileExtensions":[".json"]},"schema":"file:///data/packages/minecraftBedrock/schema/craftingItemCatalog/main.json","lightningCache":"craftingItemCatalog.json","highlighterConfiguration":{"typeIdentifiers":["format_version"],"definitions":["categories"]}},{"id":"clientLang","type":"text","icon":"mdi-web","detect":{"packType":"resourcePack","scope":["texts/"],"matcher":"texts/**/*","fileExtensions":[".lang"]},"formatOnSaveCapable":false,"lightningCache":"lang.js"},{"id":"blockCulling","icon":"mdi-cube-scan","detect":{"packType":"resourcePack","scope":"block_culling/","matcher":["block_culling/**/*","block_culling/*"],"fileContent":["minecraft:block_culling_rules"],"fileExtensions":[".json"]},"schema":"file:///data/packages/minecraftBedrock/schema/blockCulling/main.json","lightningCache":"blockCulling.json","highlighterConfiguration":{"variables":["description"],"typeIdentifiers":["format_version","identifier"],"definitions":["rules"]}},{"id":"feature","icon":"mdi-flower","detect":{"packType":"behaviorPack","scope":"features/","matcher":"features/*","fileExtensions":[".json"]},"schema":"file:///data/packages/minecraftBedrock/schema/feature/main.json","lightningCache":"feature.json","definitions":{"blockIdentifier":[{"from":"block","match":"identifier"},{"from":"clientBlock","match":"identifier"}]},"documentation":{"baseUrl":"https://bedrock.dev/docs/stable/Features"},"highlighterConfiguration":{"variables":["description"],"typeIdentifiers":["format_version"]}},{"id":"manifest","icon":"mdi-alpha-m-box-outline","detect":{"packType":"behaviorPack","scope":"manifest.json","matcher":"manifest.json","fileExtensions":[".json"]},"schema":"file:///data/packages/minecraftBedrock/schema/manifest/main.json","highlighterConfiguration":{"variables":["metadata","header","modules","dependencies"],"typeIdentifiers":["format_version"]}},{"id":"customComponent","type":"text","icon":"mdi-language-javascript","detect":{"packType":"behaviorPack","scope":"components/entity/","matcher":["components/entity/**/*","components/entity/*"],"fileExtensions":[".js",".ts"]},"types":["types/customComponent/common.d.ts","types/customComponent/entity.d.ts"],"documentation":{"baseUrl":"https://bridge-core.app/extension-docs/custom-components","supportsQuerying":false}},{"id":"biomesClient","detect":{"packType":"resourcePack","scope":"biomes_client.json","matcher":"biomes_client.json","fileExtensions":[".json"]},"schema":"file:///data/packages/minecraftBedrock/schema/biomesClient/main.json","lightningCache":"biomesClient.json","definitions":{"fogIdentifier":[{"from":"fog","match":"identifier"}]},"highlighterConfiguration":{"definitions":["biomes"]}},{"id":"dimension","icon":"mdi-earth-box","detect":{"packType":"behaviorPack","scope":"dimensions/","matcher":["dimensions/**/*","dimensions/*"],"fileContent":["minecraft:dimension"],"fileExtensions":[".json"]},"schema":"file:///data/packages/minecraftBedrock/schema/dimension/main.json","documentation":{"baseUrl":"https://docs.microsoft.com/en-us/minecraft/creator/documents/datadrivenoverworldheight","supportsQuerying":false},"highlighterConfiguration":{"variables":["description","components"],"typeIdentifiers":["format_version"]}},{"id":"molang","type":"text","icon":"mdi-alpha-m","detect":{"packType":["behaviorPack","resourcePack"],"scope":"molang/","matcher":["molang/**/*","molang/*"],"fileExtensions":[".molang"]},"formatOnSaveCapable":false,"documentation":{"baseUrl":"https://bedrock.dev/docs/stable/MoLang","supportsQuerying":false}},{"id":"templatePool","icon":"mdi-library-shelves","detect":{"packType":"behaviorPack","scope":["worldgen/template_pools/"],"matcher":["worldgen/template_pools/**/*","worldgen/template_pools/*"],"fileContent":["minecraft:template_pool"],"fileExtensions":[".json"]},"schema":"file:///data/packages/minecraftBedrock/schema/templatePool/main.json","lightningCache":"templatePool.json","documentation":{"baseUrl":"https://learn.microsoft.com/en-us/minecraft/creator/reference/content/worldgenreference/examples/jigsawtemplatepools?view=minecraft-bedrock-stable","supportsQuerying":false},"highlighterConfiguration":{"variables":["description"],"typeIdentifiers":["format_version"]}},{"id":"extensionManifest","detect":{"matcher":".bridge/extensions/*/manifest.json"},"schema":"file:///data/packages/common/schema/bridge/manifest/main.json"},{"id":"clientSound","detect":{"packType":"resourcePack","scope":"sounds.json","matcher":"sounds.json","fileExtensions":[".json"]},"schema":"file:///data/packages/minecraftBedrock/schema/clientSound/main.json","lightningCache":"clientSound.json","highlighterConfiguration":{"keywords":["block_sounds","entity_sounds","individual_event_sounds","individual_named_sounds","interactive_sounds"]}},{"id":"skins","detect":{"packType":"skinPack","scope":"skins.json","matcher":"skins.json","fileContent":["skins"],"fileExtensions":[".json"]},"schema":"file:///data/packages/minecraftBedrock/schema/skins/main.json"},{"id":"terrainTexture","detect":{"packType":"resourcePack","scope":"textures/terrain_texture.json","matcher":"textures/terrain_texture.json","fileExtensions":[".json"]},"schema":"file:///data/packages/minecraftBedrock/schema/terrainTexture/main.json","lightningCache":"terrainTexture.json","definitions":{"texturePath":{"directReference":true}}},{"id":"renderController","icon":"mdi-pentagon-outline","detect":{"packType":"resourcePack","scope":"render_controllers/","matcher":["render_controllers/**/*","render_controllers/*"],"fileContent":["render_controllers"],"fileExtensions":[".json"]},"schema":"file:///data/packages/minecraftBedrock/schema/renderController/main.json","packSpider":"renderController.json","lightningCache":"renderController.json","documentation":{"baseUrl":"https://bedrock.dev/docs/stable/Animations#Render%20Controllers","supportsQuerying":false},"highlighterConfiguration":{"keywords":["render_controllers"],"typeIdentifiers":["format_version","textures","geometries","materials"],"definitions":["color","overlay_color","is_hurt_color","on_fire_color","uv_anim","arrays","geometry","materials","textures","part_visibility"]}},{"id":"customComponent","type":"text","icon":"mdi-language-javascript","detect":{"packType":"behaviorPack","scope":"components/item/","matcher":["components/item/**/*","components/item/*"],"fileExtensions":[".js",".ts"]},"types":["types/customComponent/common.d.ts","types/customComponent/item.d.ts"],"documentation":{"baseUrl":"https://bridge-core.app/extension-docs/custom-components/","supportsQuerying":false}},{"id":"lightingSettings","icon":"mdi-lightbulb","detect":{"packType":"resourcePack","scope":"lighting/","matcher":["lighting/**/*","lighting/*"],"fileContent":["minecraft:lighting_settings"],"fileExtensions":[".json"]},"lightningCache":"lightingSettings.json","schema":"file:///data/packages/minecraftBedrock/schema/lightingSettings/main.json","highlighterConfiguration":{"variables":["description","directional_lights","emissive","ambient","sky"],"typeIdentifiers":["format_version"]}},{"id":"animationController","icon":"mdi-movie-search-outline","detect":{"packType":"behaviorPack","scope":"animation_controllers/","matcher":["animation_controllers/**/*","animation_controllers/*"],"fileContent":["animation_controllers"],"fileExtensions":[".json"]},"schema":"file:///data/packages/minecraftBedrock/schema/animationController/main.json","lightningCache":"animationController.json","packSpider":"animationController.json","definitions":{"functionPath":{"directReference":true}},"documentation":{"baseUrl":"https://bedrock.dev/docs/stable/Entity%20Events#Animation%20Controller%20Events","supportsQuerying":false},"meta":{"commandsUseSlash":true},"highlighterConfiguration":{"keywords":["animation_controllers"],"variables":["states"],"typeIdentifiers":["format_version","initial_state"],"definitions":["animations","transitions","on_entry","on_exit"]}},{"id":"tradeTable","icon":"mdi-store-outline","detect":{"packType":"behaviorPack","scope":"trading/","matcher":["trading/**/*","trading/*"],"fileContent":["tiers"],"fileExtensions":[".json"]},"schema":"file:///data/packages/minecraftBedrock/schema/tradeTable/main.json","highlighterConfiguration":{"keywords":["tiers"],"variables":["functions"],"typeIdentifiers":["item"],"definitions":["trades","groups","filters"]}},{"id":"clientEntity","icon":"mdi-minecraft","detect":{"packType":"resourcePack","scope":"entity/","matcher":["entity/**/*","entity/*"],"fileContent":["minecraft:client_entity"],"fileExtensions":[".json"]},"schema":"file:///data/packages/minecraftBedrock/schema/clientEntity/main.json","packSpider":"clientEntity.json","lightningCache":"clientEntity.json","definitions":{"identifier":[{"from":"entity","match":"identifier"},{"from":"spawnRule","match":"identifier"}],"particle_identifier":[{"from":"particle","match":"identifier"}],"animationIdentifier":[{"from":"clientAnimation","match":"identifier"},{"from":"clientAnimationController","match":"identifier"}],"geometryIdentifier":[{"from":"geometry","match":"identifier"}],"soundEffectIdentifier":[{"from":"soundDefinition","match":"identifier"}],"renderControllerIdentifier":[{"from":"renderController","match":"identifier"}],"texturePath":{"directReference":true}},"documentation":{"baseUrl":"https://bedrock.dev/docs/stable/Entities#Client%20Entity%20Documentation","supportsQuerying":false},"highlighterConfiguration":{"variables":["description"],"typeIdentifiers":["format_version"],"definitions":["animations","scripts","render_controllers","materials","textures","geometry","spawn_egg","particle_effects","particle_emitters","sound_effects"]}},{"id":"clientBiome","icon":"mdi-island","detect":{"packType":"resourcePack","scope":"biomes/","matcher":["biomes/**/*","biomes/*"],"fileContent":["minecraft:biome"],"fileExtensions":[".json"]},"schema":"file:///data/packages/minecraftBedrock/schema/clientBiome/main.json","lightningCache":"clientBiome.json","documentation":{"baseUrl":"https://bedrock.dev/docs/beta/Client%20Biomes","supportsQuerying":false},"highlighterConfiguration":{"variables":["description","components"],"typeIdentifiers":["format_version"]}},{"id":"texture","icon":"mdi-file-image-outline","detect":{"packType":"resourcePack","scope":["textures/"],"fileExtensions":[".png",".jpeg",".jpg",".tga"]}},{"id":"aimAssistPreset","icon":"mdi-crosshairs","detect":{"packType":"behaviorPack","scope":"aim_assist/presets/","matcher":["aim_assist/presets/**/*","aim_assist/presets/*"],"fileContent":["minecraft:aim_assist_preset"],"fileExtensions":[".json"]},"schema":"file:///data/packages/minecraftBedrock/schema/aimAssistPreset/main.json","lightningCache":"aimAssistPreset.json","highlighterConfiguration":{"typeIdentifiers":["format_version","identifier","categories"]}},{"id":"animation","detect":{"packType":"behaviorPack","scope":"animations/","matcher":["animations/**/*","animations/*"],"fileContent":["animations/*/timeline"],"fileExtensions":[".json"]},"icon":"mdi-movie-open-outline","schema":"file:///data/packages/minecraftBedrock/schema/animation/main.json","lightningCache":"animation.json","packSpider":"animation.json","definitions":{"functionPath":{"directReference":true}},"documentation":{"baseUrl":"https://bedrock.dev/docs/stable/Entity%20Events#Animation%20Events","supportsQuerying":false},"meta":{"commandsUseSlash":true},"highlighterConfiguration":{"keywords":["animations"],"typeIdentifiers":["format_version"],"definitions":["timeline"]}},{"id":"lootTable","icon":"mdi-skull-outline","detect":{"packType":"behaviorPack","scope":"loot_tables/","matcher":["loot_tables/**/*","loot_tables/*"],"fileContent":["pools"],"fileExtensions":[".json"]},"schema":"file:///data/packages/minecraftBedrock/schema/lootTable/main.json","lightningCache":"lootTable.json","highlighterConfiguration":{"keywords":["pools"],"typeIdentifiers":["function"],"definitions":["conditions","rolls","tiers","entries","functions"]}},{"id":"biome","icon":"mdi-island","detect":{"packType":"behaviorPack","scope":"biomes/","matcher":["biomes/**/*","biomes/*"],"fileContent":["minecraft:biome"],"fileExtensions":[".json"]},"schema":"file:///data/packages/minecraftBedrock/schema/biome/main.json","lightningCache":"biome.json","documentation":{"baseUrl":"https://bedrock.dev/docs/stable/Biomes","supportsQuerying":false},"highlighterConfiguration":{"variables":["description","components"],"typeIdentifiers":["format_version"]}},{"id":"structureSet","icon":"mdi-castle","detect":{"packType":"behaviorPack","scope":["worldgen/structure_sets/"],"matcher":["worldgen/structure_sets/**/*","worldgen/structure_sets/*"],"fileContent":["minecraft:structure_set"],"fileExtensions":[".json"]},"schema":"file:///data/packages/minecraftBedrock/schema/structureSet/main.json","lightningCache":"structureSet.json","documentation":{"baseUrl":"https://learn.microsoft.com/en-us/minecraft/creator/reference/content/worldgenreference/examples/jigsawstructuresets?view=minecraft-bedrock-stable","supportsQuerying":false},"highlighterConfiguration":{"variables":["description"],"typeIdentifiers":["format_version"]}},{"id":"functionTick","icon":"mdi-timer","detect":{"packType":"behaviorPack","scope":"functions/tick.json","matcher":"functions/tick.json","fileContent":["values"],"fileExtensions":[".json"]},"schema":"file:///data/packages/minecraftBedrock/schema/tick/main.json"},{"id":"colorGradingSettings","icon":"mdi-palette","detect":{"packType":"resourcePack","scope":"color_grading/","matcher":["color_grading/**/*","color_grading/*"],"fileContent":["minecraft:color_grading_settings"],"fileExtensions":[".json"]},"lightningCache":"colorGradingSettings.json","schema":"file:///data/packages/minecraftBedrock/schema/colorGradingSettings/main.json","highlighterConfiguration":{"variables":["description","color_grading","tone_mapping"],"typeIdentifiers":["format_version"]}},{"id":"clientAnimation","icon":"mdi-movie-open-outline","detect":{"packType":"resourcePack","scope":"animations/","matcher":["animations/**/*","animations/*"],"fileContent":["animations/*/bones","animations/*/particle_effects","animations/*/sound_effects"],"fileExtensions":[".json"]},"schema":"file:///data/packages/minecraftBedrock/schema/clientAnimation/main.json","lightningCache":"clientAnimation.json","definitions":{"particleEffect":[{"from":"clientEntity","match":"particleReference"},{"from":"attachable","match":"particleReference"}],"soundEffect":[{"from":"clientEntity","match":"soundReference"},{"from":"attachable","match":"soundReference"}]},"documentation":{"baseUrl":"https://bedrock.dev/docs/stable/Animations#Animations","supportsQuerying":false},"highlighterConfiguration":{"keywords":["animations"],"typeIdentifiers":["format_version","scale","rotation","position"],"definitions":["timeline","bones","particle_effects","sound_effects"]}},{"id":"clientManifest","icon":"mdi-alpha-m-box-outline","detect":{"packType":"resourcePack","scope":"manifest.json","matcher":"manifest.json","fileExtensions":[".json"]},"schema":"file:///data/packages/minecraftBedrock/schema/manifest/main.json","lightningCache":"clientManifest.json","highlighterConfiguration":{"variables":["metadata","header","modules","dependencies"],"typeIdentifiers":["format_version"]}},{"id":"textureSet","icon":"mdi-format-list-bulleted","detect":{"packType":"resourcePack","matcher":["textures/blocks/**/*","textures/blocks/*"],"fileExtensions":[".json"]},"schema":"file:///data/packages/minecraftBedrock/schema/textureSet/main.json","documentation":{"baseUrl":"https://bedrock.dev/docs/stable/Texture%20Sets"},"highlighterConfiguration":{"variables":["color","color_unlit","metalness","emissive","roughness","metalness_emissive_roughness","heightmap","normal"],"typeIdentifiers":["format_version"]}},{"id":"musicDefinition","detect":{"packType":"resourcePack","scope":"sounds/music_definitions.json","matcher":"sounds/music_definitions.json","fileExtensions":[".json"]},"lightningCache":"musicDefinition.json","schema":"file:///data/packages/minecraftBedrock/schema/musicDefinition/main.json"},{"id":"recipe","icon":"mdi-book-outline","detect":{"packType":"behaviorPack","scope":"recipes/","matcher":["recipes/**/*","recipes/*"],"fileContent":["minecraft:recipe_furnace","minecraft:recipe_shaped","minecraft:recipe_shapeless","minecraft:recipe_brewing_mix","minecraft:recipe_brewing_container","minecraft:recipe_material_reduction"],"fileExtensions":[".json"]},"schema":"file:///data/packages/minecraftBedrock/schema/recipe/main.json","lightningCache":"recipe.json","definitions":{"itemIdentifier":[{"from":"item","match":"identifier"},{"from":"clientItem","match":"identifier"}]},"documentation":{"baseUrl":"https://bedrock.dev/docs/stable/Recipes","supportsQuerying":false},"highlighterConfiguration":{"variables":["description","tags","groups","result","pattern","key","ingredients","input","output","reagent","priority","group"],"typeIdentifiers":["format_version"]}},{"id":"particle","icon":"mdi-snowflake","detect":{"packType":"resourcePack","scope":"particles/","matcher":["particles/**/*","particles/*"],"fileContent":["particle_effect"],"fileExtensions":[".json"]},"schema":"file:///data/packages/minecraftBedrock/schema/particle/main.json","packSpider":"particle.json","lightningCache":"particle.json","definitions":{"texturePath":{"directReference":true}},"documentation":{"baseUrl":"https://bedrock.dev/docs/stable/Particles","supportsQuerying":false},"highlighterConfiguration":{"keywords":["particle_effect"],"variables":["description","curves","components","events"],"typeIdentifiers":["format_version","event"]}},{"id":"clientAnimationController","icon":"mdi-movie-search-outline","detect":{"packType":"resourcePack","scope":"animation_controllers/","matcher":["animation_controllers/**/*","animation_controllers/*"],"fileExtensions":[".json"]},"schema":"file:///data/packages/minecraftBedrock/schema/clientAnimationController/main.json","lightningCache":"clientAnimationController.json","definitions":{"functionPath":{"directReference":true}},"documentation":{"baseUrl":"https://bedrock.dev/docs/stable/Animations#Animation%20Controllers","supportsQuerying":false},"highlighterConfiguration":{"keywords":["animation_controllers"],"variables":["states"],"typeIdentifiers":["format_version","initial_state"],"definitions":["animations","transitions","variables","particle_effects","sound_effects","on_entry","on_exit"]}},{"id":"item","icon":"mdi-sword","detect":{"packType":"behaviorPack","scope":"items/","matcher":["items/**/*","items/*"],"fileContent":["minecraft:item"],"fileExtensions":[".json"]},"formatVersionMap":{"1.19.0":"1.18.0","1.18.30":"1.18.0","1.18.20":"1.18.0","1.18.10":"1.18.0"},"schema":"file:///data/packages/minecraftBedrock/schema/item/main.json","lightningCache":"item.json","packSpider":"item.json","definitions":{"identifier":[{"from":"clientItem","match":"identifier"}],"itemTexture":[{"from":"itemTexture","match":"texture"}],"lootTablePath":{"directReference":true}},"documentation":{"baseUrl":"https://bedrock.dev/docs/stable/Item","supportsQuerying":false},"highlighterConfiguration":{"variables":["description","components","events"],"typeIdentifiers":["format_version","event"],"definitions":["condition"]}},{"id":"cameraPreset","icon":"mdi-camera","detect":{"packType":"behaviorPack","scope":"cameras/presets/","matcher":["cameras/presets/**/*","cameras/presets/*"],"fileContent":["minecraft:camera_preset"],"fileExtensions":[".json"]},"schema":"file:///data/packages/minecraftBedrock/schema/cameraPreset/main.json","lightningCache":"cameraPreset.json","documentation":{"baseUrl":"https://learn.microsoft.com/en-us/minecraft/creator/documents/cameracommandintroduction#camera-presets","supportsQuerying":true},"highlighterConfiguration":{"typeIdentifiers":["format_version","identifier","inherit_from"]}},{"id":"entity","icon":"mdi-minecraft","detect":{"packType":"behaviorPack","scope":"entities/","matcher":["entities/**/*","entities/*"],"fileContent":["minecraft:entity"],"fileExtensions":[".json"]},"schema":"file:///data/packages/minecraftBedrock/schema/entity/main.json","packSpider":"entity.json","lightningCache":"entity.json","definitions":{"identifier":[{"from":"clientEntity","match":"identifier"},{"from":"spawnRule","match":"identifier"}],"animationIdentifier":[{"from":"animation","match":"identifier"},{"from":"animationController","match":"identifier"}],"family":[{"from":"entity","match":"family"}],"lootTablePath":{"directReference":true},"tradeTablePath":{"directReference":true},"functionPath":{"directReference":true}},"documentation":{"baseUrl":"https://bedrock.dev/docs/stable/Entities"},"highlighterConfiguration":{"variables":["description","component_groups","permutations","components","events"],"typeIdentifiers":["format_version","event"],"definitions":["animations","scripts","filters","add","remove","run_command"]}},{"id":"customComponent","type":"text","icon":"mdi-language-javascript","detect":{"packType":"behaviorPack","scope":"components/block/","matcher":["components/block/**/*","components/block/*"],"fileExtensions":[".js",".ts"]},"types":["types/customComponent/common.d.ts","types/customComponent/block.d.ts"],"documentation":{"baseUrl":"https://bridge-core.app/extension-docs/custom-components/","supportsQuerying":false}},{"id":"presetManifest","detect":{"matcher":".bridge/extensions/*/presets/*/manifest.json"},"schema":"file:///data/packages/common/schema/bridge/preset/manifest.json"},{"id":"volume","icon":"mdi-shape-rectangle-plus","detect":{"packType":"worldTemplate","scope":"volumes/","matcher":["volumes/**/*","volumes/*"],"fileContent":["minecraft:volume"],"fileExtensions":[".json"]},"schema":"file:///data/packages/minecraftBedrock/schema/volume/main.json","lightningCache":"volume.json","documentation":{"baseUrl":"https://bedrock.dev/docs/stable/Volumes","supportsQuerying":false},"highlighterConfiguration":{"variables":["description","components"],"typeIdentifiers":["format_version"]}},{"id":"block","icon":"mdi-cube-outline","detect":{"packType":"behaviorPack","scope":"blocks/","matcher":["blocks/**/*","blocks/*"],"fileContent":["minecraft:block"],"fileExtensions":[".json"]},"formatVersionMap":{"1.18.30":"1.18.0","1.18.20":"1.18.0","1.18.10":"1.18.0"},"schema":"file:///data/packages/minecraftBedrock/schema/block/main.json","lightningCache":"block.json","packSpider":"block.json","definitions":{"identifier":[{"from":"clientBlock","match":"identifier"}],"geometryIdentifier":[{"from":"geometry","match":"identifier"}],"texture":[{"from":"terrainTexture","match":"texture"},{"from":"flipbookTexture","match":"texture"}],"lootTablePath":{"directReference":true}},"documentation":{"baseUrl":"https://bedrock.dev/docs/stable/Blocks","supportsQuerying":false},"highlighterConfiguration":{"variables":["description","permutations","components","events"],"typeIdentifiers":["format_version","event"],"definitions":["condition"]}},{"id":"itemTexture","detect":{"packType":"resourcePack","scope":"textures/item_texture.json","matcher":"textures/item_texture.json","fileExtensions":[".json"]},"schema":"file:///data/packages/minecraftBedrock/schema/itemTexture/main.json","lightningCache":"itemTexture.json","definitions":{"texturePath":{"directReference":true}}},{"id":"shadowSettings","icon":"mdi-spotlight-beam","detect":{"packType":"resourcePack","scope":"shadows/global.json","matcher":"shadows/global.json","fileContent":["minecraft:shadow_settings"],"fileExtensions":[".json"]},"schema":"file:///data/packages/minecraftBedrock/schema/shadowSettings/main.json","highlighterConfiguration":{"typeIdentifiers":["format_version"]}},{"id":"jigsawStructure","icon":"mdi-puzzle","detect":{"packType":"behaviorPack","scope":["worldgen/structures/"],"matcher":["worldgen/structures/**/*","worldgen/structures/*"],"fileContent":["minecraft:jigsaw"],"fileExtensions":[".json"]},"schema":"file:///data/packages/minecraftBedrock/schema/jigsawStructure/main.json","lightningCache":"jigsawStructure.json","documentation":{"baseUrl":"https://learn.microsoft.com/en-us/minecraft/creator/reference/content/worldgenreference/examples/jigsawjigsawstructures?view=minecraft-bedrock-stable","supportsQuerying":false},"highlighterConfiguration":{"variables":["description"],"typeIdentifiers":["format_version"]}},{"id":"customCommand","type":"text","icon":"mdi-script-text-outline","detect":{"packType":"behaviorPack","scope":"commands/","matcher":["commands/*","commands/**/*"],"fileExtensions":[".js",".ts"]},"types":["types/customCommand/main.d.ts"],"documentation":{"baseUrl":"https://bridge-core.app/extension-docs/custom-commands/","supportsQuerying":false}},{"id":"molangAstScript","type":"text","icon":"mdi-alpha-m","detect":{"packType":"behaviorPack","scope":"scripts/molang/","matcher":["scripts/molang/**/*","scripts/molang/*"],"fileExtensions":[".js",".ts"]}},{"id":"fog","icon":"mdi-weather-fog","detect":{"packType":"resourcePack","scope":"fogs/","matcher":["fogs/**/*","fogs/*"],"fileContent":["minecraft:fog"],"fileExtensions":[".json"]},"formatVersionMap":{"1.16.200":"1.16.100","1.16.210":"1.16.100","1.16.220":"1.16.100","1.17.0":"1.16.100","1.17.10":"1.16.100","1.17.20":"1.16.100","1.17.30":"1.16.100","1.17.40":"1.16.100","1.18.10":"1.16.100","1.18.20":"1.16.100","1.18.30":"1.16.100","1.19.0":"1.16.100","1.19.10":"1.16.100","1.19.20":"1.16.100","1.19.30":"1.16.100","1.19.40":"1.16.100"},"schema":"file:///data/packages/minecraftBedrock/schema/fog/main.json","lightningCache":"fog.json","documentation":{"baseUrl":"https://bedrock.dev/docs/stable/Fogs","supportsQuerying":false},"highlighterConfiguration":{"variables":["description","distance","volumetric"],"typeIdentifiers":["format_version"]}},{"id":"processorList","icon":"mdi-view-list","detect":{"packType":"behaviorPack","scope":["worldgen/processors/"],"matcher":["worldgen/processors/**/*","worldgen/processors/*"],"fileContent":["minecraft:processor_list"],"fileExtensions":[".json"]},"schema":"file:///data/packages/minecraftBedrock/schema/processorList/main.json","lightningCache":"processorList.json","documentation":{"baseUrl":"https://learn.microsoft.com/en-us/minecraft/creator/reference/content/worldgenreference/examples/jigsawprocessors?view=minecraft-bedrock-stable","supportsQuerying":false},"highlighterConfiguration":{"variables":["description"],"typeIdentifiers":["format_version"]}},{"id":"gameTest","type":"text","icon":"mdi-test-tube","detect":{"packType":"behaviorPack","scope":"scripts/","matcher":["scripts/*","scripts/**/*"],"fileExtensions":[".js",".ts"]},"types":[{"moduleName":"@minecraft/server","definition":"https://cdn.jsdelivr.net/npm/@minecraft/server@2.3.0-beta.1.21.110-preview.24/index.d.ts","requires":{"dependencies":[{"module_name":"@minecraft/server","version":"2.3.0-beta"}],"experimentalGameplay":["enableGameTestFramework"],"targetVersion":[">=","1.21.110"]}},{"moduleName":"@minecraft/server","definition":"https://cdn.jsdelivr.net/npm/@minecraft/server@2.2.0-rc.1.21.110-preview.24/index.d.ts","requires":{"dependencies":[{"module_name":"@minecraft/server","version":"2.2.0"}],"targetVersion":[">=","1.21.110"]}},{"moduleName":"@minecraft/server","definition":"https://cdn.jsdelivr.net/npm/@minecraft/server@2.2.0-beta.1.21.100-stable/index.d.ts","requires":{"dependencies":[{"module_name":"@minecraft/server","version":"2.2.0-beta"}],"experimentalGameplay":["enableGameTestFramework"],"targetVersion":[">=","1.21.100"]}},{"moduleName":"@minecraft/server","definition":"https://cdn.jsdelivr.net/npm/@minecraft/server@2.1.0/index.d.ts","requires":{"dependencies":[{"module_name":"@minecraft/server","version":"2.1.0"}]}},{"moduleName":"@minecraft/server","definition":"https://cdn.jsdelivr.net/npm/@minecraft/server@2.0.0/index.d.ts","requires":{"dependencies":[{"module_name":"@minecraft/server","version":"2.0.0"}]}},{"moduleName":"@minecraft/server","definition":"https://cdn.jsdelivr.net/npm/@minecraft/server@1.19.0/index.d.ts","requires":{"dependencies":[{"module_name":"@minecraft/server","version":"1.19.0"}]}},{"moduleName":"@minecraft/server","definition":"https://cdn.jsdelivr.net/npm/@minecraft/server@1.18.0/index.d.ts","requires":{"dependencies":[{"module_name":"@minecraft/server","version":"1.18.0"}]}},{"moduleName":"@minecraft/server","definition":"https://cdn.jsdelivr.net/npm/@minecraft/server@1.17.0/index.d.ts","requires":{"dependencies":[{"module_name":"@minecraft/server","version":"1.17.0"}]}},{"moduleName":"@minecraft/server","definition":"https://cdn.jsdelivr.net/npm/@minecraft/server@1.16.0/index.d.ts","requires":{"dependencies":[{"module_name":"@minecraft/server","version":"1.16.0"}]}},{"moduleName":"@minecraft/server","definition":"https://cdn.jsdelivr.net/npm/@minecraft/server@1.15.0/index.d.ts","requires":{"dependencies":[{"module_name":"@minecraft/server","version":"1.15.0"}]}},{"moduleName":"@minecraft/server","definition":"https://cdn.jsdelivr.net/npm/@minecraft/server@1.14.0/index.d.ts","requires":{"dependencies":[{"module_name":"@minecraft/server","version":"1.14.0"}]}},{"moduleName":"@minecraft/server","definition":"https://cdn.jsdelivr.net/npm/@minecraft/server@1.13.0/index.d.ts","requires":{"dependencies":[{"module_name":"@minecraft/server","version":"1.13.0"}]}},{"moduleName":"@minecraft/server","definition":"https://cdn.jsdelivr.net/npm/@minecraft/server@1.12.0/index.d.ts","requires":{"dependencies":[{"module_name":"@minecraft/server","version":"1.12.0"}]}},{"moduleName":"@minecraft/server","definition":"https://cdn.jsdelivr.net/npm/@minecraft/server@1.11.0/index.d.ts","requires":{"dependencies":[{"module_name":"@minecraft/server","version":"1.11.0"}]}},{"moduleName":"@minecraft/server","definition":"https://cdn.jsdelivr.net/npm/@minecraft/server@1.10.0/index.d.ts","requires":{"dependencies":[{"module_name":"@minecraft/server","version":"1.10.0"}]}},{"moduleName":"@minecraft/server","definition":"https://cdn.jsdelivr.net/npm/@minecraft/server@1.9.0/index.d.ts","requires":{"dependencies":[{"module_name":"@minecraft/server","version":"1.9.0"}]}},{"moduleName":"@minecraft/server","definition":"https://cdn.jsdelivr.net/npm/@minecraft/server@1.8.0/index.d.ts","requires":{"dependencies":[{"module_name":"@minecraft/server","version":"1.8.0"}]}},{"moduleName":"@minecraft/server","definition":"https://cdn.jsdelivr.net/npm/@minecraft/server@1.7.0/index.d.ts","requires":{"dependencies":[{"module_name":"@minecraft/server","version":"1.7.0"}]}},{"moduleName":"@minecraft/server","definition":"https://cdn.jsdelivr.net/npm/@minecraft/server@1.6.0/index.d.ts","requires":{"dependencies":[{"module_name":"@minecraft/server","version":"1.6.0"}]}},{"moduleName":"@minecraft/server","definition":"https://cdn.jsdelivr.net/npm/@minecraft/server@1.5.0/index.d.ts","requires":{"dependencies":[{"module_name":"@minecraft/server","version":"1.5.0"}]}},{"moduleName":"@minecraft/server","definition":"https://cdn.jsdelivr.net/npm/@minecraft/server@1.4.0/index.d.ts","requires":{"dependencies":[{"module_name":"@minecraft/server","version":"1.4.0"}]}},{"moduleName":"@minecraft/server","definition":"https://cdn.jsdelivr.net/npm/@minecraft/server@1.3.0/index.d.ts","requires":{"dependencies":[{"module_name":"@minecraft/server","version":"1.3.0"}]}},{"moduleName":"@minecraft/server","definition":"https://cdn.jsdelivr.net/npm/@minecraft/server@1.2.0/index.d.ts","requires":{"dependencies":[{"module_name":"@minecraft/server","version":"1.2.0"}]}},{"moduleName":"@minecraft/server","definition":"https://cdn.jsdelivr.net/npm/@minecraft/server@1.1.0/index.d.ts","requires":{"dependencies":[{"module_name":"@minecraft/server","version":"1.1.0"}]}},{"moduleName":"@minecraft/server","definition":"https://cdn.jsdelivr.net/npm/@minecraft/server@1.0.0/index.d.ts","requires":{"dependencies":[{"module_name":"@minecraft/server","version":"1.0.0"}]}},{"moduleName":"@minecraft/server-gametest","definition":"https://cdn.jsdelivr.net/npm/@minecraft/server-gametest@1.0.0-beta.1.21.110-preview.24/index.d.ts","requires":{"dependencies":[{"module_name":"@minecraft/server-gametest","version":"1.0.0-beta"}],"experimentalGameplay":["enableGameTestFramework"],"targetVersion":[">=","1.21.110"]}},{"moduleName":"@minecraft/server-gametest","definition":"https://cdn.jsdelivr.net/npm/@minecraft/server-gametest@1.0.0-beta.1.21.100-stable/index.d.ts","requires":{"dependencies":[{"module_name":"@minecraft/server-gametest","version":"1.0.0-beta"}],"experimentalGameplay":["enableGameTestFramework"]}},{"moduleName":"@minecraft/server-ui","definition":"https://cdn.jsdelivr.net/npm/@minecraft/server-ui@2.1.0-beta.1.21.100-stable/index.d.ts","requires":{"dependencies":[{"module_name":"@minecraft/server-ui","version":"2.1.0-beta"}],"experimentalGameplay":["enableGameTestFramework"]}},{"moduleName":"@minecraft/server-ui","definition":"https://cdn.jsdelivr.net/npm/@minecraft/server-ui@2.0.0/index.d.ts","requires":{"dependencies":[{"module_name":"@minecraft/server-ui","version":"2.0.0"}]}},{"moduleName":"@minecraft/server-ui","definition":"https://cdn.jsdelivr.net/npm/@minecraft/server-ui@1.3.0/index.d.ts","requires":{"dependencies":[{"module_name":"@minecraft/server-ui","version":"1.3.0"}]}},{"moduleName":"@minecraft/server-ui","definition":"https://cdn.jsdelivr.net/npm/@minecraft/server-ui@1.2.0/index.d.ts","requires":{"dependencies":[{"module_name":"@minecraft/server-ui","version":"1.2.0"}]}},{"moduleName":"@minecraft/server-ui","definition":"https://cdn.jsdelivr.net/npm/@minecraft/server-ui@1.1.0/index.d.ts","requires":{"dependencies":[{"module_name":"@minecraft/server-ui","version":"1.1.0"}]}},{"moduleName":"@minecraft/server-ui","definition":"https://cdn.jsdelivr.net/npm/@minecraft/server-ui@1.0.0/index.d.ts","requires":{"dependencies":[{"module_name":"@minecraft/server-ui","version":"1.0.0"}]}},{"moduleName":"@minecraft/server-admin","definition":"https://cdn.jsdelivr.net/npm/@minecraft/server-admin@1.0.0-beta.1.21.100-stable/index.d.ts","requires":{"dependencies":[{"module_name":"@minecraft/server-admin","version":"1.0.0-beta"}],"experimentalGameplay":["enableGameTestFramework"]}},{"moduleName":"@minecraft/server-net","definition":"https://cdn.jsdelivr.net/npm/@minecraft/server-net@1.0.0-beta.1.21.100-stable/index.d.ts","requires":{"dependencies":[{"module_name":"@minecraft/server-net","version":"1.0.0-beta"}],"experimentalGameplay":["enableGameTestFramework"]}},{"moduleName":"@minecraft/server-editor","definition":"https://cdn.jsdelivr.net/npm/@minecraft/server-editor@0.1.0-beta.1.21.110-preview.24/index.d.ts","requires":{"dependencies":[{"module_name":"@minecraft/server-editor","version":"0.1.0-beta"}],"targetVersion":[">=","1.21.110"],"experimentalGameplay":["enableGameTestFramework"]}},{"moduleName":"@minecraft/server-editor","definition":"https://cdn.jsdelivr.net/npm/@minecraft/server-editor@0.1.0-beta.1.21.100-stable/index.d.ts","requires":{"dependencies":[{"module_name":"@minecraft/server-editor","version":"0.1.0-beta"}],"experimentalGameplay":["enableGameTestFramework"]}},{"moduleName":"@minecraft/debug-utilities","definition":"https://cdn.jsdelivr.net/npm/@minecraft/debug-utilities@1.0.0-beta.1.21.100-stable/index.d.ts","requires":{"dependencies":[{"module_name":"@minecraft/debug-utilities","version":"1.0.0-beta"}],"experimentalGameplay":["enableGameTestFramework"]}},{"moduleName":"@minecraft/diagnostics","definition":"https://cdn.jsdelivr.net/npm/@minecraft/diagnostics@1.0.0-beta.1.21.100-stable/index.d.ts","requires":{"dependencies":[{"module_name":"@minecraft/diagnostics","version":"1.0.0-beta"}],"experimentalGameplay":["enableGameTestFramework"]}}],"documentation":{"baseUrl":"https://docs.microsoft.com/en-us/minecraft/creator/scriptapi/","supportsQuerying":false}},{"id":"sound","icon":"mdi-file-music-outline","detect":{"packType":"resourcePack","scope":["sounds/"],"fileExtensions":[".ogg",".fsb",".mp3"]}},{"id":"generatorScript","type":"text","icon":"mdi-cogs","add":"post","detect":{"packType":["behaviorPack","resourcePack","skinPack","worldTemplate"],"matcher":["**/*","!scripts/**/*","!scripts/*","!components/**/*","!components/*","!commands/**/*","!commands/*","!preprocessor_scripts/**/*","!preprocessor_scripts/*"],"fileExtensions":[".js",".ts"]},"types":["types/generatorScript/main.d.ts"]},{"id":"clientItem","icon":"mdi-sword","detect":{"packType":"resourcePack","scope":"items/","matcher":["items/**/*","items/*"],"fileExtensions":[".json"]},"schema":"file:///data/packages/minecraftBedrock/schema/clientItem/main.json","lightningCache":"clientItem.json","definitions":{"identifier":[{"from":"item","match":"identifier"}],"itemTexture":[{"from":"itemTexture","match":"texture"}]}},{"id":"worldManifest","icon":"mdi-alpha-m-box-outline","detect":{"packType":"worldTemplate","scope":"manifest.json","matcher":"manifest.json","fileExtensions":[".json"]},"schema":"file:///data/packages/minecraftBedrock/schema/manifest/main.json","highlighterConfiguration":{"variables":["metadata","header","modules","dependencies"],"typeIdentifiers":["format_version"]}}]