{"file:///data/packages/minecraftBedrock/lightningCache/itemTexture.json":[{"cacheKey":"texture","path":"texture_data"},{"cacheKey":"texturePath","path":["texture_data/*/textures","texture_data/*/textures/*"],"script":"return await Bridge.withExtension(Bridge.resolvePackPath('resourcePack', Bridge.value), ['.tga', '.png', '.jpg', '.jpeg'])"}],"file:///data/packages/minecraftBedrock/lightningCache/clientAnimation.json":[{"cacheKey":"identifier","path":"animations"},{"cacheKey":"particleEffect","path":"animations/*/particle_effects/*/effect"},{"cacheKey":"soundEffect","path":"animations/*/sound_effects/*/effect"}],"file:///data/packages/minecraftBedrock/lightningCache/block.json":[{"cacheKey":"identifier","path":"minecraft:block/description/identifier"},{"cacheKey":"event","path":"minecraft:block/events"},{"cacheKey":"eventReference","pathScript":"return Bridge.paths.map(path => [`*/components/${path}/**/event`, `*/permutations/*/components/${path}/**/event`]).flat()","path":["minecraft:on_step_on","minecraft:on_step_off","minecraft:on_player_destroyed","minecraft:on_fall_on","minecraft:on_placed","minecraft:on_player_placing","minecraft:on_interact","minecraft:ticking","minecraft:random_ticking"]},{"cacheKey":"property","path":"minecraft:block/description/properties"},{"cacheKey":"tag","path":"minecraft:block/components","script":"if(Bridge.value.startsWith('tag:')) return Bridge.value.replace('tag:', '')"},{"cacheKey":"recipeTag","path":["minecraft:block/components/minecraft:crafting_table/crafting_tags","minecraft:block/permutations/*/components/minecraft:crafting_table/crafting_tags"]},{"cacheKey":"lootTablePath","path":["minecraft:block/components/minecraft:loot","minecraft:block/permutations/*/components/minecraft:loot","minecraft:block/events/*/spawn_loot/table"],"script":"return Bridge.resolvePackPath('behaviorPack', Bridge.value)"},{"cacheKey":"geometryIdentifier","path":["minecraft:block/components/minecraft:geometry","minecraft:block/permutations/*/components/minecraft:geometry"]},{"cacheKey":"texture","path":["minecraft:block/components/minecraft:material_instances/*/texture","minecraft:block/permutations/*/components/minecraft:material_instances/*/texture"]}],"file:///data/packages/minecraftBedrock/lightningCache/clientBlock.json":[{"cacheKey":"identifier","path":"","filter":["format_version"]}],"file:///data/packages/minecraftBedrock/lightningCache/geometry.json":[{"cacheKey":"identifier","path":"minecraft:geometry/*/description/identifier"},{"cacheKey":"identifier","path":"/","filter":["format_version","minecraft:geometry"]},{"cacheKey":"materialInstance","path":"minecraft:geometry/*/bones/*/cubes/*/uv/*/material_instance"},{"cacheKey":"locator","path":["minecraft:geometry/*/bones/*/locators","*/bones/*/locators"]},{"cacheKey":"bone","path":["minecraft:geometry/*/bones/*/name","*/bones/*/name"]}],"file:///data/packages/minecraftBedrock/lightningCache/terrainTexture.json":[{"cacheKey":"texture","path":"texture_data"},{"cacheKey":"texturePath","path":["texture_data/*/textures","texture_data/*/textures/*"],"script":"return await Bridge.withExtension(Bridge.resolvePackPath('resourcePack', Bridge.value), ['.tga', '.png', '.jpg', '.jpeg'])"}],"file:///data/packages/minecraftBedrock/lightningCache/spawnRule.json":[{"cacheKey":"identifier","path":"minecraft:spawn_rules/description/identifier"}],"file:///data/packages/minecraftBedrock/lightningCache/renderController.json":[{"cacheKey":"identifier","path":"render_controllers"}],"file:///data/packages/minecraftBedrock/lightningCache/particle.json":[{"cacheKey":"identifier","path":"*/description/identifier"},{"cacheKey":"texturePath","path":"*/description/basic_render_parameters/texture","script":"return await Bridge.withExtension(Bridge.resolvePackPath('resourcePack', Bridge.value), ['.tga', '.png', '.jpg', '.jpeg'])"}],"file:///data/packages/minecraftBedrock/lightningCache/entity.json":[{"cacheKey":"identifier","path":"minecraft:entity/description/identifier"},{"cacheKey":"event","path":"minecraft:entity/events"},{"cacheKey":"eventReference","pathScript":"return Bridge.paths.map(path => [`*/components/${path}/**/event`, `*/component_groups/*/${path}/**/event`, `*/permutations/*/components/${path}/**/event`]).flat()","path":["minecraft:behavior.admire_item","minecraft:behavior.avoid_block","minecraft:behavior.avoid_mob_type","minecraft:behavior.celebrate_survive","minecraft:behavior.celebrate","minecraft:behavior.defend_trusted_target","minecraft:behavior.delayed_attack","minecraft:behavior.dig","minecraft:behavior.drop_item_for","minecraft:behavior.eat_block","minecraft:behavior.emerge","minecraft:behavior.go_and_give_items_to_noteblock","minecraft:behavior.go_and_give_items_to_owner","minecraft:behavior.go_home","minecraft:behavior.hold_ground","minecraft:behavior.knockback_roar","minecraft:behavior.lay_egg","minecraft:behavior.melee_attack","minecraft:behavior.stomp_attack","minecraft:behavior.move_to_block","minecraft:behavior.ram_attack","minecraft:behavior.work","minecraft:behavior.work_composter","minecraft:ageable","minecraft:angry","minecraft:attack_cooldown","minecraft:block_sensor","minecraft:breedable","minecraft:damage_sensor","minecraft:environment_sensor","minecraft:drying_out_timer","minecraft:equippable","minecraft:genetics","minecraft:giveable","minecraft:inside_block_notifier","minecraft:interact","minecraft:leashable","minecraft:lookat","minecraft:nameable","minecraft:on_death","minecraft:on_friendly_anger","minecraft:on_hurt","minecraft:on_hurt_by_player","minecraft:on_ignite","minecraft:on_start_landing","minecraft:on_start_takeoff","minecraft:on_target_acquired","minecraft:on_target_escape","minecraft:on_wake_with_owner","minecraft:peek","minecraft:projectile","minecraft:raid_trigger","minecraft:rail_sensor","minecraft:ravager_blocked","minecraft:scheduler","minecraft:sittable","minecraft:tameable","minecraft:tamemount","minecraft:target_nearby_sensor","minecraft:timer","minecraft:trusting"]},{"cacheKey":"componentGroup","path":"minecraft:entity/component_groups"},{"cacheKey":"animation","path":"minecraft:entity/description/animations"},{"cacheKey":"family","path":["minecraft:entity/components/minecraft:type_family/family","minecraft:entity/component_groups/*/minecraft:type_family/family","minecraft:entity/permutations/*/components/minecraft:type_family/family"]},{"cacheKey":"lootTablePath","path":["minecraft:entity/components/minecraft:loot/table","minecraft:entity/component_groups/*/minecraft:loot/table","minecraft:entity/permutations/*/components/minecraft:loot/table","minecraft:entity/components/minecraft:behavior.sneeze/loot_table","minecraft:entity/component_groups/*/minecraft:behavior.sneeze/loot_table","minecraft:entity/permutations/*/components/minecraft:behavior.sneeze/loot_table","minecraft:entity/components/minecraft:barter/barter_table","minecraft:entity/component_groups/*/minecraft:barter/barter_table","minecraft:entity/permutations/*/components/minecraft:barter/barter_table","minecraft:entity/components/minecraft:interact/interactions/add_items/table","minecraft:entity/component_groups/*/minecraft:interact/interactions/add_items/table","minecraft:entity/permutations/*/components/minecraft:interact/interactions/add_items/table","minecraft:entity/components/minecraft:interact/interactions/*/add_items/table","minecraft:entity/component_groups/*/minecraft:interact/interactions/*/add_items/table","minecraft:entity/permutations/*/components/minecraft:interact/interactions/*/add_items/table","minecraft:entity/components/minecraft:interact/interactions/spawn_items/table","minecraft:entity/component_groups/*/minecraft:interact/interactions/spawn_items/table","minecraft:entity/permutations/*/components/minecraft:interact/interactions/spawn_items/table","minecraft:entity/components/minecraft:interact/interactions/*/spawn_items/table","minecraft:entity/component_groups/*/minecraft:interact/interactions/*/spawn_items/table","minecraft:entity/permutations/*/components/minecraft:interact/interactions/*/spawn_items/table"],"script":"return Bridge.resolvePackPath('behaviorPack', Bridge.value)"},{"cacheKey":"tradeTablePath","path":["minecraft:entity/components/minecraft:trade_table/table","minecraft:entity/component_groups/*/minecraft:trade_table/table","minecraft:entity/permutations/*/components/minecraft:trade_table/table","minecraft:entity/components/minecraft:economy_trade_table/table","minecraft:entity/component_groups/*/minecraft:economy_trade_table/table","minecraft:entity/permutations/*/components/minecraft:economy_trade_table/table"],"script":"return Bridge.resolvePackPath('behaviorPack', Bridge.value)"},{"cacheKey":"functionPath","path":"minecraft:entity/events/*/run_command","script":"const func = /\\/function\\s+([aA-zZ0-9\\/]+)/g.exec(Bridge.value); if(func) return Bridge.resolvePackPath('behaviorPack', `functions/${func[1]}.mcfunction`)"},{"cacheKey":"animationIdentifier","path":"minecraft:entity/description/animations/*"},{"cacheKey":"property","path":"minecraft:entity/description/properties"},{"cacheKey":"alias","path":"minecraft:entity/description/aliases"}],"file:///data/packages/minecraftBedrock/lightningCache/clientSound.json":[{"cacheKey":"soundEvent","path":["individual_event_sounds/*/events","block_sounds/*/events","entity_sounds/defaults/*/events","entity_sounds/entities/*/events","interactive_sounds/block_sounds/*/events","interactive_sounds/entity_sounds/*/events"]}],"file:///data/packages/minecraftBedrock/lightningCache/animationController.json":[{"cacheKey":"identifier","path":"animation_controllers"},{"cacheKey":"state","path":"animation_controllers/*/states"},{"cacheKey":"functionPath","path":["animation_controllers/*/states/*/on_exit","animation_controllers/*/states/*/on_entry"],"script":"const func = /\\/function\\s+([aA-zZ0-9\\/]+)/g.exec(Bridge.value); if(func) return Bridge.resolvePackPath('behaviorPack', `functions/${func[1]}.mcfunction`)"}],"file:///data/packages/minecraftBedrock/lightningCache/clientManifest.json":[{"cacheKey":"uuid","path":"header/uuid"}],"file:///data/packages/minecraftBedrock/lightningCache/function.js":"module.exports = (text, { resolvePackPath }) => {\n\tconst lines = text.split('\\n')\n\n\tconst entityTags = []\n\tconst tagCommands = lines.filter((line) =>\n\t\t/tag @(([a-z](\\[.+\\])?)) (add|remove) [a-zA-z_]+/g.exec(line)\n\t)\n\ttagCommands.forEach((line) => {\n\t\tlet args = line.split(' ')\n\t\tentityTags.push(args[3].replace('\\r', ''))\n\t})\n\n\tconst scoreboardObjective = lines\n\t\t.map((line) => {\n\t\t\tconst result = line.match(\n\t\t\t\t/(scoreboard\\s+objectives\\s+add\\s+)(.+)(\\s+dummy)/\n\t\t\t)\n\t\t\tif (!result) return null\n\n\t\t\treturn result[2]\n\t\t})\n\t\t.filter((line) => line !== null)\n\n\tconst functionPaths = []\n\tlines.filter((line) => {\n\t\tlet funcName = /function\\s+([aA-zZ0-9\\/]+)/g.exec(line)\n\t\tif (funcName)\n\t\t\tfunctionPaths.push(\n\t\t\t\tresolvePackPath(\n\t\t\t\t\t'behaviorPack',\n\t\t\t\t\t`functions/${funcName[1]}.mcfunction`\n\t\t\t\t)\n\t\t\t)\n\t})\n\n\treturn {\n\t\tentityTag: entityTags,\n\t\tfunctionPath: functionPaths,\n\t\tscoreboardObjective,\n\t}\n}\n","file:///data/packages/minecraftBedrock/lightningCache/volume.json":[{"cacheKey":"identifier","path":"minecraft:volume/description/identifier"},{"cacheKey":"fogIdentifier","path":"minecraft:volume/components/minecraft:fog/fog_identifier"}],"file:///data/packages/minecraftBedrock/lightningCache/lang.js":"module.exports = (text) => {\n\tconst lines = text.split('\\n')\n\tconst langKeys = lines.map((line) => line.split('=').shift())\n\n\tconst actions = langKeys.filter((langKey) => langKey.startsWith('action.'))\n\treturn {\n\t\tactionText: actions,\n\t}\n}\n","file:///data/packages/minecraftBedrock/lightningCache/soundDefinition.json":[{"cacheKey":"identifier","path":"sound_definitions"}],"file:///data/packages/minecraftBedrock/lightningCache/featureRule.json":[{"cacheKey":"featureIdentifier","path":"minecraft:feature_rules/description/places_feature"},{"cacheKey":"identifier","path":"minecraft:feature_rules/description/identifier"}],"file:///data/packages/minecraftBedrock/lightningCache/biome.json":[{"cacheKey":"identifier","path":"minecraft:biome/description/identifier"},{"cacheKey":"tags","path":"minecraft:biome/components","filter":["minecraft:ignore_automatic_features","minecraft:climate","minecraft:nether_generation_rules","minecraft:overworld_height","minecraft:surface_parameters","minecraft:swamp_surface","minecraft:frozen_ocean_surface","minecraft:mesa_surface","minecraft:the_end_surface","minecraft:nether_surface","minecraft:overworld_generation_rules","minecraft:surface_material_adjustments","animal","bamboo","beach","birch","cold","deep","desert","edge","extreme_hills","flower_forest","frozen","hills","ice","ice_plains","jungle","forest","lukewarm","mangrove_swamp","mega","mesa","monster","mooshroom_island","mountain","mutated","nether","no_legacy_worldgen","ocean","overworld","plains","plateau","savanna","swamp","rare","river","roofed","shore","stone","taiga","warm","netherwart_forest","crimson_forest","warped_forest","soulsand_valley","nether_wastes","basalt_deltas","spawn_few_zombified_piglins","spawn_piglin","spawn_endermen","spawn_ghast","spawn_magma_cubes","spawn_many_magma_cubes","sunflower_plains"]}],"file:///data/packages/minecraftBedrock/lightningCache/lootTable.json":[{"cacheKey":"lootTablePath","path":"pools/**/entries/*/name","script":"if (Bridge.value.endsWith('.json')) return Bridge.resolvePackPath('behaviorPack', Bridge.value)"}],"file:///data/packages/minecraftBedrock/lightningCache/flipbookTexture.json":[{"cacheKey":"texture","path":"*/atlas_tile"},{"cacheKey":"texturePath","path":"*/flipbook_texture","script":"return await Bridge.withExtension(Bridge.resolvePackPath('resourcePack', Bridge.value), ['.tga', '.png', '.jpg', '.jpeg'])"}],"file:///data/packages/minecraftBedrock/lightningCache/clientEntity.json":[{"cacheKey":"identifier","path":"minecraft:client_entity/description/identifier"},{"cacheKey":"particleReference","path":["minecraft:client_entity/description/particle_effects","minecraft:client_entity/description/particle_emitters"]},{"cacheKey":"animationReference","path":"minecraft:client_entity/description/animations"},{"cacheKey":"textureReference","path":"minecraft:client_entity/description/textures"},{"cacheKey":"materialReference","path":"minecraft:client_entity/description/materials"},{"cacheKey":"geometryReference","path":"minecraft:client_entity/description/geometry"},{"cacheKey":"soundEffectReference","path":"minecraft:client_entity/description/sound_effect"},{"cacheKey":"particleIdentifier","path":["minecraft:client_entity/description/particle_effects/*","minecraft:client_entity/description/particle_emitters/*"]},{"cacheKey":"animationIdentifier","path":["minecraft:client_entity/description/animations/*","minecraft:client_entity/description/animation_controllers/*/*"]},{"cacheKey":"texturePath","path":"minecraft:client_entity/description/textures/*","script":"return await Bridge.withExtension(Bridge.resolvePackPath('resourcePack', Bridge.value), ['.tga', '.png', '.jpg', '.jpeg'])"},{"cacheKey":"materialIdentifier","path":"minecraft:client_entity/description/materials/*"},{"cacheKey":"geometryIdentifier","path":"minecraft:client_entity/description/geometry/*"},{"cacheKey":"soundEffectIdentifier","path":"minecraft:client_entity/description/sound_effect/*"},{"cacheKey":"renderControllerIdentifier","path":"minecraft:client_entity/description/render_controllers/*"}],"file:///data/packages/minecraftBedrock/lightningCache/clientBiome.json":[{"cacheKey":"fogIdentifier","path":"biomes/*/fog_identifier"}],"file:///data/packages/minecraftBedrock/lightningCache/clientItem.json":[{"cacheKey":"identifier","path":"minecraft:item/description/identifier"},{"cacheKey":"itemTexture","path":"minecraft:item/components/minecraft:icon"}],"file:///data/packages/minecraftBedrock/lightningCache/clientAnimationController.json":[{"cacheKey":"identifier","path":"animation_controllers"},{"cacheKey":"state","path":"animation_controllers/*/states"},{"cacheKey":"animationReference","path":"animation_controllers/*/states/*/animations/*"},{"cacheKey":"particleEffect","path":"animation_controllers/*/states/*/particle_effects/*/effect"},{"cacheKey":"soundEffect","path":"animation_controllers/*/states/*/sound_effects/*/effect"}],"file:///data/packages/minecraftBedrock/lightningCache/item.json":[{"cacheKey":"identifier","path":"minecraft:item/description/identifier"},{"cacheKey":"event","path":"minecraft:item/events"},{"cacheKey":"eventReference","pathScript":"return Bridge.paths.map(path => [`*/components/${path}/**/event`]).flat()","path":["minecraft:weapon","minecraft:repairable","minecraft:on_use_on","minecraft:on_use","minecraft:digger","minecraft:food"]},{"cacheKey":"itemTexture","path":"minecraft:item/components/minecraft:icon/texture"},{"cacheKey":"tag","path":"minecraft:item/components","script":"if(Bridge.value.startsWith('tag:')) return Bridge.value.replace('tag:', '')"},{"cacheKey":"lootTablePath","path":"minecraft:item/events/*/spawn_loot/table","script":"return Bridge.resolvePackPath('behaviorPack', Bridge.value)"}],"file:///data/packages/minecraftBedrock/lightningCache/dialogue.json":[{"cacheKey":"sceneTag","path":"minecraft:npc_dialogue/scenes/*/scene_tag"}],"file:///data/packages/minecraftBedrock/lightningCache/attachable.json":[{"cacheKey":"identifier","path":"minecraft:attachable/description/identifier"},{"cacheKey":"itemIdentifier","path":"minecraft:attachable/description/item"},{"cacheKey":"particleReference","path":["minecraft:attachable/description/particle_effects","minecraft:attachable/description/particle_emitters"]},{"cacheKey":"animationReference","path":"minecraft:attachable/description/animations"},{"cacheKey":"textureReference","path":"minecraft:attachable/description/textures"},{"cacheKey":"materialReference","path":"minecraft:attachable/description/materials"},{"cacheKey":"geometryReference","path":"minecraft:attachable/description/geometry"},{"cacheKey":"soundEffectReference","path":"minecraft:attachable/description/sound_effect"},{"cacheKey":"particleIdentifier","path":["minecraft:attachable/description/particle_effects/*","minecraft:attachable/description/particle_emitters/*"]},{"cacheKey":"animationIdentifier","path":"minecraft:attachable/description/animations/*"},{"cacheKey":"texturePath","path":"minecraft:attachable/description/textures/*","script":"return await Bridge.withExtension(Bridge.resolvePackPath('resourcePack', Bridge.value), ['.tga', '.png', '.jpg', '.jpeg'])"},{"cacheKey":"materialIdentifier","path":"minecraft:attachable/description/materials/*"},{"cacheKey":"geometryIdentifier","path":"minecraft:attachable/description/geometry/*"},{"cacheKey":"soundEffectIdentifier","path":"minecraft:attachable/description/sound_effect/*"},{"cacheKey":"renderControllerIdentifier","path":"minecraft:attachable/description/render_controllers/*"}],"file:///data/packages/minecraftBedrock/lightningCache/feature.json":[{"cacheKey":"identifier","path":"*/description/identifier"},{"cacheKey":"blockIdentifier","path":["minecraft:single_block_feature/may_attach_to/top/*","minecraft:single_block_feature/may_attach_to/bottom/*","minecraft:single_block_feature/may_attach_to/north/*","minecraft:single_block_feature/may_attach_to/east/*","minecraft:single_block_feature/may_attach_to/south/*","minecraft:single_block_feature/may_attach_to/west/*","minecraft:single_block_feature/may_attach_to/all/*","minecraft:single_block_feature/may_attach_to/sides/*","minecraft:single_block_feature/places_block","minecraft:single_block_feature/may_replace/*","minecraft:ore_feature/places_block","minecraft:ore_feature/may_replace/*","minecraft:structure_template_feature/constraints/block_intersection/block_allowlist/*","minecraft:tree_feature/base_cluster/may_replace/*","minecraft:tree_feature/may_grow_on/*","minecraft:tree_feature/may_grow_through/*","minecraft:tree_feature/may_replace/*","minecraft:tree_feature/acacia_trunk/trunk_block","minecraft:tree_feature/acacia_trunk/trunk_decoration/block_reference","minecraft:tree_feature/fallen_trunk/trunk_block","minecraft:tree_feature/fallen_trunk/trunk_decoration/block_reference","minecraft:tree_feature/fancy_trunk/trunk_block","minecraft:tree_feature/mega_trunk/trunk_block","minecraft:tree_feature/mega_trunk/trunk_decoration/block_reference","minecraft:tree_feature/trunk/base_block","minecraft:tree_feature/trunk/trunk_block","minecraft:tree_feature/trunk/trunk_decoration/block_reference"]}],"file:///data/packages/minecraftBedrock/lightningCache/fog.json":[{"cacheKey":"identifier","path":"minecraft:fog_settings/description/identifier"}],"file:///data/packages/minecraftBedrock/lightningCache/recipe.json":[{"cacheKey":"identifier","path":"*/description/identifier"},{"cacheKey":"recipeTag","path":"*/tags"},{"cacheKey":"itemIdentifier","path":["minecraft:recipe_furnace/input","minecraft:recipe_furnace/output","minecraft:recipe_shaped/result/item","minecraft:recipe_shaped/key/*/item","minecraft:recipe_shapeless/result/item","minecraft:recipe_shapeless/ingredients/*/item","minecraft:recipe_brewing_mix/input","minecraft:recipe_brewing_mix/reagent","minecraft:recipe_brewing_mix/output","minecraft:recipe_brewing_container/input","minecraft:recipe_brewing_container/reagent","minecraft:recipe_brewing_container/output"]}],"file:///data/packages/minecraftBedrock/lightningCache/animation.json":[{"cacheKey":"identifier","path":"animations"},{"cacheKey":"functionPath","path":["animations/*/timeline/*/*"],"script":"const func = /\\/function\\s+([aA-zZ0-9\\/]+)/g.exec(Bridge.value); if(func) return Bridge.resolvePackPath('behaviorPack', `functions/${func[1]}.mcfunction`)"}]}