{"file:///data/packages/minecraftBedrock/packSpider/entity.json":{"connect":[{"find":"clientEntity","where":"identifier","matches":"identifier","shouldFindMultiple":false},{"find":"spawnRule","where":"identifier","matches":"identifier","shouldFindMultiple":false},{"find":["animation","animationController"],"where":"identifier","matches":"animationIdentifier"}],"includeFiles":["lootTablePath","tradeTablePath","functionPath"]},"file:///data/packages/minecraftBedrock/packSpider/block.json":{"includeFiles":["lootTablePath"],"sharedFiles":["RP/blocks.json","RP/textures/terrain_texture.json","RP/textures/flipbook_textures.json"]},"file:///data/packages/minecraftBedrock/packSpider/animationController.json":{"includeFiles":["functionPath"],"provideDiagnostics":[{"if":{"not":true,"find":"entity","where":"animationIdentifier","matches":"identifier"},"icon":"mdi-alert-circle-outline","text":"packExplorer.fileDiagnostics.fileUnused","opacity":0.6}]},"file:///data/packages/minecraftBedrock/packSpider/function.json":{"includeFiles":["functionPath"]},"file:///data/packages/minecraftBedrock/packSpider/animation.json":{"includeFiles":["functionPath"],"provideDiagnostics":[{"if":{"not":true,"find":"entity","where":"animationIdentifier","matches":"identifier"},"icon":"mdi-alert-circle-outline","text":"packExplorer.fileDiagnostics.fileUnused","opacity":0.6}]},"file:///data/packages/minecraftBedrock/packSpider/particle.json":{"includeFiles":["texturePath"]},"file:///data/packages/minecraftBedrock/packSpider/renderController.json":{"provideDiagnostics":[{"if":{"not":true,"find":"clientEntity","where":"renderControllerIdentifier","matches":"identifier"},"icon":"mdi-alert-circle-outline","text":"packExplorer.fileDiagnostics.fileUnused","opacity":0.6}]},"file:///data/packages/minecraftBedrock/packSpider/clientEntity.json":{"connect":[{"find":["clientAnimation","clientAnimationController"],"where":"identifier","matches":"animationIdentifier"},{"find":"geometry","where":"identifier","matches":"geometryIdentifier"},{"find":"renderController","where":"identifier","matches":"renderControllerIdentifier"},{"find":"soundDefinition","where":"identifier","matches":"soundEffectIdentifier"},{"find":"particle","where":"identifier","matches":"particleIdentifier"}],"includeFiles":["texturePath"],"provideDiagnostics":[{"if":{"not":true,"find":"entity","where":"identifier","matches":"identifier"},"icon":"mdi-alert-circle-outline","text":"packExplorer.fileDiagnostics.fileUnused","opacity":0.6}]},"file:///data/packages/minecraftBedrock/packSpider/item.json":{"connect":[{"find":"attachable","where":"itemIdentifier","matches":"identifier"},{"find":"clientItem","where":"identifier","matches":"identifier","shouldFindMultiple":false},{"find":"recipe","where":"itemIdentifier","matches":"identifier"}],"includeFromFiles":[{"from":"RP/textures/item_texture.json","take":["texture_data","@itemTexture","textures"],"prefix":"RP/","suffix":".png"}],"includeFiles":["lootTablePath"],"sharedFiles":["RP/textures/item_texture.json"]}}