{"file:///data/packages/minecraftBedrock/preset/entity/v1.16.0/blaze/manifest.json":{"name":"Blaze","icon":"mdi-fire","description":"Creates a new blaze entity.","category":"fileType.entity","requires":{"targetVersion":[">=","1.8.0"],"packTypes":["behaviorPack","resourcePack"]},"additionalModels":{"PRESET_PATH":"","CLIENT_ENTITY_NO_EGG":"clientEntityNoEggTexture.json","CLIENT_ENTITY_EGG":"clientEntityEggTexture.json"},"fields":[["Spawn Egg Image (Optional)","SPAWN_EGG",{"type":"fileInput","accept":"image/png","optional":true}],["Identifier","IDENTIFIER",{"validate":["required","alphanumeric","lowercase"]}],["Display Name","IDENTIFIER_NAME",{"validate":["required"]}]],"createFiles":["presetScript/entityImages.js",["entity.json","entities/{{PRESET_PATH}}{{IDENTIFIER}}.json",{"inject":["IDENTIFIER","PROJECT_PREFIX","PRESET_PATH"],"openFile":true,"packPath":"behaviorPack"}],["animation.json","animations/{{PRESET_PATH}}{{IDENTIFIER}}.json",{"inject":["IDENTIFIER","PRESET_PATH"],"packPath":"resourcePack"}],["animationController.json","animation_controllers/{{PRESET_PATH}}{{IDENTIFIER}}.json",{"inject":["IDENTIFIER","PRESET_PATH"],"packPath":"resourcePack"}],["geometry.json","models/entity/{{IDENTIFIER}}.json",{"inject":["IDENTIFIER"],"packPath":"resourcePack"}],["lootTable.json","loot_tables/entities/{{PRESET_PATH}}{{IDENTIFIER}}.json",{"inject":["IDENTIFIER","PRESET_PATH"],"packPath":"behaviorPack"}],["renderController.json","render_controllers/{{PRESET_PATH}}{{IDENTIFIER}}.json",{"inject":["IDENTIFIER","PRESET_PATH"],"packPath":"resourcePack"}],["spawnRule.json","spawn_rules/{{PRESET_PATH}}{{IDENTIFIER}}.json",{"inject":["IDENTIFIER","PROJECT_PREFIX","PRESET_PATH"],"packPath":"behaviorPack"}],["texture.tga","textures/entity/{{PRESET_PATH}}{{IDENTIFIER}}.tga",{"inject":["IDENTIFIER","PRESET_PATH"],"packPath":"resourcePack"}]],"expandFiles":[["en_US.lang","texts/en_US.lang",{"inject":["IDENTIFIER","IDENTIFIER_NAME","PROJECT_PREFIX"],"packPath":"resourcePack"}],["soundDefinitions.json","sounds/sound_definitions.json",{"inject":["IDENTIFIER"],"packPath":"resourcePack"}],["sounds.json","sounds.json",{"inject":["IDENTIFIER","PROJECT_PREFIX"],"packPath":"resourcePack"}]]},"file:///data/packages/minecraftBedrock/preset/entity/v1.16.0/tropicalfish/manifest.json":{"name":"Tropical Fish","icon":"mdi-fishbowl","description":"Creates a new tropical fish entity.","category":"fileType.entity","requires":{"targetVersion":[">=","1.8.0"],"packTypes":["behaviorPack","resourcePack"]},"additionalModels":{"PRESET_PATH":"","CLIENT_ENTITY_NO_EGG":"clientEntityNoEggTexture.json","CLIENT_ENTITY_EGG":"clientEntityEggTexture.json"},"fields":[["Spawn Egg Image (Optional)","SPAWN_EGG",{"type":"fileInput","accept":"image/png","optional":true}],["Identifier","IDENTIFIER",{"validate":["required","alphanumeric","lowercase"]}],["Display Name","IDENTIFIER_NAME",{"validate":["required"]}]],"createFiles":["presetScript/entityImages.js",["entity.json","entities/{{PRESET_PATH}}{{IDENTIFIER}}.json",{"inject":["IDENTIFIER","PROJECT_PREFIX","PRESET_PATH"],"openFile":true,"packPath":"behaviorPack"}],["animation.json","animations/{{PRESET_PATH}}{{IDENTIFIER}}.json",{"inject":["IDENTIFIER","PRESET_PATH"],"packPath":"resourcePack"}],["geometry.json","models/entity/{{IDENTIFIER}}.json",{"inject":["IDENTIFIER"],"packPath":"resourcePack"}],["lootTable.json","loot_tables/entities/{{PRESET_PATH}}{{IDENTIFIER}}.json",{"inject":["IDENTIFIER","PRESET_PATH"],"packPath":"behaviorPack"}],["renderController.json","render_controllers/{{PRESET_PATH}}{{IDENTIFIER}}.json",{"inject":["IDENTIFIER","PRESET_PATH"],"packPath":"resourcePack"}],["spawnRule.json","spawn_rules/{{PRESET_PATH}}{{IDENTIFIER}}.json",{"inject":["IDENTIFIER","PROJECT_PREFIX"],"packPath":"behaviorPack"}],["textureA.png","textures/entity/{{PRESET_PATH}}{{IDENTIFIER}}/{{IDENTIFIER}}_a.png",{"inject":["IDENTIFIER","PRESET_PATH"],"packPath":"resourcePack"}],["textureAPattern1.png","textures/entity/{{PRESET_PATH}}{{IDENTIFIER}}/{{IDENTIFIER}}_a_pattern_1.png",{"inject":["IDENTIFIER","PRESET_PATH"],"packPath":"resourcePack"}],["textureAPattern2.png","textures/entity/{{PRESET_PATH}}{{IDENTIFIER}}/{{IDENTIFIER}}_a_pattern_2.png",{"inject":["IDENTIFIER","PRESET_PATH"],"packPath":"resourcePack"}],["textureAPattern3.png","textures/entity/{{PRESET_PATH}}{{IDENTIFIER}}/{{IDENTIFIER}}_a_pattern_3.png",{"inject":["IDENTIFIER","PRESET_PATH"],"packPath":"resourcePack"}],["textureAPattern4.png","textures/entity/{{PRESET_PATH}}{{IDENTIFIER}}/{{IDENTIFIER}}_a_pattern_4.png",{"inject":["IDENTIFIER","PRESET_PATH"],"packPath":"resourcePack"}],["textureAPattern5.png","textures/entity/{{PRESET_PATH}}{{IDENTIFIER}}/{{IDENTIFIER}}_a_pattern_5.png",{"inject":["IDENTIFIER","PRESET_PATH"],"packPath":"resourcePack"}],["textureAPattern6.png","textures/entity/{{PRESET_PATH}}{{IDENTIFIER}}/{{IDENTIFIER}}_a_pattern_6.png",{"inject":["IDENTIFIER","PRESET_PATH"],"packPath":"resourcePack"}],["textureB.png","textures/entity/{{PRESET_PATH}}{{IDENTIFIER}}/{{IDENTIFIER}}_b.png",{"inject":["IDENTIFIER","PRESET_PATH"],"packPath":"resourcePack"}],["textureBPattern1.png","textures/entity/{{PRESET_PATH}}{{IDENTIFIER}}/{{IDENTIFIER}}_b_pattern_1.png",{"inject":["IDENTIFIER","PRESET_PATH"],"packPath":"resourcePack"}],["textureBPattern2.png","textures/entity/{{PRESET_PATH}}{{IDENTIFIER}}/{{IDENTIFIER}}_b_pattern_2.png",{"inject":["IDENTIFIER","PRESET_PATH"],"packPath":"resourcePack"}],["textureBPattern3.png","textures/entity/{{PRESET_PATH}}{{IDENTIFIER}}/{{IDENTIFIER}}_b_pattern_3.png",{"inject":["IDENTIFIER","PRESET_PATH"],"packPath":"resourcePack"}],["textureBPattern4.png","textures/entity/{{PRESET_PATH}}{{IDENTIFIER}}/{{IDENTIFIER}}_b_pattern_4.png",{"inject":["IDENTIFIER","PRESET_PATH"],"packPath":"resourcePack"}],["textureBPattern5.png","textures/entity/{{PRESET_PATH}}{{IDENTIFIER}}/{{IDENTIFIER}}_b_pattern_5.png",{"inject":["IDENTIFIER","PRESET_PATH"],"packPath":"resourcePack"}],["textureBPattern6.png","textures/entity/{{PRESET_PATH}}{{IDENTIFIER}}/{{IDENTIFIER}}_b_pattern_6.png",{"inject":["IDENTIFIER","PRESET_PATH"],"packPath":"resourcePack"}]],"expandFiles":[["en_US.lang","texts/en_US.lang",{"inject":["IDENTIFIER","IDENTIFIER_NAME","PROJECT_PREFIX"],"packPath":"resourcePack"}],["soundDefinitions.json","sounds/sound_definitions.json",{"inject":["IDENTIFIER"],"packPath":"resourcePack"}],["sounds.json","sounds.json",{"inject":["IDENTIFIER","PROJECT_PREFIX"],"packPath":"resourcePack"}]]},"file:///data/packages/minecraftBedrock/preset/entity/v1.16.0/villagernpc/manifest.json":{"name":"Villager NPC","icon":"mdi-human","description":"Creates a new Villager type NPC entity. This entity has 3 potential trade tables, and will cycle through them after a period of time.","category":"fileType.entity","requires":{"targetVersion":[">=","1.8.0"],"packTypes":["behaviorPack","resourcePack"]},"additionalModels":{"PRESET_PATH":"","CLIENT_ENTITY_NO_EGG":"clientEntityNoEggTexture.json","CLIENT_ENTITY_EGG":"clientEntityEggTexture.json"},"fields":[["Spawn Egg Image (Optional)","SPAWN_EGG",{"type":"fileInput","accept":"image/png","optional":true}],["Identifier","IDENTIFIER",{"validate":["required","alphanumeric","lowercase"]}],["Display Name","IDENTIFIER_NAME",{"validate":["required"]}]],"createFiles":["presetScript/entityImages.js",["entity.json","entities/{{PRESET_PATH}}{{IDENTIFIER}}.json",{"inject":["IDENTIFIER","PROJECT_PREFIX","PRESET_PATH"],"openFile":true,"packPath":"behaviorPack"}],["animation.json","animations/{{PRESET_PATH}}{{IDENTIFIER}}.json",{"inject":["IDENTIFIER","PRESET_PATH"],"packPath":"resourcePack"}],["animationController.json","animation_controllers/{{PRESET_PATH}}{{IDENTIFIER}}.json",{"inject":["IDENTIFIER","PRESET_PATH"],"packPath":"resourcePack"}],["geometry.json","models/entity/{{IDENTIFIER}}.json",{"inject":["IDENTIFIER"],"packPath":"resourcePack"}],["renderController.json","render_controllers/{{PRESET_PATH}}{{IDENTIFIER}}.json",{"inject":["IDENTIFIER","PRESET_PATH"],"packPath":"resourcePack"}],["spawnRule.json","spawn_rules/{{PRESET_PATH}}{{IDENTIFIER}}.json",{"inject":["IDENTIFIER","PROJECT_PREFIX","PRESET_PATH"],"packPath":"behaviorPack"}],["tradesBest.json","trading/economy_trades/{{PRESET_PATH}}{{IDENTIFIER}}_best.json",{"inject":["IDENTIFIER","PRESET_PATH"],"packPath":"behaviorPack"}],["tradesBetter.json","trading/economy_trades/{{PRESET_PATH}}{{IDENTIFIER}}_better.json",{"inject":["IDENTIFIER","PRESET_PATH"],"packPath":"behaviorPack"}],["tradesGood.json","trading/economy_trades/{{PRESET_PATH}}{{IDENTIFIER}}_good.json",{"inject":["IDENTIFIER","PRESET_PATH"],"packPath":"behaviorPack"}],["texture.png","textures/entity/{{PRESET_PATH}}{{IDENTIFIER}}.png",{"inject":["IDENTIFIER","PRESET_PATH"],"packPath":"resourcePack"}]],"expandFiles":[["en_US.lang","texts/en_US.lang",{"inject":["IDENTIFIER","IDENTIFIER_NAME","PROJECT_PREFIX"],"packPath":"resourcePack"}],["soundDefinitions.json","sounds/sound_definitions.json",{"inject":["IDENTIFIER"],"packPath":"resourcePack"}],["sounds.json","sounds.json",{"inject":["IDENTIFIER","PROJECT_PREFIX"],"packPath":"resourcePack"}]]},"file:///data/packages/minecraftBedrock/preset/entity/v1.16.0/bee/manifest.json":{"name":"Bee","icon":"mdi-bee","description":"Creates a new bee entity.","category":"fileType.entity","requires":{"targetVersion":[">=","1.8.0"],"packTypes":["behaviorPack","resourcePack"]},"additionalModels":{"CLIENT_ENTITY_NO_EGG":"clientEntityNoEggTexture.json","CLIENT_ENTITY_EGG":"clientEntityEggTexture.json","PRESET_PATH":""},"fields":[["Spawn Egg Image (Optional)","SPAWN_EGG",{"type":"fileInput","accept":"image/png","optional":true}],["Identifier","IDENTIFIER",{"validate":["required","alphanumeric","lowercase"]}],["Display Name","IDENTIFIER_NAME",{"validate":["required"]}]],"createFiles":["presetScript/entityImages.js",["entity.json","entities/{{PRESET_PATH}}{{IDENTIFIER}}.json",{"inject":["IDENTIFIER","PROJECT_PREFIX","PRESET_PATH"],"openFile":true,"packPath":"behaviorPack"}],["animation.json","animations/{{PRESET_PATH}}{{IDENTIFIER}}.json",{"inject":["IDENTIFIER","PRESET_PATH"],"packPath":"resourcePack"}],["animationController.json","animation_controllers/{{PRESET_PATH}}{{IDENTIFIER}}.json",{"inject":["IDENTIFIER","PRESET_PATH"],"packPath":"resourcePack"}],["geometry.json","models/entity/{{IDENTIFIER}}.json",{"inject":["IDENTIFIER"],"packPath":"resourcePack"}],["renderController.json","render_controllers/{{PRESET_PATH}}{{IDENTIFIER}}.json",{"inject":["IDENTIFIER","PRESET_PATH"],"packPath":"resourcePack"}],["spawnRule.json","spawn_rules/{{PRESET_PATH}}{{IDENTIFIER}}.json",{"inject":["IDENTIFIER","PROJECT_PREFIX","PRESET_PATH"],"packPath":"behaviorPack"}],["texture.png","textures/entity/{{PRESET_PATH}}{{IDENTIFIER}}/{{IDENTIFIER}}.png",{"inject":["IDENTIFIER","PRESET_PATH"],"packPath":"resourcePack"}],["textureAngry.png","textures/entity/{{PRESET_PATH}}{{IDENTIFIER}}/{{IDENTIFIER}}_angry.png",{"inject":["IDENTIFIER","PRESET_PATH"],"packPath":"resourcePack"}],["textureAngryNectar.png","textures/entity/{{PRESET_PATH}}{{IDENTIFIER}}/{{IDENTIFIER}}_angry_nectar.png",{"inject":["IDENTIFIER","PRESET_PATH"],"packPath":"resourcePack"}],["textureNectar.png","textures/entity/{{PRESET_PATH}}{{IDENTIFIER}}/{{IDENTIFIER}}_nectar.png",{"inject":["IDENTIFIER","PRESET_PATH"],"packPath":"resourcePack"}]],"expandFiles":[["en_US.lang","texts/en_US.lang",{"inject":["IDENTIFIER","IDENTIFIER_NAME","PROJECT_PREFIX"],"packPath":"resourcePack"}],["soundDefinitions.json","sounds/sound_definitions.json",{"inject":["IDENTIFIER"],"packPath":"resourcePack"}],["sounds.json","sounds.json",{"inject":["IDENTIFIER","PROJECT_PREFIX"],"packPath":"resourcePack"}]]},"file:///data/packages/minecraftBedrock/preset/entity/v1.16.0/cat/manifest.json":{"name":"Cat","icon":"mdi-cat","description":"Creates a new cat entity.","category":"fileType.entity","requires":{"targetVersion":[">=","1.8.0"],"packTypes":["behaviorPack","resourcePack"]},"additionalModels":{"PRESET_PATH":"","CLIENT_ENTITY_NO_EGG":"clientEntityNoEggTexture.json","CLIENT_ENTITY_EGG":"clientEntityEggTexture.json"},"fields":[["Spawn Egg Image (Optional)","SPAWN_EGG",{"type":"fileInput","accept":"image/png","optional":true}],["Identifier","IDENTIFIER",{"validate":["required","alphanumeric","lowercase"]}],["Display Name","IDENTIFIER_NAME",{"validate":["required"]}]],"createFiles":["presetScript/entityImages.js",["entity.json","entities/{{PRESET_PATH}}{{IDENTIFIER}}.json",{"inject":["IDENTIFIER","PROJECT_PREFIX","PRESET_PATH"],"openFile":true,"packPath":"behaviorPack"}],["animation.json","animations/{{PRESET_PATH}}{{IDENTIFIER}}.json",{"inject":["IDENTIFIER","PRESET_PATH"],"packPath":"resourcePack"}],["animationController.json","animation_controllers/{{PRESET_PATH}}{{IDENTIFIER}}.json",{"inject":["IDENTIFIER","PRESET_PATH"],"packPath":"resourcePack"}],["geometry.json","models/entity/{{IDENTIFIER}}.json",{"inject":["IDENTIFIER"],"packPath":"resourcePack"}],["lootTable.json","loot_tables/entities/{{PRESET_PATH}}{{IDENTIFIER}}.json",{"inject":["IDENTIFIER","PRESET_PATH"],"packPath":"behaviorPack"}],["lootTableGift.json","loot_tables/entities/{{PRESET_PATH}}{{IDENTIFIER}}_gift.json",{"inject":["IDENTIFIER","PRESET_PATH"],"packPath":"behaviorPack"}],["renderController.json","render_controllers/{{PRESET_PATH}}{{IDENTIFIER}}.json",{"inject":["IDENTIFIER","PRESET_PATH"],"packPath":"resourcePack"}],["spawnRule.json","spawn_rules/{{PRESET_PATH}}{{IDENTIFIER}}.json",{"inject":["IDENTIFIER","PROJECT_PREFIX","PRESET_PATH"],"packPath":"behaviorPack"}],["textureAllBlack.png","textures/entity/{{PRESET_PATH}}{{IDENTIFIER}}/{{IDENTIFIER}}_allblackcat.png",{"inject":["IDENTIFIER","PRESET_PATH"],"packPath":"resourcePack"}],["textureAllBlackTame.tga","textures/entity/{{PRESET_PATH}}{{IDENTIFIER}}/{{IDENTIFIER}}_allblackcat_tame.tga",{"inject":["IDENTIFIER","PRESET_PATH"],"packPath":"resourcePack"}],["textureBritish.png","textures/entity/{{PRESET_PATH}}{{IDENTIFIER}}/{{IDENTIFIER}}_britishshorthair.png",{"inject":["IDENTIFIER","PRESET_PATH"],"packPath":"resourcePack"}],["textureBritishTame.tga","textures/entity/{{PRESET_PATH}}{{IDENTIFIER}}/{{IDENTIFIER}}_britishshorthair_tame.tga",{"inject":["IDENTIFIER","PRESET_PATH"],"packPath":"resourcePack"}],["textureCalico.png","textures/entity/{{PRESET_PATH}}{{IDENTIFIER}}/{{IDENTIFIER}}_calico.png",{"inject":["IDENTIFIER","PRESET_PATH"],"packPath":"resourcePack"}],["textureCalicoTame.tga","textures/entity/{{PRESET_PATH}}{{IDENTIFIER}}/{{IDENTIFIER}}_calico_tame.tga",{"inject":["IDENTIFIER","PRESET_PATH"],"packPath":"resourcePack"}],["textureJellie.png","textures/entity/{{PRESET_PATH}}{{IDENTIFIER}}/{{IDENTIFIER}}_jellie.png",{"inject":["IDENTIFIER","PRESET_PATH"],"packPath":"resourcePack"}],["textureJellieTame.tga","textures/entity/{{PRESET_PATH}}{{IDENTIFIER}}/{{IDENTIFIER}}_jellie_tame.tga",{"inject":["IDENTIFIER","PRESET_PATH"],"packPath":"resourcePack"}],["texturePersian.png","textures/entity/{{PRESET_PATH}}{{IDENTIFIER}}/{{IDENTIFIER}}_persian.png",{"inject":["IDENTIFIER","PRESET_PATH"],"packPath":"resourcePack"}],["texturePersianTame.tga","textures/entity/{{PRESET_PATH}}{{IDENTIFIER}}/{{IDENTIFIER}}_persian_tame.tga",{"inject":["IDENTIFIER","PRESET_PATH"],"packPath":"resourcePack"}],["textureRagdoll.png","textures/entity/{{PRESET_PATH}}{{IDENTIFIER}}/{{IDENTIFIER}}_ragdoll.png",{"inject":["IDENTIFIER","PRESET_PATH"],"packPath":"resourcePack"}],["textureRagdollTame.tga","textures/entity/{{PRESET_PATH}}{{IDENTIFIER}}/{{IDENTIFIER}}_ragdoll_tame.tga",{"inject":["IDENTIFIER","PRESET_PATH"],"packPath":"resourcePack"}],["textureRedTabby.png","textures/entity/{{PRESET_PATH}}{{IDENTIFIER}}/{{IDENTIFIER}}_redtabby.png",{"inject":["IDENTIFIER","PRESET_PATH"],"packPath":"resourcePack"}],["textureRedTabbyTame.tga","textures/entity/{{PRESET_PATH}}{{IDENTIFIER}}/{{IDENTIFIER}}_redtabby_tame.tga",{"inject":["IDENTIFIER","PRESET_PATH"],"packPath":"resourcePack"}],["textureSiamese.png","textures/entity/{{PRESET_PATH}}{{IDENTIFIER}}/{{IDENTIFIER}}_siamesecat.png",{"inject":["IDENTIFIER","PRESET_PATH"],"packPath":"resourcePack"}],["textureSiameseTame.tga","textures/entity/{{PRESET_PATH}}{{IDENTIFIER}}/{{IDENTIFIER}}_siamesecat_tame.tga",{"inject":["IDENTIFIER","PRESET_PATH"],"packPath":"resourcePack"}],["textureTabby.png","textures/entity/{{PRESET_PATH}}{{IDENTIFIER}}/{{IDENTIFIER}}_tabby.png",{"inject":["IDENTIFIER","PRESET_PATH"],"packPath":"resourcePack"}],["textureTabbyTame.tga","textures/entity/{{PRESET_PATH}}{{IDENTIFIER}}/{{IDENTIFIER}}_tabby_tame.tga",{"inject":["IDENTIFIER","PRESET_PATH"],"packPath":"resourcePack"}],["textureTuxedo.png","textures/entity/{{PRESET_PATH}}{{IDENTIFIER}}/{{IDENTIFIER}}_tuxedo.png",{"inject":["IDENTIFIER","PRESET_PATH"],"packPath":"resourcePack"}],["textureTuxedoTame.tga","textures/entity/{{PRESET_PATH}}{{IDENTIFIER}}/{{IDENTIFIER}}_tuxedo_tame.tga",{"inject":["IDENTIFIER","PRESET_PATH"],"packPath":"resourcePack"}],["textureWhite.png","textures/entity/{{PRESET_PATH}}{{IDENTIFIER}}/{{IDENTIFIER}}_white.png",{"inject":["IDENTIFIER","PRESET_PATH"],"packPath":"resourcePack"}],["textureWhiteTame.tga","textures/entity/{{PRESET_PATH}}{{IDENTIFIER}}/{{IDENTIFIER}}_white_tame.tga",{"inject":["IDENTIFIER","PRESET_PATH"],"packPath":"resourcePack"}]],"expandFiles":[["en_US.lang","texts/en_US.lang",{"inject":["IDENTIFIER","IDENTIFIER_NAME","PROJECT_PREFIX"],"packPath":"resourcePack"}],["soundDefinitions.json","sounds/sound_definitions.json",{"inject":["IDENTIFIER"],"packPath":"resourcePack"}],["sounds.json","sounds.json",{"inject":["IDENTIFIER","PROJECT_PREFIX"],"packPath":"resourcePack"}]]},"file:///data/packages/minecraftBedrock/preset/entity/v1.16.0/ghast/manifest.json":{"name":"Ghast","icon":"mdi-ghost-outline","description":"Creates a new ghast entity.","category":"fileType.entity","requires":{"targetVersion":[">=","1.8.0"],"packTypes":["behaviorPack","resourcePack"]},"additionalModels":{"PRESET_PATH":"","CLIENT_ENTITY_NO_EGG":"clientEntityNoEggTexture.json","CLIENT_ENTITY_EGG":"clientEntityEggTexture.json"},"fields":[["Spawn Egg Image (Optional)","SPAWN_EGG",{"type":"fileInput","accept":"image/png","optional":true}],["Identifier","IDENTIFIER",{"validate":["required","alphanumeric","lowercase"]}],["Display Name","IDENTIFIER_NAME",{"validate":["required"]}]],"createFiles":["presetScript/entityImages.js",["entity.json","entities/{{PRESET_PATH}}{{IDENTIFIER}}.json",{"inject":["IDENTIFIER","PROJECT_PREFIX","PRESET_PATH"],"openFile":true,"packPath":"behaviorPack"}],["animation.json","animations/{{PRESET_PATH}}{{IDENTIFIER}}.json",{"inject":["IDENTIFIER","PRESET_PATH"],"packPath":"resourcePack"}],["animationController.json","animation_controllers/{{PRESET_PATH}}{{IDENTIFIER}}.json",{"inject":["IDENTIFIER","PRESET_PATH"],"packPath":"resourcePack"}],["geometry.json","models/entity/{{IDENTIFIER}}.json",{"inject":["IDENTIFIER"],"packPath":"resourcePack"}],["lootTable.json","loot_tables/entities/{{PRESET_PATH}}{{IDENTIFIER}}.json",{"inject":["IDENTIFIER","PRESET_PATH"],"packPath":"behaviorPack"}],["renderController.json","render_controllers/{{PRESET_PATH}}{{IDENTIFIER}}.json",{"inject":["IDENTIFIER","PRESET_PATH"],"packPath":"resourcePack"}],["spawnRule.json","spawn_rules/{{PRESET_PATH}}{{IDENTIFIER}}.json",{"inject":["IDENTIFIER","PROJECT_PREFIX","PRESET_PATH"],"packPath":"behaviorPack"}],["texture.png","textures/entity/{{PRESET_PATH}}{{IDENTIFIER}}/{{IDENTIFIER}}.png",{"inject":["IDENTIFIER","PRESET_PATH"],"packPath":"resourcePack"}],["textureShooting.tga","textures/entity/{{PRESET_PATH}}{{IDENTIFIER}}/{{IDENTIFIER}}_shooting.tga",{"inject":["IDENTIFIER","PRESET_PATH"],"packPath":"resourcePack"}]],"expandFiles":[["en_US.lang","texts/en_US.lang",{"inject":["IDENTIFIER","IDENTIFIER_NAME","PROJECT_PREFIX"],"packPath":"resourcePack"}],["soundDefinitions.json","sounds/sound_definitions.json",{"inject":["IDENTIFIER"],"packPath":"resourcePack"}],["sounds.json","sounds.json",{"inject":["IDENTIFIER","PROJECT_PREFIX"],"packPath":"resourcePack"}]]},"file:///data/packages/minecraftBedrock/preset/entity/v1.16.0/humanoid/manifest.json":{"name":"Humanoid","icon":"mdi-human","description":"Creates a new humanoid entity.","category":"fileType.entity","requires":{"targetVersion":[">=","1.8.0"],"packTypes":["behaviorPack","resourcePack"]},"additionalModels":{"PRESET_PATH":"","CLIENT_ENTITY_NO_EGG":"clientEntityNoEggTexture.json","CLIENT_ENTITY_EGG":"clientEntityEggTexture.json"},"fields":[["Spawn Egg Image (Optional)","SPAWN_EGG",{"type":"fileInput","accept":"image/png","optional":true}],["Identifier","IDENTIFIER",{"validate":["required","alphanumeric","lowercase"]}],["Display Name","IDENTIFIER_NAME",{"validate":["required"]}]],"createFiles":["presetScript/entityImages.js",["entity.json","entities/{{PRESET_PATH}}{{IDENTIFIER}}.json",{"inject":["IDENTIFIER","PROJECT_PREFIX","PRESET_PATH"],"openFile":true,"packPath":"behaviorPack"}],["lootTable.json","loot_tables/entities/{{PRESET_PATH}}{{IDENTIFIER}}.json",{"inject":["IDENTIFIER","PRESET_PATH"],"packPath":"behaviorPack"}],["spawnRule.json","spawn_rules/{{PRESET_PATH}}{{IDENTIFIER}}.json",{"inject":["IDENTIFIER","PROJECT_PREFIX","PRESET_PATH"],"packPath":"behaviorPack"}],["texture.png","textures/entity/{{PRESET_PATH}}{{IDENTIFIER}}.png",{"inject":["IDENTIFIER","PRESET_PATH"],"packPath":"resourcePack"}]],"expandFiles":[["en_US.lang","texts/en_US.lang",{"inject":["IDENTIFIER","IDENTIFIER_NAME","PROJECT_PREFIX"],"packPath":"resourcePack"}]]},"file:///data/packages/minecraftBedrock/preset/entity/v1.16.0/zombiePigman/manifest.json":{"name":"Zombie Pigman","description":"Creates a new zombie pigman entity.","icon":"mdi-human","category":"fileType.entity","requires":{"targetVersion":[">=","1.8.0"],"packTypes":["behaviorPack","resourcePack"]},"additionalModels":{"PRESET_PATH":"","CLIENT_ENTITY_NO_EGG":"clientEntityNoEggTexture.json","CLIENT_ENTITY_EGG":"clientEntityEggTexture.json"},"fields":[["Spawn Egg Image (Optional)","SPAWN_EGG",{"type":"fileInput","accept":"image/png","optional":true}],["Identifier","IDENTIFIER",{"validate":["required","alphanumeric","lowercase"]}],["Display Name","IDENTIFIER_NAME",{"validate":["required"]}]],"createFiles":["presetScript/entityImages.js",["entity.json","entities/{{PRESET_PATH}}{{IDENTIFIER}}.json",{"inject":["IDENTIFIER","PROJECT_PREFIX","PRESET_PATH"],"openFile":true,"packPath":"behaviorPack"}],["geometry.json","models/entity/{{IDENTIFIER}}.json",{"inject":["IDENTIFIER"],"packPath":"resourcePack"}],["geometryBaby.json","models/entity/{{IDENTIFIER}}_baby.json",{"inject":["IDENTIFIER"],"packPath":"resourcePack"}],["lootTable.json","loot_tables/entities/{{PRESET_PATH}}{{IDENTIFIER}}.json",{"inject":["IDENTIFIER","PRESET_PATH"],"packPath":"behaviorPack"}],["lootTableGear.json","loot_tables/entities/{{PRESET_PATH}}{{IDENTIFIER}}_gear.json",{"inject":["IDENTIFIER","PRESET_PATH"],"packPath":"behaviorPack"}],["renderController.json","render_controllers/{{PRESET_PATH}}{{IDENTIFIER}}.json",{"inject":["IDENTIFIER","PRESET_PATH"],"packPath":"resourcePack"}],["spawnRule.json","spawn_rules/{{PRESET_PATH}}{{IDENTIFIER}}.json",{"inject":["IDENTIFIER","PROJECT_PREFIX","PRESET_PATH"],"packPath":"behaviorPack"}],["texture.png","textures/entity/{{PRESET_PATH}}{{IDENTIFIER}}.png",{"inject":["IDENTIFIER","PRESET_PATH"],"packPath":"resourcePack"}]],"expandFiles":[["en_US.lang","texts/en_US.lang",{"inject":["IDENTIFIER","IDENTIFIER_NAME","PROJECT_PREFIX"],"packPath":"resourcePack"}],["soundDefinitions.json","sounds/sound_definitions.json",{"inject":["IDENTIFIER"],"packPath":"resourcePack"}],["sounds.json","sounds.json",{"inject":["IDENTIFIER","PROJECT_PREFIX"],"packPath":"resourcePack"}]]},"file:///data/packages/minecraftBedrock/preset/entity/v1.16.0/dolphin/manifest.json":{"name":"Dolphin","icon":"mdi-fish","description":"Creates a new dolphin entity.","category":"fileType.entity","requires":{"targetVersion":[">=","1.8.0"],"packTypes":["behaviorPack","resourcePack"]},"additionalModels":{"PRESET_PATH":"","CLIENT_ENTITY_NO_EGG":"clientEntityNoEggTexture.json","CLIENT_ENTITY_EGG":"clientEntityEggTexture.json"},"fields":[["Spawn Egg Image (Optional)","SPAWN_EGG",{"type":"fileInput","accept":"image/png","optional":true}],["Identifier","IDENTIFIER",{"validate":["required","alphanumeric","lowercase"]}],["Display Name","IDENTIFIER_NAME",{"validate":["required"]}]],"createFiles":["presetScript/entityImages.js",["entity.json","entities/{{PRESET_PATH}}{{IDENTIFIER}}.json",{"inject":["IDENTIFIER","PROJECT_PREFIX","PRESET_PATH"],"openFile":true,"packPath":"behaviorPack"}],["animation.json","animations/{{PRESET_PATH}}{{IDENTIFIER}}.json",{"inject":["IDENTIFIER","PRESET_PATH"],"packPath":"resourcePack"}],["animationController.json","animation_controllers/{{PRESET_PATH}}{{IDENTIFIER}}.json",{"inject":["IDENTIFIER","PRESET_PATH"],"packPath":"resourcePack"}],["geometry.json","models/entity/{{IDENTIFIER}}.json",{"inject":["IDENTIFIER"],"packPath":"resourcePack"}],["lootTable.json","loot_tables/entities/{{PRESET_PATH}}{{IDENTIFIER}}.json",{"inject":["IDENTIFIER","PRESET_PATH"],"packPath":"behaviorPack"}],["renderController.json","render_controllers/{{PRESET_PATH}}{{IDENTIFIER}}.json",{"inject":["IDENTIFIER","PRESET_PATH"],"packPath":"resourcePack"}],["spawnRule.json","spawn_rules/{{PRESET_PATH}}{{IDENTIFIER}}.json",{"inject":["IDENTIFIER","PROJECT_PREFIX","PRESET_PATH"],"packPath":"behaviorPack"}],["texture.png","textures/entity/{{PRESET_PATH}}{{IDENTIFIER}}.png",{"inject":["IDENTIFIER","PRESET_PATH"],"packPath":"resourcePack"}]],"expandFiles":[["en_US.lang","texts/en_US.lang",{"inject":["IDENTIFIER","IDENTIFIER_NAME","PROJECT_PREFIX"],"packPath":"resourcePack"}],["soundDefinitions.json","sounds/sound_definitions.json",{"inject":["IDENTIFIER"],"packPath":"resourcePack"}],["sounds.json","sounds.json",{"inject":["IDENTIFIER","PROJECT_PREFIX"],"packPath":"resourcePack"}]]},"file:///data/packages/minecraftBedrock/preset/entity/v1.16.0/spider/manifest.json":{"name":"Spider","icon":"mdi-spider","description":"Creates a new spider entity.","category":"fileType.entity","requires":{"targetVersion":[">=","1.8.0"],"packTypes":["behaviorPack","resourcePack"]},"additionalModels":{"PRESET_PATH":"","CLIENT_ENTITY_NO_EGG":"clientEntityNoEggTexture.json","CLIENT_ENTITY_EGG":"clientEntityEggTexture.json"},"fields":[["Spawn Egg Image (Optional)","SPAWN_EGG",{"type":"fileInput","accept":"image/png","optional":true}],["Identifier","IDENTIFIER",{"validate":["required","alphanumeric","lowercase"]}],["Display Name","IDENTIFIER_NAME",{"validate":["required"]}]],"createFiles":["presetScript/entityImages.js",["entity.json","entities/{{PRESET_PATH}}{{IDENTIFIER}}.json",{"inject":["IDENTIFIER","PROJECT_PREFIX","PRESET_PATH"],"openFile":true,"packPath":"behaviorPack"}],["animation.json","animations/{{PRESET_PATH}}{{IDENTIFIER}}.json",{"inject":["IDENTIFIER","PRESET_PATH"],"packPath":"resourcePack"}],["animationController.json","animation_controllers/{{PRESET_PATH}}{{IDENTIFIER}}.json",{"inject":["IDENTIFIER","PRESET_PATH"],"packPath":"resourcePack"}],["geometry.json","models/entity/{{IDENTIFIER}}.json",{"inject":["IDENTIFIER"],"packPath":"resourcePack"}],["lootTable.json","loot_tables/entities/{{PRESET_PATH}}{{IDENTIFIER}}.json",{"inject":["IDENTIFIER","PRESET_PATH"],"packPath":"behaviorPack"}],["renderController.json","render_controllers/{{PRESET_PATH}}{{IDENTIFIER}}.json",{"inject":["IDENTIFIER","PRESET_PATH"],"packPath":"resourcePack"}],["spawnRule.json","spawn_rules/{{PRESET_PATH}}{{IDENTIFIER}}.json",{"inject":["IDENTIFIER","PROJECT_PREFIX","PRESET_PATH"],"packPath":"behaviorPack"}],["texture.tga","textures/entity/{{PRESET_PATH}}{{IDENTIFIER}}.tga",{"inject":["IDENTIFIER","PRESET_PATH"],"packPath":"resourcePack"}]],"expandFiles":[["en_US.lang","texts/en_US.lang",{"inject":["IDENTIFIER","IDENTIFIER_NAME","PROJECT_PREFIX"],"packPath":"resourcePack"}],["soundDefinitions.json","sounds/sound_definitions.json",{"inject":["IDENTIFIER"],"packPath":"resourcePack"}],["sounds.json","sounds.json",{"inject":["IDENTIFIER","PROJECT_PREFIX"],"packPath":"resourcePack"}]]},"file:///data/packages/minecraftBedrock/preset/entity/v1.16.0/panda/manifest.json":{"name":"Panda","icon":"mdi-panda","description":"Creates a new panda entity.","category":"fileType.entity","requires":{"targetVersion":[">=","1.10.0"],"packTypes":["behaviorPack","resourcePack"]},"additionalModels":{"PRESET_PATH":"","CLIENT_ENTITY_NO_EGG":"clientEntityNoEggTexture.json","CLIENT_ENTITY_EGG":"clientEntityEggTexture.json"},"fields":[["Spawn Egg Image (Optional)","SPAWN_EGG",{"type":"fileInput","accept":"image/png","optional":true}],["Identifier","IDENTIFIER",{"validate":["required","alphanumeric","lowercase"]}],["Display Name","IDENTIFIER_NAME",{"validate":["required"]}]],"createFiles":["presetScript/entityImages.js",["entity.json","entities/{{PRESET_PATH}}{{IDENTIFIER}}.json",{"inject":["IDENTIFIER","PROJECT_PREFIX","PRESET_PATH"],"openFile":true,"packPath":"behaviorPack"}],["animation.json","animations/{{PRESET_PATH}}{{IDENTIFIER}}.json",{"inject":["IDENTIFIER","PRESET_PATH"],"packPath":"resourcePack"}],["animationController.json","animation_controllers/{{PRESET_PATH}}{{IDENTIFIER}}.json",{"inject":["IDENTIFIER","PRESET_PATH"],"packPath":"resourcePack"}],["geometry.json","models/entity/{{IDENTIFIER}}.json",{"inject":["IDENTIFIER"],"packPath":"resourcePack"}],["lootTable.json","loot_tables/entities/{{PRESET_PATH}}{{IDENTIFIER}}.json",{"inject":["IDENTIFIER","PRESET_PATH"],"packPath":"behaviorPack"}],["lootTableSneeze.json","loot_tables/entities/{{PRESET_PATH}}{{IDENTIFIER}}_sneeze.json",{"inject":["IDENTIFIER","PRESET_PATH"],"packPath":"behaviorPack"}],["renderController.json","render_controllers/{{PRESET_PATH}}{{IDENTIFIER}}.json",{"inject":["IDENTIFIER","PRESET_PATH"],"packPath":"resourcePack"}],["spawnRule.json","spawn_rules/{{PRESET_PATH}}{{IDENTIFIER}}.json",{"inject":["IDENTIFIER","PROJECT_PREFIX","PRESET_PATH"],"packPath":"behaviorPack"}],["texture.png","textures/entity/{{PRESET_PATH}}{{IDENTIFIER}}/{{IDENTIFIER}}.png",{"inject":["IDENTIFIER","PRESET_PATH"],"packPath":"resourcePack"}],["textureAggressive.png","textures/entity/{{PRESET_PATH}}{{IDENTIFIER}}/{{IDENTIFIER}}_aggressive.png",{"inject":["IDENTIFIER","PRESET_PATH"],"packPath":"resourcePack"}],["textureBrown.png","textures/entity/{{PRESET_PATH}}{{IDENTIFIER}}/{{IDENTIFIER}}_brown.png",{"inject":["IDENTIFIER","PRESET_PATH"],"packPath":"resourcePack"}],["textureLazy.png","textures/entity/{{PRESET_PATH}}{{IDENTIFIER}}/{{IDENTIFIER}}_lazy.png",{"inject":["IDENTIFIER","PRESET_PATH"],"packPath":"resourcePack"}],["texturePlayful.png","textures/entity/{{PRESET_PATH}}{{IDENTIFIER}}/{{IDENTIFIER}}_playful.png",{"inject":["IDENTIFIER","PRESET_PATH"],"packPath":"resourcePack"}],["textureSneezy.png","textures/entity/{{PRESET_PATH}}{{IDENTIFIER}}/{{IDENTIFIER}}_sneezy.png",{"inject":["IDENTIFIER","PRESET_PATH"],"packPath":"resourcePack"}],["textureWorried.png","textures/entity/{{PRESET_PATH}}{{IDENTIFIER}}/{{IDENTIFIER}}_worried.png",{"inject":["IDENTIFIER","PRESET_PATH"],"packPath":"resourcePack"}]],"expandFiles":[["en_US.lang","texts/en_US.lang",{"inject":["IDENTIFIER","IDENTIFIER_NAME","PROJECT_PREFIX"],"packPath":"resourcePack"}],["soundDefinitions.json","sounds/sound_definitions.json",{"inject":["IDENTIFIER"],"packPath":"resourcePack"}],["sounds.json","sounds.json",{"inject":["IDENTIFIER","PROJECT_PREFIX"],"packPath":"resourcePack"}]]},"file:///data/packages/minecraftBedrock/preset/entity/v1.16.0/cow/manifest.json":{"name":"Cow","icon":"mdi-cow","description":"Creates a new cow entity.","category":"fileType.entity","requires":{"targetVersion":[">=","1.8.0"],"packTypes":["behaviorPack","resourcePack"]},"additionalModels":{"PRESET_PATH":"","CLIENT_ENTITY_NO_EGG":"clientEntityNoEggTexture.json","CLIENT_ENTITY_EGG":"clientEntityEggTexture.json"},"fields":[["Spawn Egg Image (Optional)","SPAWN_EGG",{"type":"fileInput","accept":"image/png","optional":true}],["Identifier","IDENTIFIER",{"validate":["required","alphanumeric","lowercase"]}],["Display Name","IDENTIFIER_NAME",{"validate":["required"]}]],"createFiles":["presetScript/entityImages.js",["entity.json","entities/{{PRESET_PATH}}{{IDENTIFIER}}.json",{"inject":["IDENTIFIER","PROJECT_PREFIX","PRESET_PATH"],"openFile":true,"packPath":"behaviorPack"}],["animation.json","animations/{{PRESET_PATH}}{{IDENTIFIER}}.json",{"inject":["IDENTIFIER","PRESET_PATH"],"packPath":"resourcePack"}],["geometry.json","models/entity/{{IDENTIFIER}}.json",{"inject":["IDENTIFIER"],"packPath":"resourcePack"}],["lootTable.json","loot_tables/entities/{{PRESET_PATH}}{{IDENTIFIER}}.json",{"inject":["IDENTIFIER","PRESET_PATH"],"packPath":"behaviorPack"}],["renderController.json","render_controllers/{{PRESET_PATH}}{{IDENTIFIER}}.json",{"inject":["IDENTIFIER","PRESET_PATH"],"packPath":"resourcePack"}],["spawnRule.json","spawn_rules/{{PRESET_PATH}}{{IDENTIFIER}}.json",{"inject":["IDENTIFIER","PROJECT_PREFIX","PRESET_PATH"],"packPath":"behaviorPack"}],["texture.png","textures/entity/{{PRESET_PATH}}{{IDENTIFIER}}.png",{"inject":["IDENTIFIER","PRESET_PATH"],"packPath":"resourcePack"}]],"expandFiles":[["en_US.lang","texts/en_US.lang",{"inject":["IDENTIFIER","IDENTIFIER_NAME","PROJECT_PREFIX"],"packPath":"resourcePack"}],["soundDefinitions.json","sounds/sound_definitions.json",{"inject":["IDENTIFIER"],"packPath":"resourcePack"}],["sounds.json","sounds.json",{"inject":["IDENTIFIER","PROJECT_PREFIX"],"packPath":"resourcePack"}]]},"file:///data/packages/minecraftBedrock/preset/entity/v1.16.0/pig/manifest.json":{"name":"Pig","icon":"mdi-pig","description":"Creates a new pig entity.","category":"fileType.entity","requires":{"targetVersion":[">=","1.8.0"],"packTypes":["behaviorPack","resourcePack"]},"additionalModels":{"PRESET_PATH":"","CLIENT_ENTITY_NO_EGG":"clientEntityNoEggTexture.json","CLIENT_ENTITY_EGG":"clientEntityEggTexture.json"},"fields":[["Spawn Egg Image (Optional)","SPAWN_EGG",{"type":"fileInput","accept":"image/png","optional":true}],["Identifier","IDENTIFIER",{"validate":["required","alphanumeric","lowercase"]}],["Display Name","IDENTIFIER_NAME",{"validate":["required"]}]],"createFiles":["presetScript/entityImages.js",["entity.json","entities/{{PRESET_PATH}}{{IDENTIFIER}}.json",{"inject":["IDENTIFIER","PROJECT_PREFIX","PRESET_PATH"],"openFile":true,"packPath":"behaviorPack"}],["animation.json","animations/{{PRESET_PATH}}{{IDENTIFIER}}.json",{"inject":["IDENTIFIER","PRESET_PATH"],"packPath":"resourcePack"}],["geometry.json","models/entity/{{IDENTIFIER}}.json",{"inject":["IDENTIFIER"],"packPath":"resourcePack"}],["lootTable.json","loot_tables/entities/{{PRESET_PATH}}{{IDENTIFIER}}.json",{"inject":["IDENTIFIER","PRESET_PATH"],"packPath":"behaviorPack"}],["lootTableSaddled.json","loot_tables/entities/{{PRESET_PATH}}{{IDENTIFIER}}_saddled.json",{"inject":["IDENTIFIER","PRESET_PATH"],"packPath":"behaviorPack"}],["renderController.json","render_controllers/{{PRESET_PATH}}{{IDENTIFIER}}.json",{"inject":["IDENTIFIER","PRESET_PATH"],"packPath":"resourcePack"}],["spawnRule.json","spawn_rules/{{PRESET_PATH}}{{IDENTIFIER}}.json",{"inject":["IDENTIFIER","PROJECT_PREFIX","PRESET_PATH"],"packPath":"behaviorPack"}],["texture.png","textures/entity/{{PRESET_PATH}}{{IDENTIFIER}}/{{IDENTIFIER}}.png",{"inject":["IDENTIFIER","PRESET_PATH"],"packPath":"resourcePack"}],["textureSaddle.png","textures/entity/{{PRESET_PATH}}{{IDENTIFIER}}/{{IDENTIFIER}}_saddle.png",{"inject":["IDENTIFIER","PRESET_PATH"],"packPath":"resourcePack"}]],"expandFiles":[["en_US.lang","texts/en_US.lang",{"inject":["IDENTIFIER","IDENTIFIER_NAME","PROJECT_PREFIX"],"packPath":"resourcePack"}],["soundDefinitions.json","sounds/sound_definitions.json",{"inject":["IDENTIFIER"],"packPath":"resourcePack"}],["sounds.json","sounds.json",{"inject":["IDENTIFIER","PROJECT_PREFIX"],"packPath":"resourcePack"}]]},"file:///data/packages/minecraftBedrock/preset/entity/v1.16.0/blank/manifest.json":{"name":"Blank Entity","icon":"mdi-minecraft","description":"Creates a new, basic entity.","category":"fileType.entity","requires":{"targetVersion":{"min":"1.8.0","max":"1.20.70"},"packTypes":["behaviorPack","resourcePack"]},"additionalModels":{"DEFAULT_TEXTURE":"texture.png","MODEL_SAVE_PATH":["resourcePack","models/entity/"],"DEFAULT_MODEL":"geometry.json","PRESET_PATH":"","CLIENT_ENTITY_NO_EGG":"clientEntityNoEggTexture.json","CLIENT_ENTITY_EGG":"clientEntityEggTexture.json"},"fields":[["Entity Texture (Optional)","TEXTURE",{"type":"fileInput","accept":"image/png","optional":true}],["Entity Model (Optional)","MODEL",{"type":"fileInput","accept":"application/json","optional":"true","icon":"mdi-file-chart"}],["Spawn Egg Image (Optional)","SPAWN_EGG",{"type":"fileInput","accept":"image/png","optional":true}],["Identifier","IDENTIFIER",{"validate":["required","alphanumeric","lowercase"]}],["Display Name","IDENTIFIER_NAME",{"validate":["required"]}]],"createFiles":["presetScript/entityImages.js","presetScript/optionalModel.js",["entity.json","entities/{{PRESET_PATH}}{{IDENTIFIER}}.json",{"inject":["IDENTIFIER","PROJECT_PREFIX","PRESET_PATH"],"openFile":true,"packPath":"behaviorPack"}],["renderController.json","render_controllers/{{PRESET_PATH}}{{IDENTIFIER}}.json",{"inject":["IDENTIFIER","PRESET_PATH"],"packPath":"resourcePack"}]],"expandFiles":[["en_US.lang","texts/en_US.lang",{"inject":["IDENTIFIER","IDENTIFIER_NAME","PROJECT_PREFIX"],"packPath":"resourcePack"}]]},"file:///data/packages/minecraftBedrock/preset/entity/v1.16.0/fox/manifest.json":{"name":"Fox","icon":"mdi-paw","description":"Creates a new fox entity.","category":"fileType.entity","requires":{"targetVersion":[">=","1.8.0"],"packTypes":["behaviorPack","resourcePack"]},"additionalModels":{"PRESET_PATH":"","CLIENT_ENTITY_NO_EGG":"clientEntityNoEggTexture.json","CLIENT_ENTITY_EGG":"clientEntityEggTexture.json"},"fields":[["Spawn Egg Image (Optional)","SPAWN_EGG",{"type":"fileInput","accept":"image/png","optional":true}],["Identifier","IDENTIFIER",{"validate":["required","alphanumeric","lowercase"]}],["Display Name","IDENTIFIER_NAME",{"validate":["required"]}]],"createFiles":["presetScript/entityImages.js",["entity.json","entities/{{PRESET_PATH}}{{IDENTIFIER}}.json",{"inject":["IDENTIFIER","PROJECT_PREFIX","PRESET_PATH"],"openFile":true,"packPath":"behaviorPack"}],["animation.json","animations/{{PRESET_PATH}}{{IDENTIFIER}}.json",{"inject":["IDENTIFIER","PRESET_PATH"],"packPath":"resourcePack"}],["animationController.json","animation_controllers/{{PRESET_PATH}}{{IDENTIFIER}}.json",{"inject":["IDENTIFIER","PRESET_PATH"],"packPath":"resourcePack"}],["geometry.json","models/entity/{{IDENTIFIER}}.json",{"inject":["IDENTIFIER"],"packPath":"resourcePack"}],["lootTableEquipment.json","loot_tables/entities/{{PRESET_PATH}}{{IDENTIFIER}}_equipment.json",{"inject":["IDENTIFIER","PRESET_PATH"],"packPath":"behaviorPack"}],["renderController.json","render_controllers/{{PRESET_PATH}}{{IDENTIFIER}}.json",{"inject":["IDENTIFIER","PRESET_PATH"],"packPath":"resourcePack"}],["spawnRule.json","spawn_rules/{{PRESET_PATH}}{{IDENTIFIER}}.json",{"inject":["IDENTIFIER","PROJECT_PREFIX","PRESET_PATH"],"packPath":"behaviorPack"}],["texture.png","textures/entity/{{PRESET_PATH}}{{IDENTIFIER}}/{{IDENTIFIER}}.png",{"inject":["IDENTIFIER","PRESET_PATH"],"packPath":"resourcePack"}],["arcticTexture.png","textures/entity/{{PRESET_PATH}}{{IDENTIFIER}}/arctic_{{IDENTIFIER}}.png",{"inject":["IDENTIFIER","PRESET_PATH"],"packPath":"resourcePack"}]],"expandFiles":[["en_US.lang","texts/en_US.lang",{"inject":["IDENTIFIER","IDENTIFIER_NAME","PROJECT_PREFIX"],"packPath":"resourcePack"}],["soundDefinitions.json","sounds/sound_definitions.json",{"inject":["IDENTIFIER"],"packPath":"resourcePack"}],["sounds.json","sounds.json",{"inject":["IDENTIFIER","PROJECT_PREFIX"],"packPath":"resourcePack"}]]},"file:///data/packages/minecraftBedrock/preset/entity/v1.20.80/blank/manifest.json":{"name":"Blank Entity","icon":"mdi-minecraft","description":"Creates a new, basic entity.","category":"fileType.entity","requires":{"targetVersion":[">=","1.20.80"],"packTypes":["behaviorPack","resourcePack"]},"additionalModels":{"DEFAULT_TEXTURE":"texture.png","MODEL_SAVE_PATH":["resourcePack","models/entity/"],"DEFAULT_MODEL":"geometry.json","PRESET_PATH":"","CLIENT_ENTITY_NO_EGG":"clientEntityNoEggTexture.json","CLIENT_ENTITY_EGG":"clientEntityEggTexture.json"},"fields":[["Entity Texture (Optional)","TEXTURE",{"type":"fileInput","accept":"image/png","optional":true}],["Entity Model (Optional)","MODEL",{"type":"fileInput","accept":"application/json","optional":"true","icon":"mdi-file-chart"}],["Spawn Egg Image (Optional)","SPAWN_EGG",{"type":"fileInput","accept":"image/png","optional":true}],["Identifier","IDENTIFIER",{"validate":["required","alphanumeric","lowercase"]}],["Display Name","IDENTIFIER_NAME",{"validate":["required"]}]],"createFiles":["presetScript/entityImages.js","presetScript/optionalModel.js",["entity.json","entities/{{PRESET_PATH}}{{IDENTIFIER}}.json",{"inject":["IDENTIFIER","PROJECT_PREFIX","PRESET_PATH"],"openFile":true,"packPath":"behaviorPack"}],["renderController.json","render_controllers/{{PRESET_PATH}}{{IDENTIFIER}}.json",{"inject":["IDENTIFIER","PRESET_PATH"],"packPath":"resourcePack"}]],"expandFiles":[["en_US.lang","texts/en_US.lang",{"inject":["IDENTIFIER","IDENTIFIER_NAME","PROJECT_PREFIX"],"packPath":"resourcePack"}]]},"file:///data/packages/minecraftBedrock/preset/skins/alex/manifest.json":{"name":"Alex","icon":"mdi-face-woman-outline","description":"Add a Alex to the skin pack","category":"fileType.skins","requires":{"packTypes":["skinPack"]},"additionalModels":{"IMAGE_SAVE_PATH":["skinPack",""],"DEFAULT_IMAGE":"skin.png","PRESET_PATH":""},"fields":[["Identifier","IDENTIFIER",{"validate":["required","alphanumeric","lowercase"]}],["Display Name","IDENTIFIER_NAME",{"validate":["required"]}],["Skin File","IMAGE",{"type":"fileInput","accept":"image/png,image/jpeg","optional":true,"icon":"mdi-file-account"}]],"createFiles":["presetScript/optionalImage.js"],"expandFiles":[["skins.json","skins.json",{"inject":["IDENTIFIER"],"packPath":"skinPack"}],["en_US.lang","texts/en_US.lang",{"inject":["IDENTIFIER","IDENTIFIER_NAME","PROJECT_PREFIX"],"packPath":"skinPack"}]]},"file:///data/packages/minecraftBedrock/preset/skins/steve/manifest.json":{"name":"Steve","icon":"mdi-face-man-outline","description":"Add a Steve to the skin pack","category":"fileType.skins","requires":{"packTypes":["skinPack"]},"additionalModels":{"IMAGE_SAVE_PATH":["skinPack",""],"DEFAULT_IMAGE":"skin.png","PRESET_PATH":""},"fields":[["Identifier","IDENTIFIER",{"validate":["required","alphanumeric","lowercase"]}],["Display Name","IDENTIFIER_NAME",{"validate":["required"]}],["Skin File","IMAGE",{"type":"fileInput","accept":"image/png,image/jpeg","optional":true,"icon":"mdi-file-account"}]],"createFiles":["presetScript/optionalImage.js"],"expandFiles":[["skins.json","skins.json",{"inject":["IDENTIFIER"],"packPath":"skinPack"}],["en_US.lang","texts/en_US.lang",{"inject":["IDENTIFIER","IDENTIFIER_NAME","PROJECT_PREFIX"],"packPath":"skinPack"}]]},"file:///data/packages/minecraftBedrock/preset/simpleFile/aimAssistCategories/manifest.json":{"name":"Aim Assist Categories","icon":"mdi-crosshairs","description":"Creates a blank aim assist categories.","category":"fileType.simpleFile","requires":{"packTypes":["behaviorPack"],"experimentalGameplay":["aimAssist"],"targetVersion":["<=","1.21.50"]},"additionalModels":{"PRESET_PATH":"aim_assist/categories/"},"fields":[["File Name","FILE_NAME",{"validate":["required","alphanumeric","lowercase"]}]],"createFiles":[["aimAssistCategories.json","{{PRESET_PATH}}{{FILE_NAME}}.json",{"inject":["FILE_NAME","PRESET_PATH"],"openFile":true,"packPath":"behaviorPack"}]]},"file:///data/packages/minecraftBedrock/preset/simpleFile/experimentalFeature/manifest.json":{"name":"Experimental Feature","icon":"mdi-flower","description":"Creates a blank feature.","category":"fileType.simpleFile","requires":{"packTypes":["behaviorPack"],"experimentalGameplay":["creationOfCustomBiomes"]},"additionalModels":{"PRESET_PATH":"features/","TEMPLATES":{"packPath":"behaviorPack","options":[["Beards and Shavers Feature","beardsAndShavers.json"],["Rect Layout Feature","rectLayout.json"]]}},"fields":[["File Name","FILE_NAME",{"validate":["required","alphanumeric","lowercase"]}],["Template","TEMPLATE",{"type":"selectInput","optional":false,"default":"Blank","options":["Beards and Shavers Feature","Rect Layout Feature"]}]],"createFiles":["presetScript/fileTemplates.js"]},"file:///data/packages/minecraftBedrock/preset/simpleFile/structureSet/manifest.json":{"name":"Structure Set","icon":"mdi-castle","description":"Creates a blank structure set.","category":"fileType.simpleFile","requires":{"packTypes":["behaviorPack"],"experimentalGameplay":["dataDrivenJigsawStructures"]},"additionalModels":{"PRESET_PATH":"worldgen/structure_sets/"},"fields":[["File Name","FILE_NAME",{"validate":["required","alphanumeric","lowercase"]}]],"createFiles":[["structureSet.json","{{PRESET_PATH}}{{FILE_NAME}}.json",{"inject":["FILE_NAME","PRESET_PATH"],"openFile":true,"packPath":"behaviorPack"}]]},"file:///data/packages/minecraftBedrock/preset/simpleFile/tradeTable/manifest.json":{"name":"Trade Table","icon":"mdi-store-outline","description":"Creates a blank trade table.","category":"fileType.simpleFile","requires":{"packTypes":["behaviorPack"]},"additionalModels":{"PRESET_PATH":"trading/"},"fields":[["File Name","FILE_NAME",{"validate":["required","alphanumeric","lowercase"]}]],"createFiles":[["tradeTable.json","{{PRESET_PATH}}{{FILE_NAME}}.json",{"inject":["FILE_NAME","PRESET_PATH"],"openFile":true,"packPath":"behaviorPack"}]]},"file:///data/packages/minecraftBedrock/preset/simpleFile/clientAnimationController/manifest.json":{"name":"Client Animation Controller","icon":"mdi-movie-search-outline","description":"Creates a blank client animation controller.","category":"fileType.simpleFile","requires":{"packTypes":["resourcePack"]},"additionalModels":{"PRESET_PATH":"animation_controllers/"},"fields":[["File Name","FILE_NAME",{"validate":["required","alphanumeric","lowercase"]}]],"createFiles":[["animationController.json","{{PRESET_PATH}}{{FILE_NAME}}.json",{"inject":["FILE_NAME","PRESET_PATH"],"openFile":true,"packPath":"resourcePack"}]]},"file:///data/packages/minecraftBedrock/preset/simpleFile/clientItem/manifest.json":{"name":"Client Item","icon":"mdi-sword","description":"Creates a blank client item.","category":"fileType.simpleFile","requires":{"packTypes":["resourcePack"]},"additionalModels":{"PRESET_PATH":"items/"},"fields":[["File Name","FILE_NAME",{"validate":["required","alphanumeric","lowercase"]}]],"createFiles":[["clientItem.json","{{PRESET_PATH}}{{FILE_NAME}}.json",{"inject":["FILE_NAME","PRESET_PATH"],"openFile":true,"packPath":"resourcePack"}]]},"file:///data/packages/minecraftBedrock/preset/simpleFile/particle/manifest.json":{"name":"Particle","icon":"mdi-snowflake","description":"Creates a blank particle.","category":"fileType.simpleFile","requires":{"packTypes":["resourcePack"]},"additionalModels":{"PRESET_PATH":"particles/"},"fields":[["File Name","FILE_NAME",{"validate":["required","alphanumeric","lowercase"]}]],"createFiles":[["particle.json","{{PRESET_PATH}}{{FILE_NAME}}.json",{"inject":["FILE_NAME","PRESET_PATH"],"openFile":true,"packPath":"resourcePack"}]]},"file:///data/packages/minecraftBedrock/preset/simpleFile/biome/manifest.json":{"name":"Biome","icon":"mdi-earth-box","description":"Creates a blank biome.","category":"fileType.simpleFile","requires":{"packTypes":["behaviorPack"],"experimentalGameplay":["creationOfCustomBiomes"]},"additionalModels":{"PRESET_PATH":"biomes/"},"fields":[["File Name","FILE_NAME",{"validate":["required","alphanumeric","lowercase"]}]],"createFiles":[["biome.json","{{PRESET_PATH}}{{FILE_NAME}}.json",{"inject":["FILE_NAME","PROJECT_PREFIX","PRESET_PATH"],"openFile":true,"packPath":"behaviorPack"}]]},"file:///data/packages/minecraftBedrock/preset/simpleFile/entity/manifest.json":{"name":"Entity","icon":"mdi-minecraft","description":"Creates a blank entity.","category":"fileType.simpleFile","requires":{"packTypes":["behaviorPack"]},"additionalModels":{"PRESET_PATH":"entities/"},"fields":[["File Name","FILE_NAME",{"validate":["required","alphanumeric","lowercase"]}]],"createFiles":[["entity.json","{{PRESET_PATH}}{{FILE_NAME}}.json",{"inject":["FILE_NAME","PRESET_PATH"],"openFile":true,"packPath":"behaviorPack"}]]},"file:///data/packages/minecraftBedrock/preset/simpleFile/molangAST/manifest.json":{"name":"Molang AST Script","icon":"mdi-alpha-m","description":"Creates a blank Molang AST script.","category":"fileType.simpleFile","requires":{"packTypes":["behaviorPack"]},"additionalModels":{"PRESET_PATH":"scripts/molang/"},"fields":[["Language","LANGUAGE",{"type":"selectInput","default":"JavaScript","options":["JavaScript","TypeScript"]}],["File Name","FILE_NAME",{"validate":["required"]}]],"createFiles":["./preset.js"]},"file:///data/packages/minecraftBedrock/preset/simpleFile/lootTable/manifest.json":{"name":"Loot Table","icon":"mdi-skull-outline","description":"Creates a blank loot table.","category":"fileType.simpleFile","requires":{"packTypes":["behaviorPack"]},"additionalModels":{"PRESET_PATH":"loot_tables/"},"fields":[["File Name","FILE_NAME",{"validate":["required","alphanumeric","lowercase"]}]],"createFiles":[["lootTable.json","{{PRESET_PATH}}{{FILE_NAME}}.json",{"inject":["FILE_NAME","PRESET_PATH"],"openFile":true,"packPath":"behaviorPack"}]]},"file:///data/packages/minecraftBedrock/preset/simpleFile/serverAnimation/manifest.json":{"name":"Server Animation","icon":"mdi-movie-search-outline","description":"Creates a blank server animation.","category":"fileType.simpleFile","requires":{"packTypes":["behaviorPack"]},"additionalModels":{"PRESET_PATH":"animations/"},"fields":[["File Name","FILE_NAME",{"validate":["required","alphanumeric","lowercase"]}]],"createFiles":[["animation.json","{{PRESET_PATH}}{{FILE_NAME}}.json",{"inject":["FILE_NAME","PRESET_PATH"],"openFile":true,"packPath":"behaviorPack"}]]},"file:///data/packages/minecraftBedrock/preset/simpleFile/recipe/manifest.json":{"name":"Recipe","icon":"mdi-book-outline","description":"Creates a blank recipe.","category":"fileType.simpleFile","showIfDisabled":false,"requires":{"packTypes":["behaviorPack"],"experimentalGameplay":["!educationEdition"]},"additionalModels":{"PRESET_PATH":"recipes/","TEMPLATES":{"packPath":"behaviorPack","options":[["Blank","blank.json"],["Shaped Recipe","shaped.json"],["Shapeless Recipe","shapeless.json"],["Furnace Recipe","furnace.json"],["Brewing Mix Recipe","brewingMix.json"],["Brewing Container Recipe","brewingContainer.json"]]}},"fields":[["File Name","FILE_NAME",{"validate":["required","alphanumeric","lowercase"]}],["Template","TEMPLATE",{"type":"selectInput","optional":false,"default":"Blank","options":["Blank","Shaped Recipe","Shapeless Recipe","Furnace Recipe","Brewing Mix Recipe","Brewing Container Recipe"]}]],"createFiles":["presetScript/fileTemplates.js"]},"file:///data/packages/minecraftBedrock/preset/simpleFile/script/manifest.json":{"name":"Script","icon":"mdi-test-tube","description":"Creates a blank script.","category":"fileType.simpleFile","requires":{"packTypes":["behaviorPack"]},"additionalModels":{"PRESET_PATH":"scripts/"},"fields":[["Language","LANGUAGE",{"type":"selectInput","default":"js","options":[{"text":"JavaScript","value":"js"},{"text":"TypeScript","value":"ts"}]}],["File Name","FILE_NAME",{"validate":["required"]}],["Use scripting template","TEMPLATE",{"type":"switch"}]],"createFiles":["./scriptTemplate.js"]},"file:///data/packages/minecraftBedrock/preset/simpleFile/cameraPreset/manifest.json":{"name":"Camera Preset","icon":"mdi-camera","description":"Creates a blank camera preset.","category":"fileType.simpleFile","requires":{"packTypes":["behaviorPack"]},"additionalModels":{"PRESET_PATH":"cameras/presets/"},"fields":[["File Name","FILE_NAME",{"validate":["required","alphanumeric","lowercase"]}]],"createFiles":[["cameraPreset.json","{{PRESET_PATH}}{{FILE_NAME}}.json",{"inject":["FILE_NAME","PRESET_PATH"],"openFile":true,"packPath":"behaviorPack"}]]},"file:///data/packages/minecraftBedrock/preset/simpleFile/component/manifest.json":{"name":"Custom Component","icon":"mdi-package-variant","description":"Creates a blank custom component.","category":"fileType.simpleFile","requires":{"packTypes":["behaviorPack"]},"additionalModels":{"PRESET_PATH":"components/"},"fields":[["Language","LANGUAGE",{"type":"selectInput","default":"js","options":[{"text":"JavaScript","value":"js"},{"text":"TypeScript","value":"ts"}]}],["Type","TYPE",{"type":"selectInput","default":"entity","options":[{"text":"Entity","value":"entity"},{"text":"Block","value":"block"},{"text":"Item","value":"item"}]}],["File Name","FILE_NAME",{"validate":["required"]}]],"createFiles":[["component.js","{{PRESET_PATH}}{{TYPE}}/{{FILE_NAME}}.{{LANGUAGE}}",{"inject":["FILE_NAME","LANGUAGE","TYPE","PRESET_PATH"],"openFile":true,"packPath":"behaviorPack"}]]},"file:///data/packages/minecraftBedrock/preset/simpleFile/recipeEDU/manifest.json":{"name":"Recipe","icon":"mdi-book-outline","description":"Creates a blank recipe.","category":"fileType.simpleFile","showIfDisabled":false,"requires":{"packTypes":["behaviorPack"],"experimentalGameplay":["educationEdition"]},"additionalModels":{"PRESET_PATH":"recipes/","TEMPLATES":{"packPath":"behaviorPack","options":[["Blank","blank.json"],["Shaped Recipe","shaped.json"],["Shapeless Recipe","shapeless.json"],["Furnace Recipe","furnace.json"],["Brewing Mix Recipe","brewingMix.json"],["Brewing Container Recipe","brewingContainer.json"],["Material Reducer Recipe","materialReducer.json"]]}},"fields":[["File Name","FILE_NAME",{"validate":["required","alphanumeric","lowercase"]}],["Template","TEMPLATE",{"type":"selectInput","optional":false,"default":"Blank","options":["Blank","Shaped Recipe","Shapeless Recipe","Furnace Recipe","Brewing Mix Recipe","Brewing Container Recipe","Material Reducer Recipe"]}]],"createFiles":["presetScript/fileTemplates.js"]},"file:///data/packages/minecraftBedrock/preset/simpleFile/aimAssistPreset/manifest.json":{"name":"Aim Assist Preset","icon":"mdi-crosshairs","description":"Creates a blank aim assist preset.","category":"fileType.simpleFile","requires":{"packTypes":["behaviorPack"],"experimentalGameplay":["aimAssist"]},"additionalModels":{"PRESET_PATH":"aim_assist/presets/"},"fields":[["File Name","FILE_NAME",{"validate":["required","alphanumeric","lowercase"]}]],"createFiles":[["aimAssistPreset.json","{{PRESET_PATH}}{{FILE_NAME}}.json",{"inject":["FILE_NAME","PRESET_PATH"],"openFile":true,"packPath":"behaviorPack"}]]},"file:///data/packages/minecraftBedrock/preset/simpleFile/dialogue/manifest.json":{"name":"Dialogue","icon":"mdi-forum","description":"Creates a blank dialogue.","category":"fileType.simpleFile","requires":{"packTypes":["behaviorPack"],"targetVersion":[">=","1.17.10"]},"additionalModels":{"PRESET_PATH":"dialogue/"},"fields":[["File Name","FILE_NAME",{"validate":["required","alphanumeric","lowercase"]}]],"createFiles":[["dialogue.json","{{PRESET_PATH}}{{FILE_NAME}}.json",{"inject":["FILE_NAME","PRESET_PATH"],"openFile":true,"packPath":"behaviorPack"}]]},"file:///data/packages/minecraftBedrock/preset/simpleFile/textureSet/manifest.json":{"name":"Texture Set","icon":"mdi-texture","description":"Creates a blank texture set.","category":"fileType.simpleFile","requires":{"packTypes":["resourcePack"],"targetVersion":[">=","1.16.100"]},"additionalModels":{"PRESET_PATH":"textures/blocks/"},"fields":[["File Name","FILE_NAME",{"validate":["required","alphanumeric","lowercase"]}]],"createFiles":[["textureSet.json","{{PRESET_PATH}}{{FILE_NAME}}.json",{"inject":["FILE_NAME","PRESET_PATH"],"openFile":true,"packPath":"resourcePack"}]]},"file:///data/packages/minecraftBedrock/preset/simpleFile/volume/manifest.json":{"name":"Volume","icon":"mdi-shape-rectangle-plus","description":"Creates a blank volume.","category":"fileType.simpleFile","requires":{"targetVersion":{"min":"1.18.20","max":"1.20.0"},"packTypes":["behaviorPack"],"experimentalGameplay":["upcomingCreatorFeatures"]},"additionalModels":{"PRESET_PATH":"volumes/"},"fields":[["File Name","FILE_NAME",{"validate":["required","alphanumeric","lowercase"]}]],"createFiles":[["volume.json","{{PRESET_PATH}}{{FILE_NAME}}.json",{"inject":["FILE_NAME","PRESET_PATH"],"openFile":true,"packPath":"behaviorPack"}]]},"file:///data/packages/minecraftBedrock/preset/simpleFile/clientAnimation/manifest.json":{"name":"Client Animation","icon":"mdi-movie-open-outline","description":"Creates a blank client animation.","category":"fileType.simpleFile","requires":{"packTypes":["resourcePack"]},"additionalModels":{"PRESET_PATH":"animations/"},"fields":[["File Name","FILE_NAME",{"validate":["required","alphanumeric","lowercase"]}]],"createFiles":[["animation.json","{{PRESET_PATH}}{{FILE_NAME}}.json",{"inject":["FILE_NAME","PRESET_PATH"],"openFile":true,"packPath":"resourcePack"}]]},"file:///data/packages/minecraftBedrock/preset/simpleFile/commandSelector/manifest.json":{"name":"Custom Command Selector","icon":"mdi-at","description":"Creates a blank custom command selector.","category":"fileType.simpleFile","showIfDisabled":false,"requires":{"packTypes":["behaviorPack","disabledPreset"]},"additionalModels":{"PRESET_PATH":"commands/selectors/"},"fields":[["Language","LANGUAGE",{"type":"selectInput","default":"js","options":[{"text":"JavaScript","value":"js"},{"text":"TypeScript","value":"ts"}]}],["File Name","FILE_NAME",{"validate":["required"]}]],"createFiles":[["commandSelector.js","{{PRESET_PATH}}{{FILE_NAME}}.{{LANGUAGE}}",{"inject":["FILE_NAME","LANGUAGE","PRESET_PATH"],"openFile":true,"packPath":"behaviorPack"}]]},"file:///data/packages/minecraftBedrock/preset/simpleFile/block/manifest.json":{"name":"Block","icon":"mdi-cube-outline","description":"Creates a blank block.","category":"fileType.simpleFile","requires":{"packTypes":["behaviorPack"]},"additionalModels":{"PRESET_PATH":"blocks/"},"fields":[["File Name","FILE_NAME",{"validate":["required","alphanumeric","lowercase"]}]],"createFiles":[["block.json","{{PRESET_PATH}}{{FILE_NAME}}.json",{"inject":["FILE_NAME","PRESET_PATH"],"openFile":true,"packPath":"behaviorPack"}]]},"file:///data/packages/minecraftBedrock/preset/simpleFile/clientBiome/manifest.json":{"name":"Client Biome","icon":"mdi-island","description":"Creates a blank client biome.","category":"fileType.simpleFile","requires":{"packTypes":["resourcePack"],"targetVersion":[">=","1.21.40"]},"additionalModels":{"PRESET_PATH":"biomes/"},"fields":[["File Name","FILE_NAME",{"validate":["required","alphanumeric","lowercase"]}]],"createFiles":[["clientBiome.json","{{PRESET_PATH}}{{FILE_NAME}}.json",{"inject":["FILE_NAME","PRESET_PATH"],"openFile":true,"packPath":"resourcePack"}]]},"file:///data/packages/minecraftBedrock/preset/simpleFile/featureRule/manifest.json":{"name":"Feature Rule","icon":"mdi-map-plus","description":"Creates a blank feature rule.","category":"fileType.simpleFile","requires":{"packTypes":["behaviorPack"],"experimentalGameplay":[]},"additionalModels":{"PRESET_PATH":"feature_rules/"},"fields":[["File Name","FILE_NAME",{"validate":["required","alphanumeric","lowercase"]}]],"createFiles":[["featureRule.json","{{PRESET_PATH}}{{FILE_NAME}}.json",{"inject":["FILE_NAME","PROJECT_PREFIX","PRESET_PATH"],"openFile":true,"packPath":"behaviorPack"}]]},"file:///data/packages/minecraftBedrock/preset/simpleFile/item/manifest.json":{"name":"Item","icon":"mdi-sword","description":"Creates a blank item.","category":"fileType.simpleFile","requires":{"packTypes":["behaviorPack"]},"additionalModels":{"PRESET_PATH":"items/"},"fields":[["File Name","FILE_NAME",{"validate":["required","alphanumeric","lowercase"]}]],"createFiles":[["item.json","{{PRESET_PATH}}{{FILE_NAME}}.json",{"inject":["FILE_NAME","PRESET_PATH"],"openFile":true,"packPath":"behaviorPack"}]]},"file:///data/packages/minecraftBedrock/preset/simpleFile/function/manifest.json":{"name":"Function","icon":"mdi-function","description":"Creates a blank function.","category":"fileType.simpleFile","requires":{"packTypes":["behaviorPack"]},"additionalModels":{"PRESET_PATH":"functions/"},"fields":[["File Name","FILE_NAME",{"validate":["required","alphanumeric","lowercase"]}]],"createFiles":[["function.mcfunction","{{PRESET_PATH}}{{FILE_NAME}}.mcfunction",{"inject":["FILE_NAME","PRESET_PATH"],"openFile":true,"packPath":"behaviorPack"}]]},"file:///data/packages/minecraftBedrock/preset/simpleFile/processorList/manifest.json":{"name":"Processor List","icon":"mdi-view-list","description":"Creates a blank processor list.","category":"fileType.simpleFile","requires":{"packTypes":["behaviorPack"],"experimentalGameplay":["dataDrivenJigsawStructures"]},"additionalModels":{"PRESET_PATH":"worldgen/processors/"},"fields":[["File Name","FILE_NAME",{"validate":["required","alphanumeric","lowercase"]}]],"createFiles":[["processorList.json","{{PRESET_PATH}}{{FILE_NAME}}.json",{"inject":["FILE_NAME","PRESET_PATH"],"openFile":true,"packPath":"behaviorPack"}]]},"file:///data/packages/minecraftBedrock/preset/simpleFile/fog/manifest.json":{"name":"Fog","icon":"mdi-weather-fog","description":"Creates a blank fog.","category":"fileType.simpleFile","requires":{"packTypes":["resourcePack"],"targetVersion":[">=","1.16.100"]},"additionalModels":{"PRESET_PATH":"fogs/"},"fields":[["File Name","FILE_NAME",{"validate":["required","alphanumeric","lowercase"]}]],"createFiles":[["fog.json","{{PRESET_PATH}}{{FILE_NAME}}.json",{"inject":["FILE_NAME","PRESET_PATH"],"openFile":true,"packPath":"resourcePack"}]]},"file:///data/packages/minecraftBedrock/preset/simpleFile/lang/manifest.json":{"name":"Language","icon":"mdi-web","description":"Creates a blank language file.","category":"fileType.simpleFile","requires":{"packTypes":["resourcePack"]},"additionalModels":{"PRESET_PATH":"texts/"},"fields":[["File Name","FILE_NAME",{"validate":["required","alphanumeric"]}]],"createFiles":[["language.lang","{{PRESET_PATH}}{{FILE_NAME}}.lang",{"inject":["FILE_NAME","PRESET_PATH"],"openFile":true,"packPath":"resourcePack"}]]},"file:///data/packages/minecraftBedrock/preset/simpleFile/serverAnimationController/manifest.json":{"name":"Server Animation Controller","icon":"mdi-google-controller","description":"Creates a blank server animation controller.","category":"fileType.simpleFile","requires":{"packTypes":["behaviorPack"]},"additionalModels":{"PRESET_PATH":"animation_controllers/"},"fields":[["File Name","FILE_NAME",{"validate":["required","alphanumeric","lowercase"]}]],"createFiles":[["animationController.json","{{PRESET_PATH}}{{FILE_NAME}}.json",{"inject":["FILE_NAME","PRESET_PATH"],"openFile":true,"packPath":"behaviorPack"}]]},"file:///data/packages/minecraftBedrock/preset/simpleFile/ui/manifest.json":{"name":"UI","icon":"mdi-window-maximize","description":"Creates a blank UI file.","category":"fileType.simpleFile","requires":{"packTypes":["resourcePack"]},"additionalModels":{"PRESET_PATH":"ui/"},"fields":[["File Name","FILE_NAME",{"validate":["required","alphanumeric","lowercase"]}]],"createFiles":[["ui.json","{{PRESET_PATH}}{{FILE_NAME}}.json",{"inject":["FILE_NAME","PRESET_PATH"],"openFile":true,"packPath":"resourcePack"}]]},"file:///data/packages/minecraftBedrock/preset/simpleFile/legacyVolume/manifest.json":{"name":"Volume","icon":"mdi-shape-rectangle-plus","description":"Creates a blank volume.","category":"fileType.simpleFile","showIfDisabled":false,"requires":{"targetVersion":{"min":"1.17.0","max":"1.18.10"},"packTypes":["worldTemplate"],"experimentalGameplay":["upcomingCreatorFeatures"]},"additionalModels":{"PRESET_PATH":"volumes/"},"fields":[["File Name","FILE_NAME",{"validate":["required","alphanumeric","lowercase"]}]],"createFiles":[["volume.json","{{PRESET_PATH}}{{FILE_NAME}}.json",{"inject":["FILE_NAME","PRESET_PATH"],"openFile":true,"packPath":"worldTemplate"}]]},"file:///data/packages/minecraftBedrock/preset/simpleFile/command/manifest.json":{"name":"Custom Command","icon":"mdi-script-text-outline","description":"Creates a blank custom command.","category":"fileType.simpleFile","requires":{"packTypes":["behaviorPack"]},"additionalModels":{"PRESET_PATH":"commands/"},"fields":[["Language","LANGUAGE",{"type":"selectInput","default":"js","options":[{"text":"JavaScript","value":"js"},{"text":"TypeScript","value":"ts"}]}],["File Name","FILE_NAME",{"validate":["required"]}]],"createFiles":[["command.js","{{PRESET_PATH}}{{FILE_NAME}}.{{LANGUAGE}}",{"inject":["FILE_NAME","LANGUAGE","PRESET_PATH"],"openFile":true,"packPath":"behaviorPack"}]]},"file:///data/packages/minecraftBedrock/preset/simpleFile/spawnRule/manifest.json":{"name":"Spawn Rule","icon":"mdi-egg-outline","description":"Creates a blank spawn rule.","category":"fileType.simpleFile","requires":{"packTypes":["behaviorPack"]},"additionalModels":{"PRESET_PATH":"spawn_rules/"},"fields":[["File Name","FILE_NAME",{"validate":["required","alphanumeric","lowercase"]}]],"createFiles":[["spawnRule.json","{{PRESET_PATH}}{{FILE_NAME}}.json",{"inject":["FILE_NAME","PRESET_PATH"],"openFile":true,"packPath":"behaviorPack"}]]},"file:///data/packages/minecraftBedrock/preset/simpleFile/clientEntity/manifest.json":{"name":"Client Entity","icon":"mdi-minecraft","description":"Creates a blank client entity.","category":"fileType.simpleFile","requires":{"packTypes":["resourcePack"]},"additionalModels":{"PRESET_PATH":"entity/"},"fields":[["File Name","FILE_NAME",{"validate":["required","alphanumeric","lowercase"]}]],"createFiles":[["clientEntity.json","{{PRESET_PATH}}{{FILE_NAME}}.json",{"inject":["FILE_NAME","PRESET_PATH"],"openFile":true,"packPath":"resourcePack"}]]},"file:///data/packages/minecraftBedrock/preset/simpleFile/jigsawStructure/manifest.json":{"name":"Jigsaw Structure","icon":"mdi-puzzle","description":"Creates a blank jigsaw structure.","category":"fileType.simpleFile","requires":{"packTypes":["behaviorPack"],"experimentalGameplay":["dataDrivenJigsawStructures"]},"additionalModels":{"PRESET_PATH":"worldgen/jigsaw_structures/"},"fields":[["File Name","FILE_NAME",{"validate":["required","alphanumeric","lowercase"]}]],"createFiles":[["jigsawStructure.json","{{PRESET_PATH}}{{FILE_NAME}}.json",{"inject":["FILE_NAME","PRESET_PATH"],"openFile":true,"packPath":"behaviorPack"}]]},"file:///data/packages/minecraftBedrock/preset/simpleFile/dimension/manifest.json":{"name":"Dimension","icon":"mdi-island","description":"Creates a blank dimension. Can only be used to modify vanilla dimension world height.","category":"fileType.simpleFile","requires":{"packTypes":["behaviorPack"],"targetVersion":[">=","1.19.0"]},"additionalModels":{"PRESET_PATH":"dimensions/"},"fields":[["File Name","FILE_NAME",{"validate":["required","alphanumeric","lowercase"]}]],"createFiles":[["dimension.json","{{PRESET_PATH}}{{FILE_NAME}}.json",{"inject":["FILE_NAME","PRESET_PATH"],"openFile":true,"packPath":"behaviorPack"}]]},"file:///data/packages/minecraftBedrock/preset/simpleFile/feature/manifest.json":{"name":"Feature","icon":"mdi-flower","description":"Creates a blank feature.","category":"fileType.simpleFile","requires":{"packTypes":["behaviorPack"],"experimentalGameplay":[]},"additionalModels":{"PRESET_PATH":"features/","TEMPLATES":{"packPath":"behaviorPack","options":[["Blank","blank.json"],["Ore Feature","ore.json"],["Single Block Feature","singleBlock.json"],["Aggregate Feature","aggregate.json"],["Scatter Feature","scatter.json"],["Tree Feature","tree.json"],["Weighted Random Feature","weightedRandom.json"],["Structure Feature","structure.json"],["Search Feature","search.json"],["Sequence Feature","sequence.json"],["Cave Carver Feature","caveCarver.json"],["Hell Cave Carver Feature","hellCaveCarver.json"],["Underwater Cave Carver Feature","underwaterCaveCarver.json"],["Growing Plant Feature","growingPlant.json"],["Snap to Surface Feature","snapToSurface.json"],["Vegetation Patch Feature","vegetationPatch.json"],["Geode Feature","geode.json"],["Multiface Feature","multiface.json"]]}},"fields":[["File Name","FILE_NAME",{"validate":["required","alphanumeric","lowercase"]}],["Template","TEMPLATE",{"type":"selectInput","optional":false,"default":"Blank","options":["Blank","Ore Feature","Single Block Feature","Aggregate Feature","Scatter Feature","Tree Feature","Weighted Random Feature","Structure Feature","Search Feature","Sequence Feature","Cave Carver Feature","Hell Cave Carver Feature","Underwater Cave Carver Feature","Growing Plant Feature","Snap to Surface Feature","Vegetation Patch Feature","Geode Feature","Multiface Feature"]}]],"createFiles":["presetScript/fileTemplates.js"]},"file:///data/packages/minecraftBedrock/preset/simpleFile/renderController/manifest.json":{"name":"Render Controller","icon":"mdi-pentagon-outline","description":"Creates a blank render controller.","category":"fileType.simpleFile","requires":{"packTypes":["resourcePack"]},"additionalModels":{"PRESET_PATH":"render_controllers/"},"fields":[["File Name","FILE_NAME",{"validate":["required","alphanumeric","lowercase"]}]],"createFiles":[["renderController.json","{{PRESET_PATH}}{{FILE_NAME}}.json",{"inject":["FILE_NAME","PRESET_PATH"],"openFile":true,"packPath":"resourcePack"}]]},"file:///data/packages/minecraftBedrock/preset/simpleFile/molang/manifest.json":{"name":"Molang","icon":"mdi-alpha-m","description":"Creates a blank Molang file.","category":"fileType.simpleFile","requires":{"packTypes":["behaviorPack"]},"additionalModels":{"PRESET_PATH":"molang/"},"fields":[["File Name","FILE_NAME",{"validate":["required"]}]],"createFiles":[["molang.molang","{{PRESET_PATH}}{{FILE_NAME}}.molang",{"inject":["FILE_NAME","PRESET_PATH"],"openFile":true,"packPath":"behaviorPack"}]]},"file:///data/packages/minecraftBedrock/preset/simpleFile/blockCulling/manifest.json":{"name":"Block Culling Rules","icon":"mdi-cube-scan","description":"Creates a blank block culling rules","category":"fileType.simpleFile","requires":{"packTypes":["resourcePack"]},"additionalModels":{"PRESET_PATH":"block_culling/"},"fields":[["File Name","FILE_NAME",{"validate":["required","alphanumeric","lowercase"]}]],"createFiles":[["blockCulling.json","{{PRESET_PATH}}{{FILE_NAME}}.json",{"inject":["FILE_NAME","PRESET_PATH"],"openFile":true,"packPath":"resourcePack"}]]},"file:///data/packages/minecraftBedrock/preset/simpleFile/attachable/manifest.json":{"name":"Attachable","icon":"mdi-hat-fedora","description":"Creates a blank attachable.","category":"fileType.simpleFile","requires":{"packTypes":["resourcePack"]},"additionalModels":{"PRESET_PATH":"attachables/"},"fields":[["File Name","FILE_NAME",{"validate":["required","alphanumeric","lowercase"]}]],"createFiles":[["attachable.json","{{PRESET_PATH}}{{FILE_NAME}}.json",{"inject":["FILE_NAME","PRESET_PATH"],"openFile":true,"packPath":"resourcePack"}]]},"file:///data/packages/minecraftBedrock/preset/simpleFile/templatePool/manifest.json":{"name":"Template Pool","icon":"mdi-library-shelves","description":"Creates a blank template pool.","category":"fileType.simpleFile","requires":{"packTypes":["behaviorPack"],"experimentalGameplay":["dataDrivenJigsawStructures"]},"additionalModels":{"PRESET_PATH":"worldgen/template_pools/"},"fields":[["File Name","FILE_NAME",{"validate":["required","alphanumeric","lowercase"]}]],"createFiles":[["templatePool.json","{{PRESET_PATH}}{{FILE_NAME}}.json",{"inject":["FILE_NAME","PRESET_PATH"],"openFile":true,"packPath":"behaviorPack"}]]},"file:///data/packages/minecraftBedrock/preset/simpleFile/material/manifest.json":{"name":"Material","icon":"mdi-texture","description":"Creates a blank material file.","category":"fileType.simpleFile","requires":{"packTypes":["resourcePack"]},"additionalModels":{"PRESET_PATH":"materials/"},"fields":[["File Name","FILE_NAME",{"validate":["required"]}]],"createFiles":[["material.material","{{PRESET_PATH}}{{FILE_NAME}}.material",{"inject":["FILE_NAME","PRESET_PATH"],"openFile":true,"packPath":"resourcePack"}]]},"file:///data/packages/minecraftBedrock/preset/block/v1.20.80/ore/manifest.json":{"name":"Ore","icon":"mdi-cube-outline","description":"Creates a new ore block with natural generation.","category":"fileType.block","showIfDisabled":false,"requires":{"targetVersion":[">=","1.20.80"],"packTypes":["behaviorPack","resourcePack"],"experimentalGameplay":[]},"additionalModels":{"DEFAULT_TEXTURE":"texture.png","PRESET_PATH":""},"fields":[["Image (Optional)","TEXTURE",{"type":"fileInput","accept":"image/png","optional":true}],["Identifier","IDENTIFIER",{"validate":["required","alphanumeric","lowercase"]}],["Display Name","IDENTIFIER_NAME",{"validate":["required"]}]],"createFiles":["presetScript/blockImages.js",["block.json","blocks/{{PRESET_PATH}}{{IDENTIFIER}}.json",{"inject":["IDENTIFIER","PROJECT_PREFIX","PRESET_PATH"],"openFile":true,"packPath":"behaviorPack"}],["feature.json","features/{{IDENTIFIER}}_feature.json",{"inject":["IDENTIFIER","PROJECT_PREFIX"],"openFile":true,"packPath":"behaviorPack"}],["featureRule.json","feature_rules/overworld_underground_{{IDENTIFIER}}.json",{"inject":["IDENTIFIER","PROJECT_PREFIX"],"openFile":true,"packPath":"behaviorPack"}]],"expandFiles":[["clientBlock.json","blocks.json",{"inject":["IDENTIFIER","PROJECT_PREFIX"],"packPath":"resourcePack"}],["en_US.lang","texts/en_US.lang",{"inject":["IDENTIFIER","IDENTIFIER_NAME","PROJECT_PREFIX"],"packPath":"resourcePack"}]]},"file:///data/packages/minecraftBedrock/preset/block/v1.20.80/customGeometry/manifest.json":{"name":"Custom Geometry Block","icon":"mdi-cube-outline","description":"Creates a new, basic block with custom geometry.","category":"fileType.block","requires":{"targetVersion":[">=","1.20.80"],"packTypes":["behaviorPack","resourcePack"]},"additionalModels":{"DEFAULT_TEXTURE":"texture.png","MODEL_SAVE_PATH":["resourcePack","models/blocks/"],"DEFAULT_MODEL":"geometry.json","PRESET_PATH":""},"fields":[["Identifier","IDENTIFIER",{"validate":["required","alphanumeric","lowercase"]}],["Display Name","IDENTIFIER_NAME",{"validate":["required"]}],["Block Model","MODEL",{"type":"fileInput","accept":"application/json","optional":"true","icon":"mdi-file-chart"}],["Block Texture","TEXTURE",{"type":"fileInput","accept":"image/png,image/jpeg","optional":"true","icon":"mdi-file-image"}]],"createFiles":[["block.json","blocks/{{PRESET_PATH}}{{IDENTIFIER}}.json",{"inject":["IDENTIFIER","PROJECT_PREFIX","PRESET_PATH"],"openFile":true,"packPath":"behaviorPack"}],"presetScript/optionalModel.js","presetScript/blockImages.js"],"expandFiles":[["clientBlock.json","blocks.json",{"inject":["IDENTIFIER","PROJECT_PREFIX"],"packPath":"resourcePack"}],["en_US.lang","texts/en_US.lang",{"inject":["IDENTIFIER","IDENTIFIER_NAME","PROJECT_PREFIX"],"packPath":"resourcePack"}]]},"file:///data/packages/minecraftBedrock/preset/block/v1.20.80/blank/manifest.json":{"name":"Blank Block","icon":"mdi-cube-outline","description":"Creates a new, basic block.","category":"fileType.block","showIfDisabled":false,"requires":{"targetVersion":[">=","1.20.80"],"packTypes":["behaviorPack","resourcePack"]},"additionalModels":{"DEFAULT_TEXTURE":"texture.png","PRESET_PATH":""},"fields":[["Image (Optional)","TEXTURE",{"type":"fileInput","accept":"image/png","optional":true}],["Identifier","IDENTIFIER",{"validate":["required","alphanumeric","lowercase"]}],["Display Name","IDENTIFIER_NAME",{"validate":["required"]}]],"createFiles":["presetScript/blockImages.js",["block.json","blocks/{{PRESET_PATH}}{{IDENTIFIER}}.json",{"inject":["IDENTIFIER","PROJECT_PREFIX","PRESET_PATH"],"openFile":true,"packPath":"behaviorPack"}]],"expandFiles":[["clientBlock.json","blocks.json",{"inject":["IDENTIFIER","PROJECT_PREFIX"],"packPath":"resourcePack"}],["en_US.lang","texts/en_US.lang",{"inject":["IDENTIFIER","IDENTIFIER_NAME","PROJECT_PREFIX"],"packPath":"resourcePack"}]]},"file:///data/packages/minecraftBedrock/preset/block/v1.20.0/blank/manifest.json":{"name":"Blank Block","icon":"mdi-cube-outline","description":"Creates a new, basic block.","category":"fileType.block","showIfDisabled":false,"requires":{"targetVersion":{"min":"1.20.0","max":"1.20.70"},"packTypes":["behaviorPack","resourcePack"]},"additionalModels":{"DEFAULT_TEXTURE":"texture.png","PRESET_PATH":""},"fields":[["Image (Optional)","TEXTURE",{"type":"fileInput","accept":"image/png","optional":true}],["Identifier","IDENTIFIER",{"validate":["required","alphanumeric","lowercase"]}],["Display Name","IDENTIFIER_NAME",{"validate":["required"]}]],"createFiles":["presetScript/blockImages.js",["block.json","blocks/{{PRESET_PATH}}{{IDENTIFIER}}.json",{"inject":["IDENTIFIER","PROJECT_PREFIX","PRESET_PATH"],"openFile":true,"packPath":"behaviorPack"}]],"expandFiles":[["clientBlock.json","blocks.json",{"inject":["IDENTIFIER","PROJECT_PREFIX"],"packPath":"resourcePack"}],["en_US.lang","texts/en_US.lang",{"inject":["IDENTIFIER","IDENTIFIER_NAME","PROJECT_PREFIX"],"packPath":"resourcePack"}]]},"file:///data/packages/minecraftBedrock/preset/block/v1.19.50/ore/manifest.json":{"name":"Ore","icon":"mdi-cube-outline","description":"Creates a new ore block with natural generation.","category":"fileType.block","showIfDisabled":false,"requires":{"targetVersion":{"min":"1.19.50","max":"1.20.70"},"packTypes":["behaviorPack","resourcePack"],"experimentalGameplay":[]},"additionalModels":{"DEFAULT_TEXTURE":"texture.png","PRESET_PATH":""},"fields":[["Image (Optional)","TEXTURE",{"type":"fileInput","accept":"image/png","optional":true}],["Identifier","IDENTIFIER",{"validate":["required","alphanumeric","lowercase"]}],["Display Name","IDENTIFIER_NAME",{"validate":["required"]}]],"createFiles":["presetScript/blockImages.js",["block.json","blocks/{{PRESET_PATH}}{{IDENTIFIER}}.json",{"inject":["IDENTIFIER","PROJECT_PREFIX","PRESET_PATH"],"openFile":true,"packPath":"behaviorPack"}],["feature.json","features/{{IDENTIFIER}}_feature.json",{"inject":["IDENTIFIER","PROJECT_PREFIX"],"openFile":true,"packPath":"behaviorPack"}],["featureRule.json","feature_rules/overworld_underground_{{IDENTIFIER}}.json",{"inject":["IDENTIFIER","PROJECT_PREFIX"],"openFile":true,"packPath":"behaviorPack"}]],"expandFiles":[["clientBlock.json","blocks.json",{"inject":["IDENTIFIER","PROJECT_PREFIX"],"packPath":"resourcePack"}],["en_US.lang","texts/en_US.lang",{"inject":["IDENTIFIER","IDENTIFIER_NAME","PROJECT_PREFIX"],"packPath":"resourcePack"}]]},"file:///data/packages/minecraftBedrock/preset/block/v1.19.50/customGeometry/manifest.json":{"name":"Custom Geometry Block","icon":"mdi-cube-outline","description":"Creates a new, basic block with custom geometry.","category":"fileType.block","requires":{"targetVersion":{"min":"1.19.50","max":"1.20.70"},"packTypes":["behaviorPack","resourcePack"]},"additionalModels":{"DEFAULT_TEXTURE":"texture.png","MODEL_SAVE_PATH":["resourcePack","models/blocks/"],"DEFAULT_MODEL":"geometry.json","PRESET_PATH":""},"fields":[["Identifier","IDENTIFIER",{"validate":["required","alphanumeric","lowercase"]}],["Display Name","IDENTIFIER_NAME",{"validate":["required"]}],["Block Model","MODEL",{"type":"fileInput","accept":"application/json","optional":"true","icon":"mdi-file-chart"}],["Block Texture","TEXTURE",{"type":"fileInput","accept":"image/png,image/jpeg","optional":"true","icon":"mdi-file-image"}]],"createFiles":[["block.json","blocks/{{PRESET_PATH}}{{IDENTIFIER}}.json",{"inject":["IDENTIFIER","PROJECT_PREFIX","PRESET_PATH"],"openFile":true,"packPath":"behaviorPack"}],"presetScript/optionalModel.js","presetScript/blockImages.js"],"expandFiles":[["clientBlock.json","blocks.json",{"inject":["IDENTIFIER","PROJECT_PREFIX"],"packPath":"resourcePack"}],["en_US.lang","texts/en_US.lang",{"inject":["IDENTIFIER","IDENTIFIER_NAME","PROJECT_PREFIX"],"packPath":"resourcePack"}]]},"file:///data/packages/minecraftBedrock/preset/item/v1.20.80/shovel/manifest.json":{"name":"Shovel","icon":"mdi-shovel","description":"Creates a new shovel item.","category":"fileType.item","requires":{"targetVersion":[">=","1.20.80"],"packTypes":["behaviorPack","resourcePack"]},"additionalModels":{"DEFAULT_TEXTURE":"icon.png","PRESET_PATH":""},"fields":[["Image (Optional)","TEXTURE",{"type":"fileInput","accept":"image/png","optional":true}],["Identifier","IDENTIFIER",{"validate":["required","alphanumeric","lowercase"]}],["Display Name","IDENTIFIER_NAME",{"validate":["required"]}]],"createFiles":["presetScript/itemImages.js",["item.json","items/{{PRESET_PATH}}{{IDENTIFIER}}.json",{"inject":["IDENTIFIER","PROJECT_PREFIX","PRESET_PATH"],"openFile":true,"packPath":"behaviorPack"}]],"expandFiles":[["en_US.lang","texts/en_US.lang",{"inject":["IDENTIFIER","IDENTIFIER_NAME","PROJECT_PREFIX"],"packPath":"resourcePack"}]]},"file:///data/packages/minecraftBedrock/preset/item/v1.20.80/pickaxe/manifest.json":{"name":"Pickaxe","icon":"mdi-pickaxe","description":"Creates a new pickaxe item.","category":"fileType.item","requires":{"targetVersion":[">=","1.20.80"],"packTypes":["behaviorPack","resourcePack"]},"additionalModels":{"DEFAULT_TEXTURE":"icon.png","PRESET_PATH":""},"fields":[["Image (Optional)","TEXTURE",{"type":"fileInput","accept":"image/png","optional":true}],["Identifier","IDENTIFIER",{"validate":["required","alphanumeric","lowercase"]}],["Display Name","IDENTIFIER_NAME",{"validate":["required"]}]],"createFiles":["presetScript/itemImages.js",["item.json","items/{{PRESET_PATH}}{{IDENTIFIER}}.json",{"inject":["IDENTIFIER","PROJECT_PREFIX","PRESET_PATH"],"openFile":true,"packPath":"behaviorPack"}]],"expandFiles":[["en_US.lang","texts/en_US.lang",{"inject":["IDENTIFIER","IDENTIFIER_NAME","PROJECT_PREFIX"],"packPath":"resourcePack"}]]},"file:///data/packages/minecraftBedrock/preset/item/v1.20.80/hoe/manifest.json":{"name":"Hoe","icon":"mdi-shovel","description":"Creates a new hoe item.","category":"fileType.item","requires":{"targetVersion":[">=","1.20.80"],"packTypes":["behaviorPack","resourcePack"]},"additionalModels":{"DEFAULT_TEXTURE":"icon.png","PRESET_PATH":""},"fields":[["Image (Optional)","TEXTURE",{"type":"fileInput","accept":"image/png","optional":true}],["Identifier","IDENTIFIER",{"validate":["required","alphanumeric","lowercase"]}],["Display Name","IDENTIFIER_NAME",{"validate":["required"]}]],"createFiles":["presetScript/itemImages.js",["item.json","items/{{PRESET_PATH}}{{IDENTIFIER}}.json",{"inject":["IDENTIFIER","PROJECT_PREFIX","PRESET_PATH"],"openFile":true,"packPath":"behaviorPack"}]],"expandFiles":[["en_US.lang","texts/en_US.lang",{"inject":["IDENTIFIER","IDENTIFIER_NAME","PROJECT_PREFIX"],"packPath":"resourcePack"}]]},"file:///data/packages/minecraftBedrock/preset/item/v1.20.80/throwable/manifest.json":{"name":"Throwable","icon":"mdi-circle","description":"Creates a throwable item with a projectile entity.","category":"fileType.item","requires":{"targetVersion":[">=","1.20.80"],"packTypes":["behaviorPack","resourcePack"]},"additionalModels":{"PRESET_PATH":""},"fields":[["Identifier","IDENTIFIER",{"validate":["required","alphanumeric","lowercase"]}],["Display Name","IDENTIFIER_NAME",{"validate":["required"]}]],"createFiles":[["item.json","items/{{PRESET_PATH}}{{IDENTIFIER}}.json",{"inject":["IDENTIFIER","PROJECT_PREFIX","PRESET_PATH"],"openFile":true,"packPath":"behaviorPack"}],["icon.png","textures/items/{{PRESET_PATH}}{{IDENTIFIER}}.png",{"inject":["IDENTIFIER","PRESET_PATH"],"packPath":"resourcePack"}],["clientEntity.json","entity/{{PRESET_PATH}}thrown_{{IDENTIFIER}}.entity.json",{"inject":["IDENTIFIER","PROJECT_PREFIX","PRESET_PATH"],"openFile":true,"packPath":"resourcePack"}],["entity.json","entities/{{PRESET_PATH}}thrown_{{IDENTIFIER}}.json",{"inject":["IDENTIFIER","PROJECT_PREFIX","PRESET_PATH"],"openFile":true,"packPath":"behaviorPack"}]],"expandFiles":[["itemTexture.json","textures/item_texture.json",{"inject":["IDENTIFIER","PROJECT_PREFIX","PRESET_PATH"],"packPath":"resourcePack"}],["en_US.lang","texts/en_US.lang",{"inject":["IDENTIFIER","IDENTIFIER_NAME","PROJECT_PREFIX"],"packPath":"resourcePack"}]]},"file:///data/packages/minecraftBedrock/preset/item/v1.20.80/food/manifest.json":{"name":"Food","icon":"mdi-food-apple-outline","description":"Creates a new food item.","category":"fileType.item","requires":{"targetVersion":[">=","1.20.80"],"packTypes":["behaviorPack","resourcePack"]},"additionalModels":{"DEFAULT_TEXTURE":"icon.png","PRESET_PATH":""},"fields":[["Image (Optional)","TEXTURE",{"type":"fileInput","accept":"image/png","optional":true}],["Identifier","IDENTIFIER",{"validate":["required","alphanumeric","lowercase"]}],["Display Name","IDENTIFIER_NAME",{"validate":["required"]}]],"createFiles":["presetScript/itemImages.js",["item.json","items/{{PRESET_PATH}}{{IDENTIFIER}}.json",{"inject":["IDENTIFIER","PROJECT_PREFIX","PRESET_PATH"],"openFile":true,"packPath":"behaviorPack"}]],"expandFiles":[["en_US.lang","texts/en_US.lang",{"inject":["IDENTIFIER","IDENTIFIER_NAME","PROJECT_PREFIX"],"packPath":"resourcePack"}]]},"file:///data/packages/minecraftBedrock/preset/item/v1.20.80/armor/manifest.json":{"name":"Armor","icon":"mdi-hanger","description":"Creates a new armor set.","category":"fileType.item","requires":{"targetVersion":[">=","1.20.80"],"packTypes":["behaviorPack","resourcePack"]},"additionalModels":{"PRESET_PATH":""},"fields":[["Identifier (e.g. \"iron\")","IDENTIFIER",{"validate":["required","alphanumeric","lowercase"]}],["Display Name (e.g. \"Iron\")","IDENTIFIER_NAME",{"validate":["required"]}],["Helmet","HELMET",{"type":"switch","default":true}],["Chestplate","CHESTPLATE",{"type":"switch","default":true}],["Leggings","LEGGINGS",{"type":"switch","default":true}],["Boots","BOOTS",{"type":"switch","default":true}]],"createFiles":["./armorSelection.js",["armor1.png","textures/models/armor/{{PRESET_PATH}}{{IDENTIFIER}}_1.png",{"inject":["IDENTIFIER","PRESET_PATH"],"packPath":"resourcePack"}],["armor2.png","textures/models/armor/{{PRESET_PATH}}{{IDENTIFIER}}_2.png",{"inject":["IDENTIFIER","PRESET_PATH"],"packPath":"resourcePack"}]],"expandFiles":[["en_US.lang","texts/en_US.lang",{"inject":["IDENTIFIER","IDENTIFIER_NAME","PROJECT_PREFIX"],"packPath":"resourcePack"}]]},"file:///data/packages/minecraftBedrock/preset/item/v1.20.80/sword/manifest.json":{"name":"Sword","icon":"mdi-sword","description":"Creates a sword item.","category":"fileType.item","requires":{"targetVersion":[">=","1.20.80"],"packTypes":["behaviorPack","resourcePack"]},"additionalModels":{"DEFAULT_TEXTURE":"icon.png","PRESET_PATH":""},"fields":[["Image (Optional)","TEXTURE",{"type":"fileInput","accept":"image/png","optional":true}],["Identifier","IDENTIFIER",{"validate":["required","alphanumeric","lowercase"]}],["Display Name","IDENTIFIER_NAME",{"validate":["required"]}]],"createFiles":["presetScript/itemImages.js",["item.json","items/{{PRESET_PATH}}{{IDENTIFIER}}.json",{"inject":["IDENTIFIER","PROJECT_PREFIX","PRESET_PATH"],"openFile":true,"packPath":"behaviorPack"}]],"expandFiles":[["en_US.lang","texts/en_US.lang",{"inject":["IDENTIFIER","IDENTIFIER_NAME","PROJECT_PREFIX"],"packPath":"resourcePack"}]]},"file:///data/packages/minecraftBedrock/preset/item/v1.20.80/axe/manifest.json":{"name":"Axe","icon":"mdi-axe","description":"Creates a new axe item.","category":"fileType.item","requires":{"targetVersion":[">=","1.20.80"],"packTypes":["behaviorPack","resourcePack"]},"additionalModels":{"DEFAULT_TEXTURE":"icon.png","PRESET_PATH":""},"fields":[["Image (Optional)","TEXTURE",{"type":"fileInput","accept":"image/png","optional":true}],["Identifier","IDENTIFIER",{"validate":["required","alphanumeric","lowercase"]}],["Display Name","IDENTIFIER_NAME",{"validate":["required"]}]],"createFiles":["presetScript/itemImages.js",["item.json","items/{{PRESET_PATH}}{{IDENTIFIER}}.json",{"inject":["IDENTIFIER","PROJECT_PREFIX","PRESET_PATH"],"openFile":true,"packPath":"behaviorPack"}]],"expandFiles":[["en_US.lang","texts/en_US.lang",{"inject":["IDENTIFIER","IDENTIFIER_NAME","PROJECT_PREFIX"],"packPath":"resourcePack"}]]},"file:///data/packages/minecraftBedrock/preset/item/v1.20.80/blank/manifest.json":{"name":"Blank Item","icon":"mdi-sword","description":"Creates a new, blank item.","category":"fileType.item","showIfDisabled":false,"requires":{"targetVersion":[">=","1.20.80"],"packTypes":["behaviorPack","resourcePack"]},"additionalModels":{"DEFAULT_TEXTURE":"icon.png","PRESET_PATH":""},"fields":[["Image (Optional)","TEXTURE",{"type":"fileInput","accept":"image/png","optional":true}],["Identifier","IDENTIFIER",{"validate":["required","alphanumeric","lowercase"]}],["Display Name","IDENTIFIER_NAME",{"validate":["required"]}]],"createFiles":["presetScript/itemImages.js",["item.json","items/{{PRESET_PATH}}{{IDENTIFIER}}.json",{"inject":["IDENTIFIER","PROJECT_PREFIX","PRESET_PATH"],"openFile":true,"packPath":"behaviorPack"}]],"expandFiles":[["en_US.lang","texts/en_US.lang",{"inject":["IDENTIFIER","IDENTIFIER_NAME","PROJECT_PREFIX"],"packPath":"resourcePack"}]]},"file:///data/packages/minecraftBedrock/preset/item/v1.10.0/blankOld/manifest.json":{"name":"Blank Item","icon":"mdi-sword","description":"Creates a new, blank item.","category":"fileType.item","showIfDisabled":false,"requires":{"targetVersion":{"min":"1.10.0","max":"1.20.0"},"packTypes":["behaviorPack","resourcePack"],"experimentalGameplay":["!holidayCreatorFeatures"]},"additionalModels":{"DEFAULT_TEXTURE":"icon.png","PRESET_PATH":""},"fields":[["Image (Optional)","TEXTURE",{"type":"fileInput","accept":"image/png","optional":true}],["Identifier","IDENTIFIER",{"validate":["required","alphanumeric","lowercase"]}],["Display Name","IDENTIFIER_NAME",{"validate":["required"]}]],"createFiles":["presetScript/itemImages.js",["item.json","items/{{PRESET_PATH}}{{IDENTIFIER}}.json",{"inject":["IDENTIFIER","PROJECT_PREFIX","PRESET_PATH"],"openFile":true,"packPath":"behaviorPack"}],["clientItem.json","items/{{PRESET_PATH}}{{IDENTIFIER}}.json",{"inject":["IDENTIFIER","PROJECT_PREFIX","PRESET_PATH"],"openFile":true,"packPath":"resourcePack"}]],"expandFiles":[["en_US.lang","texts/en_US.lang",{"inject":["IDENTIFIER","IDENTIFIER_NAME","PROJECT_PREFIX"],"packPath":"resourcePack"}]]}}