{"file:///data/packages/minecraftBedrock/schemaScript/tradeTable/tradeTablePath.json":{"type":"enum","generateFile":"tradeTable/dynamic/tradeTablePathEnum.json","script":"return readdir(resolvePackPath('behaviorPack', 'trading')).then(dirents => dirents.map(dirent => dirent.path.replace(`${resolvePackPath('behaviorPack')}/`, '')))"},"file:///data/packages/minecraftBedrock/schemaScript/item/customComponent.json":{"type":"object","generateFile":"item/dynamic/customComponents.json","script":"return customComponents('item')"},"file:///data/packages/minecraftBedrock/schemaScript/lootTable/shortLootTablePath.json":{"type":"enum","generateFile":"lootTable/dynamic/shortLootTablePathEnum.json","script":"return readdir(resolvePackPath('behaviorPack', 'loot_tables')).then(dirents => dirents.map(dirent => `\"${dirent.path.replace(`${resolvePackPath('behaviorPack', 'loot_tables')}/`, '').replace('.json', '')}\"`))"},"file:///data/packages/minecraftBedrock/schemaScript/lootTable/lootTablePath.json":{"type":"enum","generateFile":"lootTable/dynamic/lootTablePathEnum.json","script":"return readdir(resolvePackPath('behaviorPack', 'loot_tables')).then(dirents => dirents.map(dirent => dirent.path.replace(`${resolvePackPath('behaviorPack')}/`, '')))"},"file:///data/packages/minecraftBedrock/schemaScript/clientAnimationController/shortName.json":{"type":"properties","generateFile":"clientAnimationController/dynamic/shortNameProperty.json","script":"return getCacheDataFor('clientAnimationController', undefined, 'identifier').then(ids => (ids || []).map(id => id.split('.').pop()))"},"file:///data/packages/minecraftBedrock/schemaScript/sounds/soundPath.json":{"type":"enum","generateFile":"clientSound/dynamic/soundPathEnum.json","script":"return readdir(resolvePackPath('resourcePack', 'sounds')).then(dirents => dirents.map(dirent => dirent.path.replace(`${resolvePackPath('resourcePack')}/`, '').replace(/\\.fsb|\\.wav|\\.mp3|\\.ogg/, '')).filter((path) => !path.endsWith('.json')))"},"file:///data/packages/minecraftBedrock/schemaScript/sounds/shortName.json":{"type":"properties","generateFile":"soundDefinition/dynamic/shortNameProperty.json","script":"return getCacheDataFor('soundDefinition', undefined, 'identifier').then(ids => (ids || []).map(id => id.split('.').pop()))"},"file:///data/packages/minecraftBedrock/schemaScript/entity/customComponent.json":{"type":"object","generateFile":"entity/dynamic/customComponents.json","script":"return customComponents('entity')"},"file:///data/packages/minecraftBedrock/schemaScript/entity/prefixedEntityEvents.json":{"type":"enum","generateFile":"entity/dynamic/prefixedEntityEventEnum.json","script":"return getCacheDataFor('entity', undefined, 'event').then(events => (events || []).map(event => `@s ${event}`))"},"file:///data/packages/minecraftBedrock/schemaScript/entity/propertyForAlias.js":"return {\n\tkeep: failedCurrentFileLoad,\n\ttype: 'object',\n\tgenerateFile: 'entity/dynamic/currentContext/propertyForAlias.json',\n\tdata: Object.fromEntries(\n\t\tget('minecraft:entity/description/properties')\n\t\t\t.map((properties) =>\n\t\t\t\ttypeof properties === 'object'\n\t\t\t\t\t? Object.entries(properties || {})\n\t\t\t\t\t: []\n\t\t\t)\n\t\t\t.flat()\n\t\t\t.map(([propertyName, propertyDef]) => [\n\t\t\t\tpropertyName,\n\t\t\t\tArray.isArray(propertyDef.values ?? [])\n\t\t\t\t\t? {\n\t\t\t\t\t\t\tenum: propertyDef.values,\n\t\t\t\t\t  }\n\t\t\t\t\t: {\n\t\t\t\t\t\t\ttype: ['number', 'integer'],\n\t\t\t\t\t\t\tminimum: propertyDef.values.min ?? 0,\n\t\t\t\t\t\t\tmaximum: propertyDef.values.max ?? 0,\n\t\t\t\t\t  },\n\t\t\t])\n\t),\n}\n","file:///data/packages/minecraftBedrock/schemaScript/entity/textureName.json":{"type":"properties","generateFile":"clientEntity/dynamic/textureNameProperty.json","script":"return readdir(resolvePackPath('resourcePack', 'textures/entity')).then((dirents) => dirents.map((dirent) => dirent.name.split('/').pop().replace(/\\.png|\\.jpeg|\\.jpg|\\.tga/g, '')))"},"file:///data/packages/minecraftBedrock/schemaScript/animation/shortName.json":{"type":"properties","generateFile":"animation/dynamic/shortNameProperty.json","script":"return getCacheDataFor('animation', undefined, 'identifier').then(ids => (ids || []).map(id => id.split('.').pop()))"},"file:///data/packages/minecraftBedrock/schemaScript/recipe/recipeKeys.js":"let keys = []\nconst data = get('minecraft:recipe_shaped/pattern/*')\ndata.forEach((value) => {\n\tkeys = keys.concat(value.split(''))\n})\n\nreturn {\n\tkeep: failedCurrentFileLoad,\n\ttype: 'enum',\n\tgenerateFile: 'recipe/dynamic/currentContext/recipeKey.json',\n\tdata: keys.filter((key) => key !== ' '),\n}\n","file:///data/packages/minecraftBedrock/schemaScript/function/functionPath.json":{"type":"enum","generateFile":"function/dynamic/functionPathEnum.json","script":"return readdir(resolvePackPath('behaviorPack', 'functions')).then(dirents => dirents.map(dirent => dirent.path.replace(`${resolvePackPath('behaviorPack')}/`, '')).filter(path => !path.endsWith('.json')))"},"file:///data/packages/minecraftBedrock/schemaScript/function/functionCommandNoSlash.json":{"type":"enum","generateFile":"function/dynamic/commandNoSlashEnum.json","script":"return readdir(resolvePackPath('behaviorPack', 'functions')).then(dirents => dirents.map(dirent => `function ${dirent.path.replace(`${resolvePackPath('behaviorPack', 'functions')}/`, '').replace('.mcfunction', '')}`).filter(command => !command.endsWith('.json')))"},"file:///data/packages/minecraftBedrock/schemaScript/function/functionCommand.json":{"type":"enum","generateFile":"function/dynamic/commandEnum.json","script":"return readdir(resolvePackPath('behaviorPack', 'functions')).then(dirents => dirents.map(dirent => `/function ${dirent.path.replace(`${resolvePackPath('behaviorPack', 'functions')}/`, '').replace('.mcfunction', '')}`).filter(command => !command.endsWith('.json')))"},"file:///data/packages/minecraftBedrock/schemaScript/function/commandPath.json":{"type":"enum","generateFile":"function/dynamic/commandPathEnum.json","script":"return readdir(resolvePackPath('behaviorPack', 'functions')).then(dirents => dirents.filter(dirent => dirent.path.endsWith('.mcfunction')).map(dirent => dirent.path.replace(`${resolvePackPath('behaviorPack', 'functions')}/`, '').replace('.mcfunction', '')))"},"file:///data/packages/minecraftBedrock/schemaScript/block/customComponent.json":{"type":"object","generateFile":"block/dynamic/customComponents.json","script":"return customComponents('block')"},"file:///data/packages/minecraftBedrock/schemaScript/particle/shortName.json":{"type":"properties","generateFile":"particle/dynamic/shortNameProperty.json","script":"return getCacheDataFor('particle', undefined, 'identifier').then(ids => (ids || []).map(id => id.split(':').pop()))"},"file:///data/packages/minecraftBedrock/schemaScript/general/texturePath.json":{"type":"enum","generateFile":"project/texturePathEnum.json","script":"return getIndexedPaths('texture').then((paths) => paths.map((path) => path.replace(`${resolvePackPath('resourcePack')}/`, '').replace(/\\.png|\\.jpeg|\\.jpg|\\.tga/g, '')))"},"file:///data/packages/minecraftBedrock/schemaScript/general/projectPrefix.js":"return {\n    type: 'properties',\n    generateFile: 'project/projectPrefix.json',\n    data: [`${getProjectPrefix()}:`]\n}","file:///data/packages/minecraftBedrock/schemaScript/general/prefixedFileIdentifier.json":{"type":"enum","generateFile":"project/prefixedFileIdentifierEnum.json","script":"return [`${getProjectPrefix()}:${(getFileName() || '').split('.').shift()}`]"},"file:///data/packages/minecraftBedrock/schemaScript/general/formatVersions.json":{"type":"enum","generateFile":"project/formatVersionEnum.json","script":"return getFormatVersions()"},"file:///data/packages/minecraftBedrock/schemaScript/general/targetVersion/preview.js":"const config = await getProjectConfig()\n\nreturn {\n    type: 'custom',\n    generateFile: 'project/targetVersion/preview.json',\n    data: {\n        if: config.targetVersion && config.targetVersion == '1.21.80'\n    }\n}","file:///data/packages/minecraftBedrock/schemaScript/general/experimentalGameplay/aimAssist.js":"const config = await getProjectConfig()\nconst expId = 'aimAssist'\n\nreturn {\n    type: 'custom',\n    generateFile: `project/experimentalGameplay/${expId}.json`,\n    data: {\n        if: config.experimentalGameplay && config.experimentalGameplay[expId],\n    },\n}\n","file:///data/packages/minecraftBedrock/schemaScript/general/experimentalGameplay/customComponentsV2.js":"const config = await getProjectConfig()\nconst expId = 'customComponentsV2'\n\nreturn {\n\ttype: 'custom',\n\tgenerateFile: `project/experimentalGameplay/${expId}.json`,\n\tdata: {\n\t\tif: config.experimentalGameplay && config.experimentalGameplay[expId],\n\t},\n}\n","file:///data/packages/minecraftBedrock/schemaScript/general/experimentalGameplay/educationEdition.js":"const config = await getProjectConfig()\nconst expId = 'educationEdition'\n\nreturn {\n\ttype: 'custom',\n\tgenerateFile: `project/experimentalGameplay/${expId}.json`,\n\tdata: {\n\t\tif: config.experimentalGameplay && config.experimentalGameplay[expId],\n\t},\n}\n","file:///data/packages/minecraftBedrock/schemaScript/general/experimentalGameplay/creationOfCustomBiomes.js":"const config = await getProjectConfig()\nconst expId = 'creationOfCustomBiomes'\n\nreturn {\n\ttype: 'custom',\n\tgenerateFile: `project/experimentalGameplay/${expId}.json`,\n\tdata: {\n\t\tif: config.experimentalGameplay && config.experimentalGameplay[expId],\n\t},\n}\n","file:///data/packages/minecraftBedrock/schemaScript/general/experimentalGameplay/upcomingCreatorFeatures.js":"const config = await getProjectConfig()\nconst expId = 'upcomingCreatorFeatures'\n\nreturn {\n\ttype: 'custom',\n\tgenerateFile: `project/experimentalGameplay/${expId}.json`,\n\tdata: {\n\t\tif: config.experimentalGameplay && config.experimentalGameplay[expId],\n\t},\n}\n","file:///data/packages/minecraftBedrock/schemaScript/general/experimentalGameplay/dataDrivenJigsawStructures.js":"const config = await getProjectConfig()\nconst expId = 'dataDrivenJigsawStructures'\n\nreturn {\n    type: 'custom',\n    generateFile: `project/experimentalGameplay/${expId}.json`,\n    data: {\n        if: config.experimentalGameplay && config.experimentalGameplay[expId],\n    },\n}\n","file:///data/packages/minecraftBedrock/schemaScript/general/experimentalGameplay/enableGameTestFramework.js":"const config = await getProjectConfig()\nconst expId = 'enableGameTestFramework'\n\nreturn {\n\ttype: 'custom',\n\tgenerateFile: `project/experimentalGameplay/${expId}.json`,\n\tdata: {\n\t\tif: config.experimentalGameplay && config.experimentalGameplay[expId],\n\t},\n}\n","file:///data/packages/minecraftBedrock/schemaScript/general/uuid.json":{"type":"enum","generateFile":"project/uuidEnum.json","script":"return [...new Array(10)].map(() => uuid())"},"file:///data/packages/minecraftBedrock/schemaScript/general/unprefixedFileIdentifier.json":{"type":"enum","generateFile":"project/unprefixedFileIdentifierEnum.json","script":"return [(getFileName() || '').split('.').shift()]"},"file:///data/packages/minecraftBedrock/schemaScript/animationController/shortName.json":{"type":"properties","generateFile":"animationController/dynamic/shortNameProperty.json","script":"return getCacheDataFor('animationController', undefined, 'identifier').then(ids => (ids || []).map(id => id.split('.').pop()))"},"file:///data/packages/minecraftBedrock/schemaScript/structure/structureIdentifier.js":"let structureIdentifiers = []\nlet structurePaths = []\nawait readdir(resolvePackPath('behaviorPack', 'structures')).then((dirents) =>\n\tdirents.forEach((dirent) => structurePaths.push(dirent.path))\n)\n\nfor (const path of structurePaths) {\n\tconst strippedPath = path\n\t\t.replace(`${resolvePackPath('behaviorPack', 'structures')}/`, '')\n\t\t.replace('.mcstructure', '')\n\tconst pathParts = strippedPath.split('/')\n\n\tif (pathParts.length == 2)\n\t\tstructureIdentifiers.push(`${pathParts[0]}:${pathParts[1]}`)\n\telse if (pathParts.length == 1)\n\t\tstructureIdentifiers.push(`mystructure:${pathParts[0]}`)\n}\n\nreturn {\n\ttype: 'enum',\n\tgenerateFile: 'structure/dynamic/structureIdentifierEnum.json',\n\tdata: structureIdentifiers,\n}\n","file:///data/packages/minecraftBedrock/schemaScript/structure/structurePath.js":"const structurePaths = []\nconst strippedPaths = []\n\nawait readdir(resolvePackPath('behaviorPack', 'structures')).then((dirents) =>\n    dirents.forEach((dirent) => structurePaths.push(dirent.path))\n)\n\nfor (const path of structurePaths) {\n    const strippedPath = path\n        .replace(`${resolvePackPath('behaviorPack', 'structures')}/`, '')\n        .replace('.mcstructure', '')\n    strippedPaths.push(strippedPath)\n}\n\nreturn {\n    type: 'enum',\n    generateFile: 'structure/dynamic/structurePathEnum.json',\n    data: strippedPaths,\n}\n","file:///data/packages/minecraftBedrock/schemaScript/lang/langPath.json":{"type":"enum","generateFile":"lang/dynamic/langPathEnum.json","script":"return readdir(resolvePackPath('resourcePack', 'texts')).then(dirents => dirents.filter(dirent => dirent.name.endsWith('.lang')).map(dirent => dirent.name.replace('.lang', '')))"},"file:///data/packages/minecraftBedrock/schemaScript/clientAnimation/shortName.json":{"type":"properties","generateFile":"clientAnimation/dynamic/shortNameProperty.json","script":"return getCacheDataFor('clientAnimation', undefined, 'identifier').then(ids => (ids || []).map(id => id.split('.').pop()))"}}