{
	"id": "clientEntity",
	"icon": "mdi-minecraft",
	"scope": "RP/entity/",
	"matcher": ["RP/entity/**/*.json", "RP/entity/*.json"],
	"schema": "file:///data/packages/schema/clientEntity/main.json",
	"packSpider": "clientEntity.json",
	"lightningCache": "clientEntity.json",

	"definitions": {
		"identifier": [
			{
				"from": "entity",
				"match": "identifier"
			},
			{
				"from": "spawnRule",
				"match": "identifier"
			}
		],
		"particle_identifier": [
			{
				"from": "particle",
				"match": "identifier"
			}
		],
		"animationIdentifier": [
			{
				"from": "clientAnimation",
				"match": "identifier"
			},
			{
				"from": "clientAnimationController",
				"match": "identifier"
			}
		],
		"geometryIdentifier": [
			{
				"from": "geometry",
				"match": "identifier"
			}
		],
		"soundEffectIdentifier": [
			{
				"from": "soundDefinition",
				"match": "identifier"
			}
		],
		"renderControllerIdentifier": [
			{
				"from": "renderController",
				"match": "identifier"
			}
		],
		"texturePath": {
			"directReference": true
		}
	}
}
