{
	"format_version": "1.20.80",
	"minecraft:item": {
		"description": {
			"identifier": "{{PROJECT_PREFIX}}:{{IDENTIFIER}}",
			"menu_category": {
				"category": "equipment"
			}
		},
		"components": {
			"minecraft:max_stack_size": 16,
			"minecraft:icon": "{{PROJECT_PREFIX}}_{{IDENTIFIER}}",
			"minecraft:throwable": {
				"do_swing_animation": true,
				"launch_power_scale": 2
			},
			"minecraft:projectile": {
				"projectile_entity": "{{PROJECT_PREFIX}}:thrown_{{IDENTIFIER}}"
			}
		}
	}
}