{"format_version":"1.16.100","minecraft:item":{"description":{"category":"nature","identifier":"{{PROJECT_PREFIX}}:{{IDENTIFIER}}"},"components":{"minecraft:creative_category":{"parent":"itemGroup.name.snowball"},"minecraft:max_stack_size":64,"minecraft:use_duration":32,"minecraft:icon":{"texture":"{{PROJECT_PREFIX}}_{{IDENTIFIER}}"},"minecraft:throwable":{"do_swing_animation":true,"launch_power_scale":2},"minecraft:projectile":{"projectile_entity":"{{PROJECT_PREFIX}}:{{IDENTIFIER}}_projectile"}}}}