{
	"format_version" : "1.8.0",
	"animations" : {
		"animation.{{IDENTIFIER}}.baby_transform" : {
			"loop" : true,
			"bones" : {
				"head" : {
					"scale" : 1.5
				}
			}
		},
		"animation.{{IDENTIFIER}}.general" : {
			"loop" : true,
			"bones" : {
				"arms" : {
					"position" : [ 0.0, -1.0, -1.0 ],
					"rotation" : [ "-42.97 - this", 0.0, 0.0 ]
				}
			}
		},
		"animation.{{IDENTIFIER}}.general.v1.0" : {
			"loop" : true,
			"bones" : {
				"arms" : {
					"position" : [ 0.0, "-3.0 - this", "-1.0 - this" ],
					"rotation" : [ "-42.97 - this", 0.0, 0.0 ]
				}
			}
		},
		"animation.{{IDENTIFIER}}.get_in_bed" : {
			"loop" : true,
			"bones" : {
				"body" : {
					"position" : [ 0.0, 1.0, -15.0 ],
					"rotation" : [ -90.0, 0.0, 0.0 ]
				}
			}
		},
		"animation.{{IDENTIFIER}}.move" : {
			"anim_time_update" : "query.modified_distance_moved",
			"loop" : true,
			"bones" : {
				"leg0" : {
					"rotation" : [ "(math.cos(query.anim_time * 38.17) * 40.0) - this", "-this", 0.0 ]
				},
				"leg1" : {
					"rotation" : [ "(math.cos(query.anim_time * 38.17 + 180) * 40.0) - this", "-this", 0.0 ]
				}
			}
		},
		"animation.{{IDENTIFIER}}.raise_arms" : {
			"loop" : true,
			"bones" : {
				"arms" : {
					"rotation" : [ "variable.raise_arms * -15.0", 0.0, 0.0 ]
				}
			}
		}
	}
}
