{
	"$schema": "http://json-schema.org/draft-07/schema",
	"type": "object",
	"properties": {
		"add": {
			"type": "object",
			"properties": {
				"component_groups": {
					"type": "array",
					"items": {
						"$ref": "../dynamic/entity/currentContext/componentGroupEnum.json"
					}
				}
			}
		},
		"remove": {
			"type": "object",
			"properties": {
				"component_groups": {
					"type": "array",
					"items": {
						"$ref": "../dynamic/entity/currentContext/componentGroupEnum.json"
					}
				}
			}
		}
	}
}
