{
	"$schema": "http://json-schema.org/draft-07/schema",
	"type": "object",
	"properties": {
		"add_mob_effect": {
			"description": "Apply mob effect to target",
			"allOf": [
				{
					"properties": {
						"target": {
							"$ref": "../general/filter/subject.json"
						}
					}
				},
				{
					"$ref": "../general/effectDefinition.json"
				}
			]
		},
		"remove_mob_effect": {
			"description": "Removes mob effect from target",
			"additionalProperties": false,
			"properties": {
				"effect": { "$ref": "../general/vanilla/effectName.json" },
				"target": { "$ref": "../general/filter/subject.json" }
			}
		}
	}
}
