{
	"$schema": "http://json-schema.org/draft-07/schema",
	"allOf": [
		{
			"$ref": "../v1.16.0/components.json"
		},
		{
			"$ref": "../v1.16.0/tag.json"
		},
		{
			"properties": {
				"minecraft:mountain_parameters": {
					"additionalProperties": false,
					"properties": {
						"top_slide": {
							"description": "Controls the density tapering that happens at the top of the world to prevent terrain from reaching too high.",
							"properties": {
								"enabled": {
									"description": "If false, top slide will be disabled. If true, other parameters will be taken into account.",
									"type": "boolean"
								}
							}
						},
						"steep_material_adjustment": {
							"description": "Defines surface material for steep slopes.",
							"properties": {
								"material": {
									"description": "Block type use as steep material.",
									"$ref": "../../general/reference/identifiers.json#/definitions/block_identifiers"
								},
								"north_slopes": {
									"description": "Enable for north facing slopes.",
									"type": "boolean"
								},
								"east_slopes": {
									"description": "Enable for east facing slopes.",
									"type": "boolean"
								},
								"south_slopes": {
									"description": "Enable for south facing slopes.",
									"type": "boolean"
								},
								"west_slopes": {
									"description": "Enable for west facing slopes.",
									"type": "boolean"
								}
							}
						},
						"peaks_factor": {
							"type": "number"
						}
					}
				}
			}
		}
	]
}
