{"num_mip_levels":4,"padding":8,"resource_pack_name":"vanilla","texture_data":{"acacia_planks":{"textures":"textures/blocks/planks_acacia"},"acacia_sign":{"textures":"textures/blocks/planks_acacia"},"acacia_trapdoor":{"textures":"textures/blocks/acacia_trapdoor"},"amethyst_block":{"textures":"textures/blocks/amethyst_block"},"amethyst_cluster":{"textures":"textures/blocks/amethyst_cluster"},"ancient_debris_side":{"textures":"textures/blocks/ancient_debris_side"},"ancient_debris_top":{"textures":"textures/blocks/ancient_debris_top"},"andesite":{"textures":"textures/blocks/stone_andesite"},"anvil_base":{"textures":["textures/blocks/anvil_base","textures/blocks/anvil_base","textures/blocks/anvil_base","textures/blocks/anvil_base"]},"anvil_top_damaged_x":{"textures":["textures/blocks/anvil_top_damaged_0","textures/blocks/anvil_top_damaged_1","textures/blocks/anvil_top_damaged_2","textures/blocks/anvil_base"]},"azalea_leaves":{"textures":["textures/blocks/azalea_leaves","textures/blocks/azalea_leaves_opaque"]},"azalea_leaves_flowered":{"textures":["textures/blocks/azalea_leaves_flowers","textures/blocks/azalea_leaves_flowers_opaque"]},"azalea_plant":{"textures":"textures/blocks/azalea_plant"},"azalea_side":{"textures":"textures/blocks/azalea_side"},"azalea_top":{"textures":"textures/blocks/azalea_top"},"bamboo_carried":{"textures":"textures/items/bamboo"},"bamboo_leaf":{"textures":"textures/blocks/bamboo_leaf"},"bamboo_sapling":{"textures":"textures/blocks/bamboo_sapling"},"bamboo_singleleaf":{"textures":"textures/blocks/bamboo_singleleaf"},"bamboo_small_leaf":{"textures":"textures/blocks/bamboo_small_leaf"},"bamboo_stem":{"textures":"textures/blocks/bamboo_stem"},"barrel_bottom":{"textures":["textures/blocks/barrel_bottom","textures/blocks/barrel_bottom"]},"barrel_side":{"textures":["textures/blocks/barrel_side","textures/blocks/barrel_side"]},"barrel_top":{"textures":["textures/blocks/barrel_top","textures/blocks/barrel_top_open"]},"barrier":{"textures":"textures/blocks/barrier"},"basalt_side":{"textures":"textures/blocks/basalt_side"},"basalt_top":{"textures":"textures/blocks/basalt_top"},"beacon":{"textures":"textures/blocks/beacon"},"beacon_base":{"textures":"textures/blocks/obsidian"},"beacon_core":{"textures":"textures/blocks/beacon"},"beacon_shell":{"textures":"textures/blocks/glass"},"bed_bottom":{"textures":"textures/blocks/planks_oak"},"bedrock":{"textures":"textures/blocks/bedrock"},"bee_nest_bottom":{"textures":["textures/blocks/bee_nest_bottom"]},"bee_nest_front":{"textures":["textures/blocks/bee_nest_front","textures/blocks/bee_nest_front_honey"]},"bee_nest_side":{"textures":["textures/blocks/bee_nest_side"]},"bee_nest_top":{"textures":["textures/blocks/bee_nest_top"]},"beehive_front":{"textures":["textures/blocks/beehive_front","textures/blocks/beehive_front_honey"]},"beehive_side":{"textures":["textures/blocks/beehive_side"]},"beehive_top":{"textures":["textures/blocks/beehive_top"]},"beetroot":{"textures":["textures/blocks/beetroots_stage_0","textures/blocks/beetroots_stage_1","textures/blocks/beetroots_stage_2","textures/blocks/beetroots_stage_3"]},"bell_bottom":{"textures":"textures/blocks/bell_bottom"},"bell_carried":{"textures":"textures/items/villagebell"},"bell_side":{"textures":"textures/blocks/bell_side"},"bell_stone":{"textures":"textures/blocks/stone"},"bell_top":{"textures":"textures/blocks/bell_top"},"big_dripleaf_side1":{"textures":"textures/blocks/big_dripleaf_side1"},"big_dripleaf_side2":{"textures":"textures/blocks/big_dripleaf_side2"},"big_dripleaf_stem":{"textures":"textures/blocks/big_dripleaf_stem"},"big_dripleaf_top":{"textures":"textures/blocks/big_dripleaf_top"},"birch_planks":{"textures":"textures/blocks/planks_birch"},"birch_sign":{"textures":"textures/blocks/planks_birch"},"birch_trapdoor":{"textures":"textures/blocks/birch_trapdoor"},"black_candle":{"textures":["textures/blocks/candles/black_candle","textures/blocks/candles/black_candle_lit"]},"black_candle_cake":{"textures":"textures/blocks/cake"},"black_candle_carried":{"textures":"textures/items/candles/black_candle"},"black_glazed_terracotta":{"textures":"textures/blocks/glazed_terracotta_black"},"blackstone":{"textures":"textures/blocks/blackstone"},"blackstone_top":{"textures":"textures/blocks/blackstone_top"},"blast_furnace":{"textures":["textures/blocks/blast_furnace_front_off","textures/blocks/blast_furnace_front_on","textures/blocks/blast_furnace_side","textures/blocks/blast_furnace_top"]},"blast_furnace_front":{"textures":["textures/blocks/blast_furnace_front_off","textures/blocks/blast_furnace_front_on"]},"blast_furnace_front_off":{"textures":"textures/blocks/blast_furnace_front_off"},"blast_furnace_front_on":{"textures":"textures/blocks/blast_furnace_front_on"},"blast_furnace_side":{"textures":["textures/blocks/blast_furnace_side","textures/blocks/blast_furnace_side"]},"blast_furnace_top":{"textures":["textures/blocks/blast_furnace_top","textures/blocks/blast_furnace_top"]},"blue_candle":{"textures":["textures/blocks/candles/blue_candle","textures/blocks/candles/blue_candle_lit"]},"blue_candle_cake":{"textures":"textures/blocks/cake"},"blue_candle_carried":{"textures":"textures/items/candles/blue_candle"},"blue_glazed_terracotta":{"textures":"textures/blocks/glazed_terracotta_blue"},"blue_ice":{"textures":"textures/blocks/blue_ice"},"bone_block_side":{"textures":"textures/blocks/bone_block_side"},"bone_block_top":{"textures":"textures/blocks/bone_block_top"},"bookshelf":{"textures":"textures/blocks/bookshelf"},"bookshelf_top":{"textures":"textures/blocks/planks_oak"},"border_block":{"textures":"textures/blocks/border"},"brewing_stand":{"textures":"textures/blocks/brewing_stand"},"brewing_stand_base":{"textures":"textures/blocks/brewing_stand_base"},"brick":{"textures":"textures/blocks/brick"},"brown_candle":{"textures":["textures/blocks/candles/brown_candle","textures/blocks/candles/brown_candle_lit"]},"brown_candle_cake":{"textures":"textures/blocks/cake"},"brown_candle_carried":{"textures":"textures/items/candles/brown_candle"},"brown_glazed_terracotta":{"textures":"textures/blocks/glazed_terracotta_brown"},"bubble_column_down_top":{"textures":["textures/blocks/bubble_column_down_top_a","textures/blocks/bubble_column_down_top_b","textures/blocks/bubble_column_down_top_c","textures/blocks/bubble_column_down_top_d"]},"bubble_column_mid":{"textures":["textures/blocks/bubble_column_inner_a","textures/blocks/bubble_column_inner_b"]},"bubble_column_outer":{"textures":["textures/blocks/bubble_column_outer_a","textures/blocks/bubble_column_outer_b","textures/blocks/bubble_column_outer_c","textures/blocks/bubble_column_outer_d","textures/blocks/bubble_column_outer_e","textures/blocks/bubble_column_outer_f","textures/blocks/bubble_column_outer_g","textures/blocks/bubble_column_outer_h"]},"bubble_column_up_top":{"textures":["textures/blocks/bubble_column_up_top_a","textures/blocks/bubble_column_up_top_b","textures/blocks/bubble_column_up_top_c","textures/blocks/bubble_column_up_top_d"]},"budding_amethyst":{"textures":"textures/blocks/budding_amethyst"},"build_allow":{"textures":"textures/blocks/build_allow"},"build_deny":{"textures":"textures/blocks/build_deny"},"cactus_bottom":{"textures":"textures/blocks/cactus_bottom"},"cactus_side":{"textures":"textures/blocks/cactus_side"},"cactus_top":{"textures":"textures/blocks/cactus_top"},"cake_bottom":{"textures":["textures/blocks/cake_bottom","textures/blocks/cake_bottom"]},"cake_side":{"textures":["textures/blocks/cake_side","textures/blocks/cake_side"]},"cake_top":{"textures":["textures/blocks/cake_top","textures/blocks/cake_top"]},"cake_west":{"textures":["textures/blocks/cake_side","textures/blocks/cake_inner"]},"calcite":{"textures":"textures/blocks/calcite"},"camera_back":{"textures":"textures/blocks/camera_back"},"camera_front":{"textures":"textures/blocks/camera_front"},"camera_side":{"textures":"textures/blocks/camera_side"},"camera_top":{"textures":"textures/blocks/camera_top"},"campfire_fire":{"textures":"textures/blocks/campfire"},"campfire_log":{"textures":"textures/blocks/campfire_log"},"campfire_log_lit":{"textures":"textures/blocks/campfire_log_lit"},"candle":{"textures":["textures/blocks/candles/candle","textures/blocks/candles/candle_lit"]},"candle_cake":{"textures":"textures/blocks/cake"},"candle_carried":{"textures":"textures/items/candles/candle"},"carrots":{"textures":["textures/blocks/carrots_stage_0","textures/blocks/carrots_stage_1","textures/blocks/carrots_stage_2","textures/blocks/carrots_stage_3"]},"cartography_table_bottom":{"textures":"textures/blocks/planks_big_oak"},"cartography_table_side1":{"textures":"textures/blocks/cartography_table_side1"},"cartography_table_side2":{"textures":"textures/blocks/cartography_table_side2"},"cartography_table_side3":{"textures":"textures/blocks/cartography_table_side3"},"cartography_table_top":{"textures":"textures/blocks/cartography_table_top"},"cauldron_bottom":{"textures":"textures/blocks/cauldron_bottom"},"cauldron_inner":{"textures":"textures/blocks/cauldron_inner"},"cauldron_side":{"textures":"textures/blocks/cauldron_side"},"cauldron_top":{"textures":"textures/blocks/cauldron_top"},"cauldron_water":{"textures":"textures/blocks/cauldron_water"},"cave_vines_body":{"textures":["textures/blocks/cave_vines_body","textures/blocks/cave_vines_body_berries"]},"cave_vines_head":{"textures":["textures/blocks/cave_vines_head","textures/blocks/cave_vines_head_berries"]},"chain1":{"textures":"textures/blocks/chain1"},"chain2":{"textures":"textures/blocks/chain2"},"chest_inventory":{"textures":["textures/blocks/chest_top","textures/blocks/chest_side","textures/blocks/chest_front"]},"chest_inventory_front":{"textures":["textures/blocks/chest_front"]},"chest_inventory_side":{"textures":["textures/blocks/chest_side"]},"chest_inventory_top":{"textures":["textures/blocks/chest_top"]},"chiseled_deepslate":{"textures":"textures/blocks/deepslate/chiseled_deepslate"},"chiseled_nether_bricks":{"textures":"textures/blocks/chiseled_nether_bricks"},"chiseled_polished_blackstone":{"textures":"textures/blocks/chiseled_polished_blackstone"},"chorus_flower":{"textures":["textures/blocks/chorus_flower","textures/blocks/chorus_flower_dead"]},"chorus_plant":{"textures":"textures/blocks/chorus_plant"},"clay":{"textures":"textures/blocks/clay"},"coal_block":{"textures":"textures/blocks/coal_block"},"coal_ore":{"textures":"textures/blocks/coal_ore"},"cobbled_deepslate":{"textures":"textures/blocks/deepslate/cobbled_deepslate"},"cobblestone":{"textures":"textures/blocks/cobblestone"},"cobblestone_mossy":{"textures":"textures/blocks/cobblestone_mossy"},"cobblestone_wall":{"textures":["textures/blocks/cobblestone","textures/blocks/cobblestone_mossy","textures/blocks/stone_granite","textures/blocks/stone_diorite","textures/blocks/stone_andesite","textures/blocks/sandstone_normal","textures/blocks/brick","textures/blocks/stonebrick","textures/blocks/stonebrick_mossy","textures/blocks/nether_brick","textures/blocks/end_bricks","textures/blocks/prismarine_rough","textures/blocks/red_sandstone_normal","textures/blocks/red_nether_brick"]},"cocoa":{"textures":["textures/blocks/cocoa_stage_0","textures/blocks/cocoa_stage_1","textures/blocks/cocoa_stage_2"]},"command_block":{"textures":"textures/blocks/command_block"},"command_block_back":{"textures":"textures/blocks/command_block_back_mipmap"},"command_block_chain_back":{"textures":"textures/blocks/chain_command_block_back_mipmap"},"command_block_chain_conditional_side":{"textures":"textures/blocks/chain_command_block_conditional_mipmap"},"command_block_chain_front":{"textures":"textures/blocks/chain_command_block_front_mipmap"},"command_block_chain_side":{"textures":"textures/blocks/chain_command_block_side_mipmap"},"command_block_conditional_side":{"textures":"textures/blocks/command_block_conditional_mipmap"},"command_block_front":{"textures":"textures/blocks/command_block_front_mipmap"},"command_block_repeating_back":{"textures":"textures/blocks/repeating_command_block_back_mipmap"},"command_block_repeating_conditional_side":{"textures":"textures/blocks/repeating_command_block_conditional_mipmap"},"command_block_repeating_front":{"textures":"textures/blocks/repeating_command_block_front_mipmap"},"command_block_repeating_side":{"textures":"textures/blocks/repeating_command_block_side_mipmap"},"command_block_side":{"textures":"textures/blocks/command_block_side_mipmap"},"comparator_stone_slab":{"textures":"textures/blocks/stone_slab_top"},"comparator_torch":{"textures":["textures/blocks/redstone_torch_off","textures/blocks/redstone_torch_on"]},"comparator_up":{"textures":["textures/blocks/comparator_off","textures/blocks/comparator_on"]},"composter_bottom":{"textures":"textures/blocks/composter_bottom"},"composter_side":{"textures":"textures/blocks/composter_side"},"composter_top":{"textures":["textures/blocks/composter_top","textures/blocks/compost","textures/blocks/compost_ready"]},"concrete":{"textures":["textures/blocks/concrete_white","textures/blocks/concrete_orange","textures/blocks/concrete_magenta","textures/blocks/concrete_light_blue","textures/blocks/concrete_yellow","textures/blocks/concrete_lime","textures/blocks/concrete_pink","textures/blocks/concrete_gray","textures/blocks/concrete_silver","textures/blocks/concrete_cyan","textures/blocks/concrete_purple","textures/blocks/concrete_blue","textures/blocks/concrete_brown","textures/blocks/concrete_green","textures/blocks/concrete_red","textures/blocks/concrete_black"]},"concretePowder":{"textures":["textures/blocks/concrete_powder_white","textures/blocks/concrete_powder_orange","textures/blocks/concrete_powder_magenta","textures/blocks/concrete_powder_light_blue","textures/blocks/concrete_powder_yellow","textures/blocks/concrete_powder_lime","textures/blocks/concrete_powder_pink","textures/blocks/concrete_powder_gray","textures/blocks/concrete_powder_silver","textures/blocks/concrete_powder_cyan","textures/blocks/concrete_powder_purple","textures/blocks/concrete_powder_blue","textures/blocks/concrete_powder_brown","textures/blocks/concrete_powder_green","textures/blocks/concrete_powder_red","textures/blocks/concrete_powder_black"]},"conduit":{"textures":"textures/blocks/conduit_base"},"copper_block":{"textures":"textures/blocks/copper_block"},"copper_ore":{"textures":"textures/blocks/copper_ore"},"coral":{"textures":["textures/blocks/coral_plant_blue","textures/blocks/coral_plant_pink","textures/blocks/coral_plant_purple","textures/blocks/coral_plant_red","textures/blocks/coral_plant_yellow","textures/blocks/coral_plant_blue_dead","textures/blocks/coral_plant_pink_dead","textures/blocks/coral_plant_purple_dead","textures/blocks/coral_plant_red_dead","textures/blocks/coral_plant_yellow_dead"]},"coral_block":{"textures":["textures/blocks/coral_blue","textures/blocks/coral_pink","textures/blocks/coral_purple","textures/blocks/coral_red","textures/blocks/coral_yellow","textures/blocks/coral_blue_dead","textures/blocks/coral_pink_dead","textures/blocks/coral_purple_dead","textures/blocks/coral_red_dead","textures/blocks/coral_yellow_dead"]},"coral_fan":{"textures":["textures/blocks/coral_fan_blue","textures/blocks/coral_fan_pink","textures/blocks/coral_fan_purple","textures/blocks/coral_fan_red","textures/blocks/coral_fan_yellow"]},"coral_fan_dead":{"textures":["textures/blocks/coral_fan_blue_dead","textures/blocks/coral_fan_pink_dead","textures/blocks/coral_fan_purple_dead","textures/blocks/coral_fan_red_dead","textures/blocks/coral_fan_yellow_dead"]},"coral_fan_hang_a":{"textures":["textures/blocks/coral_fan_blue","textures/blocks/coral_fan_pink","textures/blocks/coral_fan_blue_dead","textures/blocks/coral_fan_pink_dead"]},"coral_fan_hang_b":{"textures":["textures/blocks/coral_fan_purple","textures/blocks/coral_fan_red","textures/blocks/coral_fan_purple_dead","textures/blocks/coral_fan_red_dead"]},"coral_fan_hang_c":{"textures":["textures/blocks/coral_fan_yellow","textures/blocks/coral_fan_yellow","textures/blocks/coral_fan_yellow_dead","textures/blocks/coral_fan_yellow_dead"]},"cracked_deepslate_bricks":{"textures":"textures/blocks/deepslate/cracked_deepslate_bricks"},"cracked_deepslate_tiles":{"textures":"textures/blocks/deepslate/cracked_deepslate_tiles"},"cracked_nether_bricks":{"textures":"textures/blocks/cracked_nether_bricks"},"cracked_polished_blackstone_bricks":{"textures":"textures/blocks/cracked_polished_blackstone_bricks"},"crafting_table_bottom":{"textures":"textures/blocks/planks_oak"},"crafting_table_front":{"textures":"textures/blocks/crafting_table_front"},"crafting_table_side":{"textures":"textures/blocks/crafting_table_side"},"crafting_table_top":{"textures":"textures/blocks/crafting_table_top"},"crimson_door_lower":{"textures":"textures/blocks/huge_fungus/crimson_door_lower"},"crimson_door_top":{"textures":"textures/blocks/huge_fungus/crimson_door_top"},"crimson_log_side":{"textures":"textures/blocks/huge_fungus/crimson_log_side"},"crimson_log_top":{"textures":"textures/blocks/huge_fungus/crimson_log_top"},"crimson_nylium_side":{"textures":"textures/blocks/crimson_nylium_side"},"crimson_nylium_top":{"textures":"textures/blocks/crimson_nylium_top"},"crimson_planks":{"textures":"textures/blocks/huge_fungus/crimson_planks"},"crimson_roots":{"textures":"textures/blocks/crimson_roots"},"crimson_roots_pot":{"textures":"textures/blocks/crimson_roots_pot"},"crimson_sign":{"textures":"textures/blocks/huge_fungus/crimson_planks"},"crimson_trapdoor":{"textures":"textures/blocks/huge_fungus/crimson_trapdoor"},"crying_obsidian":{"textures":"textures/blocks/crying_obsidian"},"cut_copper":{"textures":"textures/blocks/cut_copper"},"cyan_candle":{"textures":["textures/blocks/candles/cyan_candle","textures/blocks/candles/cyan_candle_lit"]},"cyan_candle_cake":{"textures":"textures/blocks/cake"},"cyan_candle_carried":{"textures":"textures/items/candles/cyan_candle"},"cyan_glazed_terracotta":{"textures":"textures/blocks/glazed_terracotta_cyan"},"dark_oak_planks":{"textures":"textures/blocks/planks_big_oak"},"dark_oak_trapdoor":{"textures":"textures/blocks/dark_oak_trapdoor"},"dark_prismarine":{"textures":["textures/blocks/prismarine_dark"]},"darkoak_sign":{"textures":"textures/blocks/planks_big_oak"},"daylight_detector_side":{"textures":["textures/blocks/daylight_detector_side","textures/blocks/daylight_detector_side"]},"daylight_detector_top":{"textures":["textures/blocks/daylight_detector_top","textures/blocks/daylight_detector_inverted_top"]},"deadbush":{"textures":"textures/blocks/deadbush"},"deepslate":{"textures":"textures/blocks/deepslate/deepslate"},"deepslate_bricks":{"textures":"textures/blocks/deepslate/deepslate_bricks"},"deepslate_coal_ore":{"textures":"textures/blocks/deepslate/deepslate_coal_ore"},"deepslate_copper_ore":{"textures":"textures/blocks/deepslate/deepslate_copper_ore"},"deepslate_diamond_ore":{"textures":"textures/blocks/deepslate/deepslate_diamond_ore"},"deepslate_emerald_ore":{"textures":"textures/blocks/deepslate/deepslate_emerald_ore"},"deepslate_gold_ore":{"textures":"textures/blocks/deepslate/deepslate_gold_ore"},"deepslate_iron_ore":{"textures":"textures/blocks/deepslate/deepslate_iron_ore"},"deepslate_lapis_ore":{"textures":"textures/blocks/deepslate/deepslate_lapis_ore"},"deepslate_redstone_ore":{"textures":"textures/blocks/deepslate/deepslate_redstone_ore"},"deepslate_tiles":{"textures":"textures/blocks/deepslate/deepslate_tiles"},"deepslate_top":{"textures":"textures/blocks/deepslate/deepslate_top"},"destroy":{"textures":["textures/environment/destroy_stage_0","textures/environment/destroy_stage_1","textures/environment/destroy_stage_2","textures/environment/destroy_stage_3","textures/environment/destroy_stage_4","textures/environment/destroy_stage_5","textures/environment/destroy_stage_6","textures/environment/destroy_stage_7","textures/environment/destroy_stage_8","textures/environment/destroy_stage_9"]},"diamond_block":{"textures":"textures/blocks/diamond_block"},"diamond_ore":{"textures":"textures/blocks/diamond_ore"},"diorite":{"textures":"textures/blocks/stone_diorite"},"dirt":{"textures":["textures/blocks/dirt","textures/blocks/coarse_dirt"]},"dirt_podzol_bottom":{"textures":"textures/blocks/dirt"},"dirt_podzol_side":{"textures":"textures/blocks/dirt_podzol_side"},"dirt_podzol_top":{"textures":"textures/blocks/dirt_podzol_top"},"dirt_with_roots":{"textures":"textures/blocks/dirt_with_roots"},"dispenser_front_horizontal":{"textures":"textures/blocks/dispenser_front_horizontal"},"dispenser_front_vertical":{"textures":"textures/blocks/dispenser_front_vertical"},"dispenser_side":{"textures":"textures/blocks/furnace_side"},"dispenser_top":{"textures":"textures/blocks/furnace_top"},"door_lower":{"textures":["textures/blocks/door_wood_lower","textures/blocks/door_spruce_lower","textures/blocks/door_birch_lower","textures/blocks/door_jungle_lower","textures/blocks/door_acacia_lower","textures/blocks/door_dark_oak_lower","textures/blocks/door_iron_lower"]},"door_upper":{"textures":["textures/blocks/door_wood_upper","textures/blocks/door_spruce_upper","textures/blocks/door_birch_upper","textures/blocks/door_jungle_upper","textures/blocks/door_acacia_upper","textures/blocks/door_dark_oak_upper","textures/blocks/door_iron_upper"]},"double_plant_bottom":{"textures":["textures/blocks/double_plant_sunflower_bottom","textures/blocks/double_plant_syringa_bottom","textures/blocks/double_plant_grass_bottom","textures/blocks/double_plant_fern_bottom","textures/blocks/double_plant_rose_bottom","textures/blocks/double_plant_paeonia_bottom"]},"double_plant_carried":{"textures":["textures/blocks/double_plant_sunflower_front","textures/blocks/double_plant_syringa_top","textures/blocks/double_plant_grass_carried","textures/blocks/double_plant_fern_carried","textures/blocks/double_plant_rose_top","textures/blocks/double_plant_paeonia_top"]},"double_plant_top":{"textures":["textures/blocks/double_plant_sunflower_top","textures/blocks/double_plant_syringa_top","textures/blocks/double_plant_grass_top","textures/blocks/double_plant_fern_top","textures/blocks/double_plant_rose_top","textures/blocks/double_plant_paeonia_top"]},"dragon_egg":{"textures":"textures/blocks/dragon_egg"},"dried_kelp_block_side_a":{"textures":"textures/blocks/dried_kelp_side_a"},"dried_kelp_block_side_b":{"textures":"textures/blocks/dried_kelp_side_b"},"dried_kelp_block_top":{"textures":"textures/blocks/dried_kelp_top"},"dripstone_block":{"textures":"textures/blocks/dripstone_block"},"dropper_front_horizontal":{"textures":"textures/blocks/dropper_front_horizontal"},"dropper_front_vertical":{"textures":"textures/blocks/dropper_front_vertical"},"dropper_side":{"textures":"textures/blocks/furnace_side"},"dropper_top":{"textures":"textures/blocks/furnace_top"},"emerald_block":{"textures":"textures/blocks/emerald_block"},"emerald_ore":{"textures":"textures/blocks/emerald_ore"},"enchanting_table_bottom":{"textures":"textures/blocks/enchanting_table_bottom"},"enchanting_table_side":{"textures":"textures/blocks/enchanting_table_side"},"enchanting_table_top":{"textures":"textures/blocks/enchanting_table_top"},"end_bricks":{"textures":"textures/blocks/end_bricks"},"end_gateway":{"textures":"textures/blocks/end_gateway"},"end_portal":{"textures":"textures/blocks/end_portal"},"end_rod":{"textures":"textures/blocks/end_rod"},"end_stone":{"textures":"textures/blocks/end_stone"},"ender_chest_inventory_front":{"textures":["textures/blocks/ender_chest_front"]},"ender_chest_inventory_side":{"textures":["textures/blocks/ender_chest_side"]},"ender_chest_inventory_top":{"textures":["textures/blocks/ender_chest_top"]},"endframe_bottom":{"textures":"textures/blocks/end_stone"},"endframe_eye":{"textures":"textures/blocks/endframe_eye"},"endframe_side":{"textures":"textures/blocks/endframe_side"},"endframe_top":{"textures":"textures/blocks/endframe_top"},"exposed_copper":{"textures":"textures/blocks/exposed_copper"},"exposed_cut_copper":{"textures":"textures/blocks/exposed_cut_copper"},"farmland":{"textures":["textures/blocks/farmland_wet","textures/blocks/farmland_dry"]},"farmland_side":{"textures":"textures/blocks/dirt"},"fire_0":{"textures":"textures/blocks/fire_0"},"fire_1":{"textures":"textures/blocks/fire_1"},"fletching_table_side1":{"textures":"textures/blocks/fletcher_table_side1"},"fletching_table_side2":{"textures":"textures/blocks/fletcher_table_side2"},"fletching_table_top":{"textures":"textures/blocks/fletcher_table_top"},"flower_pot":{"textures":"textures/blocks/flower_pot"},"flowering_azalea_side":{"textures":"textures/blocks/flowering_azalea_side"},"flowering_azalea_top":{"textures":"textures/blocks/flowering_azalea_top"},"flowing_lava":{"quad":1,"textures":"textures/blocks/lava_flow"},"flowing_water":{"quad":1,"textures":"textures/blocks/water_flow"},"flowing_water_grey":{"quad":1,"textures":"textures/blocks/water_flow_grey"},"frosted_ice":{"textures":["textures/blocks/frosted_ice_0","textures/blocks/frosted_ice_1","textures/blocks/frosted_ice_2","textures/blocks/frosted_ice_3"]},"furnace":{"textures":["textures/blocks/furnace_front_off","textures/blocks/furnace_front_on","textures/blocks/furnace_side","textures/blocks/furnace_top"]},"furnace_front":{"textures":["textures/blocks/furnace_front_off","textures/blocks/furnace_front_on"]},"furnace_front_off":{"textures":"textures/blocks/furnace_front_off"},"furnace_front_on":{"textures":"textures/blocks/furnace_front_on"},"furnace_side":{"textures":["textures/blocks/furnace_side","textures/blocks/furnace_side"]},"furnace_top":{"textures":["textures/blocks/furnace_top","textures/blocks/furnace_top"]},"gilded_blackstone":{"textures":"textures/blocks/gilded_blackstone"},"glass":{"textures":"textures/blocks/glass"},"glass_pane_top":{"textures":"textures/blocks/glass_pane_top"},"glow_item_frame":{"textures":"textures/blocks/glow_item_frame"},"glow_lichen":{"textures":"textures/blocks/glow_lichen"},"glowing_obsidian":{"textures":"textures/blocks/glowing_obsidian"},"glowstone":{"textures":"textures/blocks/glowstone"},"gold_block":{"textures":"textures/blocks/gold_block"},"gold_ore":{"textures":"textures/blocks/gold_ore"},"granite":{"textures":"textures/blocks/stone_granite"},"grass_bottom":{"textures":["textures/blocks/dirt","textures/blocks/dirt","textures/blocks/dirt","textures/blocks/dirt","textures/blocks/dirt","textures/blocks/dirt","textures/blocks/dirt","textures/blocks/dirt","textures/blocks/dirt","textures/blocks/dirt","textures/blocks/dirt","textures/blocks/dirt","textures/blocks/dirt","textures/blocks/dirt","textures/blocks/dirt","textures/blocks/dirt","textures/blocks/dirt"]},"grass_carried":{"textures":{"overlay_color":"#79c05a","path":"textures/blocks/grass_side"}},"grass_carried_bottom":{"textures":"textures/blocks/dirt"},"grass_carried_top":{"textures":"textures/blocks/grass_carried"},"grass_path_side":{"textures":["textures/blocks/grass_path_side"]},"grass_path_top":{"textures":["textures/blocks/grass_path_top"]},"grass_side":{"textures":[{"overlay_color":"#79c05a","path":"textures/blocks/grass_side"},{"overlay_color":"#8ab689","path":"textures/blocks/grass_side"},{"overlay_color":"#bfb755","path":"textures/blocks/grass_side"},{"overlay_color":"#59c93c","path":"textures/blocks/grass_side"},{"overlay_color":"#55c93f","path":"textures/blocks/grass_side"},{"overlay_color":"#88bb66","path":"textures/blocks/grass_side"},{"overlay_color":"#86b87f","path":"textures/blocks/grass_side"},{"overlay_color":"#64c73f","path":"textures/blocks/grass_side"},{"overlay_color":"#86b783","path":"textures/blocks/grass_side"},{"overlay_color":"#83b593","path":"textures/blocks/grass_side"},{"overlay_color":"#80b497","path":"textures/blocks/grass_side"},{"overlay_color":"#91bd59","path":"textures/blocks/grass_side"},{"overlay_color":"#90814d","path":"textures/blocks/grass_side"},{"overlay_color":"#8eb971","path":"textures/blocks/grass_side"},{"overlay_color":"#6a7039","path":"textures/blocks/grass_side"},{"overlay_color":"#507a32","path":"textures/blocks/grass_side"},"textures/blocks/grass_side_snowed"]},"grass_top":{"textures":["textures/blocks/grass_top","textures/blocks/grass_top","textures/blocks/grass_top","textures/blocks/grass_top","textures/blocks/grass_top","textures/blocks/grass_top","textures/blocks/grass_top","textures/blocks/grass_top","textures/blocks/grass_top","textures/blocks/grass_top","textures/blocks/grass_top","textures/blocks/grass_top","textures/blocks/grass_top","textures/blocks/grass_top","textures/blocks/grass_top","textures/blocks/grass_top","textures/blocks/grass_top"]},"gravel":{"textures":"textures/blocks/gravel"},"gray_candle":{"textures":["textures/blocks/candles/gray_candle","textures/blocks/candles/gray_candle_lit"]},"gray_candle_cake":{"textures":"textures/blocks/cake"},"gray_candle_carried":{"textures":"textures/items/candles/gray_candle"},"gray_glazed_terracotta":{"textures":"textures/blocks/glazed_terracotta_gray"},"green_candle":{"textures":["textures/blocks/candles/green_candle","textures/blocks/candles/green_candle_lit"]},"green_candle_cake":{"textures":"textures/blocks/cake"},"green_candle_carried":{"textures":"textures/items/candles/green_candle"},"green_glazed_terracotta":{"textures":"textures/blocks/glazed_terracotta_green"},"grindstone_leg":{"textures":"textures/blocks/log_big_oak"},"grindstone_pivot":{"textures":"textures/blocks/grindstone_pivot"},"grindstone_round":{"textures":"textures/blocks/grindstone_round"},"grindstone_side":{"textures":"textures/blocks/grindstone_side"},"hanging_roots":{"textures":"textures/blocks/hanging_roots"},"hardened_clay":{"textures":"textures/blocks/hardened_clay"},"hayblock_side":{"textures":"textures/blocks/hay_block_side"},"hayblock_top":{"textures":"textures/blocks/hay_block_top"},"honey_bottom":{"textures":["textures/blocks/honey_bottom"]},"honey_side":{"textures":["textures/blocks/honey_side"]},"honey_top":{"textures":["textures/blocks/honey_top"]},"honeycomb_block":{"textures":["textures/blocks/honeycomb"]},"hopper_inside":{"textures":"textures/blocks/hopper_inside"},"hopper_outside":{"textures":"textures/blocks/hopper_outside"},"hopper_top":{"textures":"textures/blocks/hopper_top"},"ice":{"textures":"textures/blocks/ice"},"ice_packed":{"textures":"textures/blocks/ice_packed"},"iron_bars":{"textures":"textures/blocks/iron_bars"},"iron_bars_edge":{"textures":"textures/blocks/iron_bars"},"iron_block":{"textures":"textures/blocks/iron_block"},"iron_ore":{"textures":"textures/blocks/iron_ore"},"iron_trapdoor":{"textures":"textures/blocks/iron_trapdoor"},"itemframe_background":{"textures":"textures/blocks/itemframe_background"},"jigsaw_back":{"textures":"textures/blocks/jigsaw_back"},"jigsaw_front":{"textures":"textures/blocks/jigsaw_front"},"jigsaw_lock":{"textures":"textures/blocks/jigsaw_lock"},"jigsaw_side":{"textures":"textures/blocks/jigsaw_side"},"jukebox_side":{"textures":"textures/blocks/jukebox_side"},"jukebox_top":{"textures":"textures/blocks/jukebox_top"},"jungle_planks":{"textures":"textures/blocks/planks_jungle"},"jungle_sign":{"textures":"textures/blocks/planks_jungle"},"jungle_trapdoor":{"textures":"textures/blocks/jungle_trapdoor"},"kelp_a":{"textures":"textures/blocks/kelp_a"},"kelp_b":{"textures":"textures/blocks/kelp_b"},"kelp_c":{"textures":"textures/blocks/kelp_c"},"kelp_d":{"textures":"textures/blocks/kelp_d"},"kelp_top":{"textures":"textures/blocks/kelp_top"},"kelp_top_bulb":{"textures":"textures/blocks/kelp_top_bulb"},"ladder":{"textures":"textures/blocks/ladder"},"lantern":{"textures":"textures/blocks/lantern"},"lantern_carried":{"textures":"textures/items/lantern"},"lapis_block":{"textures":"textures/blocks/lapis_block"},"lapis_ore":{"textures":"textures/blocks/lapis_ore"},"large_amethyst_bud":{"textures":"textures/blocks/large_amethyst_bud"},"leaves":{"textures":["textures/blocks/leaves_oak","textures/blocks/leaves_spruce","textures/blocks/leaves_birch","textures/blocks/leaves_jungle","textures/blocks/leaves_oak_opaque","textures/blocks/leaves_spruce_opaque","textures/blocks/leaves_birch_opaque","textures/blocks/leaves_jungle_opaque"]},"leaves2":{"textures":["textures/blocks/leaves_acacia","textures/blocks/leaves_big_oak","textures/blocks/leaves_acacia_opaque","textures/blocks/leaves_big_oak_opaque"]},"leaves_carried":{"textures":["textures/blocks/leaves_oak_carried","textures/blocks/leaves_spruce_carried","textures/blocks/leaves_birch_carried","textures/blocks/leaves_jungle_carried","textures/blocks/leaves_oak_carried","textures/blocks/leaves_spruce_carried","textures/blocks/leaves_birch_carried","textures/blocks/leaves_jungle_carried"]},"leaves_carried2":{"textures":["textures/blocks/leaves_acacia_carried","textures/blocks/leaves_big_oak_carried","textures/blocks/leaves_acacia_carried","textures/blocks/leaves_big_oak_carried"]},"lectern_base":{"textures":"textures/blocks/lectern_base"},"lectern_bottom":{"textures":"textures/blocks/planks_oak"},"lectern_front":{"textures":"textures/blocks/lectern_front"},"lectern_sides":{"textures":"textures/blocks/lectern_sides"},"lectern_top":{"textures":"textures/blocks/lectern_top"},"lever":{"textures":"textures/blocks/lever"},"lever_particle":{"textures":"textures/blocks/cobblestone"},"light_block_carried":{"textures":["textures/items/light_block_0","textures/items/light_block_1","textures/items/light_block_2","textures/items/light_block_3","textures/items/light_block_4","textures/items/light_block_5","textures/items/light_block_6","textures/items/light_block_7","textures/items/light_block_8","textures/items/light_block_9","textures/items/light_block_10","textures/items/light_block_11","textures/items/light_block_12","textures/items/light_block_13","textures/items/light_block_14","textures/items/light_block_15"]},"light_blue_candle":{"textures":["textures/blocks/candles/light_blue_candle","textures/blocks/candles/light_blue_candle_lit"]},"light_blue_candle_carried":{"textures":"textures/items/candles/light_blue_candle"},"light_blue_glazed_terracotta":{"textures":"textures/blocks/glazed_terracotta_light_blue"},"light_gray_candle":{"textures":["textures/blocks/candles/light_gray_candle","textures/blocks/candles/light_gray_candle_lit"]},"light_gray_candle_cake":{"textures":"textures/blocks/cake"},"light_gray_candle_carried":{"textures":"textures/items/candles/light_gray_candle"},"lightning_rod":{"textures":"textures/blocks/lightning_rod"},"lime_candle":{"textures":["textures/blocks/candles/lime_candle","textures/blocks/candles/lime_candle_lit"]},"lime_candle_cake":{"textures":"textures/blocks/cake"},"lime_candle_carried":{"textures":"textures/items/candles/lime_candle"},"lime_glazed_terracotta":{"textures":"textures/blocks/glazed_terracotta_lime"},"lodestone_side":{"textures":["textures/blocks/lodestone_side"]},"lodestone_top":{"textures":["textures/blocks/lodestone_top"]},"log2":{"textures":["textures/blocks/log_acacia","textures/blocks/log_acacia_top","textures/blocks/log_big_oak","textures/blocks/log_big_oak_top"]},"log_side":{"textures":["textures/blocks/log_oak","textures/blocks/log_spruce","textures/blocks/log_birch","textures/blocks/log_jungle"]},"log_side2":{"textures":["textures/blocks/log_acacia","textures/blocks/log_big_oak"]},"log_top":{"textures":["textures/blocks/log_oak_top","textures/blocks/log_spruce_top","textures/blocks/log_birch_top","textures/blocks/log_jungle_top"]},"log_top2":{"textures":["textures/blocks/log_acacia_top","textures/blocks/log_big_oak_top"]},"loom_bottom":{"textures":"textures/blocks/loom_bottom"},"loom_front":{"textures":"textures/blocks/loom_front"},"loom_side":{"textures":"textures/blocks/loom_side"},"loom_top":{"textures":"textures/blocks/loom_top"},"magenta_candle":{"textures":["textures/blocks/candles/magenta_candle","textures/blocks/candles/magenta_candle_lit"]},"magenta_candle_carried":{"textures":"textures/items/candles/magenta_candle"},"magenta_glazed_terracotta":{"textures":"textures/blocks/glazed_terracotta_magenta"},"magma":{"textures":"textures/blocks/magma"},"medium_amethyst_bud":{"textures":"textures/blocks/medium_amethyst_bud"},"melon_side":{"textures":"textures/blocks/melon_side"},"melon_stem":{"textures":["textures/blocks/melon_stem_disconnected","textures/blocks/melon_stem_connected"]},"melon_top":{"textures":"textures/blocks/melon_top"},"missing":{"textures":"textures/misc/missing_texture"},"missing_tile":{"textures":"textures/blocks/missing_tile"},"mob_spawner":{"textures":"textures/blocks/mob_spawner"},"monster_egg":{"textures":["textures/blocks/cobblestone","textures/blocks/stonebrick","textures/blocks/stonebrick_mossy","textures/blocks/stonebrick_cracked","textures/blocks/stonebrick_carved","textures/blocks/stone"]},"moss_block":{"textures":"textures/blocks/moss_block"},"mossy_stone_brick":{"textures":"textures/blocks/stonebrick_mossy"},"mushroom_block":{"textures":["textures/blocks/mushroom_block_skin_brown","textures/blocks/mushroom_block_skin_red","textures/blocks/mushroom_block_inside","textures/blocks/mushroom_block_skin_stem"]},"mushroom_brown":{"textures":"textures/blocks/mushroom_brown"},"mushroom_brown_bottom":{"textures":["textures/blocks/mushroom_block_inside","textures/blocks/mushroom_block_inside","textures/blocks/mushroom_block_inside","textures/blocks/mushroom_block_inside","textures/blocks/mushroom_block_inside","textures/blocks/mushroom_block_inside","textures/blocks/mushroom_block_inside","textures/blocks/mushroom_block_inside","textures/blocks/mushroom_block_inside","textures/blocks/mushroom_block_inside","textures/blocks/mushroom_block_inside","textures/blocks/mushroom_block_inside","textures/blocks/mushroom_block_inside","textures/blocks/mushroom_block_inside","textures/blocks/mushroom_block_skin_brown","textures/blocks/mushroom_block_skin_stem"]},"mushroom_brown_east":{"textures":["textures/blocks/mushroom_block_inside","textures/blocks/mushroom_block_inside","textures/blocks/mushroom_block_inside","textures/blocks/mushroom_block_skin_brown","textures/blocks/mushroom_block_inside","textures/blocks/mushroom_block_inside","textures/blocks/mushroom_block_skin_brown","textures/blocks/mushroom_block_inside","textures/blocks/mushroom_block_inside","textures/blocks/mushroom_block_skin_brown","textures/blocks/mushroom_block_skin_stem","textures/blocks/mushroom_block_inside","textures/blocks/mushroom_block_inside","textures/blocks/mushroom_block_inside","textures/blocks/mushroom_block_skin_brown","textures/blocks/mushroom_block_skin_stem"]},"mushroom_brown_north":{"textures":["textures/blocks/mushroom_block_inside","textures/blocks/mushroom_block_skin_brown","textures/blocks/mushroom_block_skin_brown","textures/blocks/mushroom_block_skin_brown","textures/blocks/mushroom_block_inside","textures/blocks/mushroom_block_inside","textures/blocks/mushroom_block_inside","textures/blocks/mushroom_block_inside","textures/blocks/mushroom_block_inside","textures/blocks/mushroom_block_inside","textures/blocks/mushroom_block_skin_stem","textures/blocks/mushroom_block_inside","textures/blocks/mushroom_block_inside","textures/blocks/mushroom_block_inside","textures/blocks/mushroom_block_skin_brown","textures/blocks/mushroom_block_skin_stem"]},"mushroom_brown_south":{"textures":["textures/blocks/mushroom_block_inside","textures/blocks/mushroom_block_inside","textures/blocks/mushroom_block_inside","textures/blocks/mushroom_block_inside","textures/blocks/mushroom_block_inside","textures/blocks/mushroom_block_inside","textures/blocks/mushroom_block_inside","textures/blocks/mushroom_block_skin_brown","textures/blocks/mushroom_block_skin_brown","textures/blocks/mushroom_block_skin_brown","textures/blocks/mushroom_block_skin_stem","textures/blocks/mushroom_block_inside","textures/blocks/mushroom_block_inside","textures/blocks/mushroom_block_inside","textures/blocks/mushroom_block_skin_brown","textures/blocks/mushroom_block_skin_stem"]},"mushroom_brown_top":{"textures":["textures/blocks/mushroom_block_inside","textures/blocks/mushroom_block_skin_brown","textures/blocks/mushroom_block_skin_brown","textures/blocks/mushroom_block_skin_brown","textures/blocks/mushroom_block_skin_brown","textures/blocks/mushroom_block_skin_brown","textures/blocks/mushroom_block_skin_brown","textures/blocks/mushroom_block_skin_brown","textures/blocks/mushroom_block_skin_brown","textures/blocks/mushroom_block_skin_brown","textures/blocks/mushroom_block_inside","textures/blocks/mushroom_block_inside","textures/blocks/mushroom_block_inside","textures/blocks/mushroom_block_inside","textures/blocks/mushroom_block_skin_brown","textures/blocks/mushroom_block_skin_stem"]},"mushroom_brown_west":{"textures":["textures/blocks/mushroom_block_inside","textures/blocks/mushroom_block_skin_brown","textures/blocks/mushroom_block_inside","textures/blocks/mushroom_block_inside","textures/blocks/mushroom_block_skin_brown","textures/blocks/mushroom_block_inside","textures/blocks/mushroom_block_inside","textures/blocks/mushroom_block_skin_brown","textures/blocks/mushroom_block_inside","textures/blocks/mushroom_block_inside","textures/blocks/mushroom_block_skin_stem","textures/blocks/mushroom_block_inside","textures/blocks/mushroom_block_inside","textures/blocks/mushroom_block_inside","textures/blocks/mushroom_block_skin_brown","textures/blocks/mushroom_block_skin_stem"]},"mushroom_red":{"textures":"textures/blocks/mushroom_red"},"mushroom_red_bottom":{"textures":["textures/blocks/mushroom_block_inside","textures/blocks/mushroom_block_inside","textures/blocks/mushroom_block_inside","textures/blocks/mushroom_block_inside","textures/blocks/mushroom_block_inside","textures/blocks/mushroom_block_inside","textures/blocks/mushroom_block_inside","textures/blocks/mushroom_block_inside","textures/blocks/mushroom_block_inside","textures/blocks/mushroom_block_inside","textures/blocks/mushroom_block_inside","textures/blocks/mushroom_block_inside","textures/blocks/mushroom_block_inside","textures/blocks/mushroom_block_inside","textures/blocks/mushroom_block_skin_red","textures/blocks/mushroom_block_skin_stem"]},"mushroom_red_east":{"textures":["textures/blocks/mushroom_block_inside","textures/blocks/mushroom_block_inside","textures/blocks/mushroom_block_inside","textures/blocks/mushroom_block_skin_red","textures/blocks/mushroom_block_inside","textures/blocks/mushroom_block_inside","textures/blocks/mushroom_block_skin_red","textures/blocks/mushroom_block_inside","textures/blocks/mushroom_block_inside","textures/blocks/mushroom_block_skin_red","textures/blocks/mushroom_block_skin_stem","textures/blocks/mushroom_block_inside","textures/blocks/mushroom_block_inside","textures/blocks/mushroom_block_inside","textures/blocks/mushroom_block_skin_red","textures/blocks/mushroom_block_skin_stem"]},"mushroom_red_north":{"textures":["textures/blocks/mushroom_block_inside","textures/blocks/mushroom_block_skin_red","textures/blocks/mushroom_block_skin_red","textures/blocks/mushroom_block_skin_red","textures/blocks/mushroom_block_inside","textures/blocks/mushroom_block_inside","textures/blocks/mushroom_block_inside","textures/blocks/mushroom_block_inside","textures/blocks/mushroom_block_inside","textures/blocks/mushroom_block_inside","textures/blocks/mushroom_block_skin_stem","textures/blocks/mushroom_block_inside","textures/blocks/mushroom_block_inside","textures/blocks/mushroom_block_inside","textures/blocks/mushroom_block_skin_red","textures/blocks/mushroom_block_skin_stem"]},"mushroom_red_south":{"textures":["textures/blocks/mushroom_block_inside","textures/blocks/mushroom_block_inside","textures/blocks/mushroom_block_inside","textures/blocks/mushroom_block_inside","textures/blocks/mushroom_block_inside","textures/blocks/mushroom_block_inside","textures/blocks/mushroom_block_inside","textures/blocks/mushroom_block_skin_red","textures/blocks/mushroom_block_skin_red","textures/blocks/mushroom_block_skin_red","textures/blocks/mushroom_block_skin_stem","textures/blocks/mushroom_block_inside","textures/blocks/mushroom_block_inside","textures/blocks/mushroom_block_inside","textures/blocks/mushroom_block_skin_red","textures/blocks/mushroom_block_skin_stem"]},"mushroom_red_top":{"textures":["textures/blocks/mushroom_block_inside","textures/blocks/mushroom_block_skin_red","textures/blocks/mushroom_block_skin_red","textures/blocks/mushroom_block_skin_red","textures/blocks/mushroom_block_skin_red","textures/blocks/mushroom_block_skin_red","textures/blocks/mushroom_block_skin_red","textures/blocks/mushroom_block_skin_red","textures/blocks/mushroom_block_skin_red","textures/blocks/mushroom_block_skin_red","textures/blocks/mushroom_block_inside","textures/blocks/mushroom_block_inside","textures/blocks/mushroom_block_inside","textures/blocks/mushroom_block_inside","textures/blocks/mushroom_block_skin_red","textures/blocks/mushroom_block_skin_stem"]},"mushroom_red_west":{"textures":["textures/blocks/mushroom_block_inside","textures/blocks/mushroom_block_skin_red","textures/blocks/mushroom_block_inside","textures/blocks/mushroom_block_inside","textures/blocks/mushroom_block_skin_red","textures/blocks/mushroom_block_inside","textures/blocks/mushroom_block_inside","textures/blocks/mushroom_block_skin_red","textures/blocks/mushroom_block_inside","textures/blocks/mushroom_block_inside","textures/blocks/mushroom_block_skin_stem","textures/blocks/mushroom_block_inside","textures/blocks/mushroom_block_inside","textures/blocks/mushroom_block_inside","textures/blocks/mushroom_block_skin_red","textures/blocks/mushroom_block_skin_stem"]},"mycelium_bottom":{"textures":["textures/blocks/dirt","textures/blocks/dirt"]},"mycelium_side":{"textures":["textures/blocks/mycelium_side","textures/blocks/grass_side_snowed"]},"mycelium_top":{"textures":["textures/blocks/mycelium_top","textures/blocks/mycelium_top"]},"nether_brick":{"textures":"textures/blocks/nether_brick"},"nether_gold_ore":{"textures":"textures/blocks/nether_gold_ore"},"nether_shroom_blue":{"textures":"textures/blocks/warped_fungus"},"nether_shroom_red":{"textures":"textures/blocks/crimson_fungus"},"nether_sprouts":{"textures":["textures/blocks/nether_sprouts"]},"nether_wart":{"textures":["textures/blocks/nether_wart_stage_0","textures/blocks/nether_wart_stage_1","textures/blocks/nether_wart_stage_1","textures/blocks/nether_wart_stage_2"]},"nether_wart_block":{"textures":"textures/blocks/nether_wart_block"},"netherite_block":{"textures":"textures/blocks/netherite_block"},"netherrack":{"textures":"textures/blocks/netherrack"},"noteblock":{"textures":"textures/blocks/noteblock"},"observer_bottom":{"textures":["textures/blocks/observer_top","textures/blocks/observer_top"]},"observer_east":{"textures":["textures/blocks/observer_side","textures/blocks/observer_side"]},"observer_north":{"textures":["textures/blocks/observer_front","textures/blocks/observer_front"]},"observer_south":{"textures":["textures/blocks/observer_back","textures/blocks/observer_back_lit"]},"observer_top":{"textures":["textures/blocks/observer_top","textures/blocks/observer_top"]},"observer_west":{"textures":["textures/blocks/observer_side","textures/blocks/observer_side"]},"obsidian":{"textures":"textures/blocks/obsidian"},"orange_candle":{"textures":["textures/blocks/candles/orange_candle","textures/blocks/candles/orange_candle_lit"]},"orange_candle_carried":{"textures":"textures/items/candles/orange_candle"},"orange_glazed_terracotta":{"textures":"textures/blocks/glazed_terracotta_orange"},"oxidized_copper":{"textures":"textures/blocks/oxidized_copper"},"oxidized_cut_copper":{"textures":"textures/blocks/oxidized_cut_copper"},"pink_candle":{"textures":["textures/blocks/candles/pink_candle","textures/blocks/candles/pink_candle_lit"]},"pink_candle_cake":{"textures":"textures/blocks/cake"},"pink_candle_carried":{"textures":"textures/items/candles/pink_candle"},"pink_glazed_terracotta":{"textures":"textures/blocks/glazed_terracotta_pink"},"piston_bottom":{"textures":["textures/blocks/piston_bottom"]},"piston_side":{"textures":["textures/blocks/piston_side"]},"piston_top":{"textures":["textures/blocks/piston_inner"]},"piston_top_normal":{"textures":["textures/blocks/piston_top_normal"]},"piston_top_sticky":{"textures":["textures/blocks/piston_top_sticky"]},"planks":{"textures":["textures/blocks/planks_oak","textures/blocks/planks_spruce","textures/blocks/planks_birch","textures/blocks/planks_jungle","textures/blocks/planks_acacia","textures/blocks/planks_big_oak"]},"pointed_dripstone_base":{"textures":["textures/blocks/pointed_dripstone_down_base","textures/blocks/pointed_dripstone_up_base"]},"pointed_dripstone_frustum":{"textures":["textures/blocks/pointed_dripstone_down_frustum","textures/blocks/pointed_dripstone_up_frustum"]},"pointed_dripstone_merge":{"textures":["textures/blocks/pointed_dripstone_down_merge","textures/blocks/pointed_dripstone_up_merge"]},"pointed_dripstone_middle":{"textures":["textures/blocks/pointed_dripstone_down_middle","textures/blocks/pointed_dripstone_up_middle"]},"pointed_dripstone_tip":{"textures":["textures/blocks/pointed_dripstone_down_tip","textures/blocks/pointed_dripstone_up_tip"]},"polished_andesite":{"textures":"textures/blocks/stone_andesite_smooth"},"polished_basalt_side":{"textures":"textures/blocks/polished_basalt_side"},"polished_basalt_top":{"textures":"textures/blocks/polished_basalt_top"},"polished_blackstone":{"textures":"textures/blocks/polished_blackstone"},"polished_blackstone_bricks":{"textures":"textures/blocks/polished_blackstone_bricks"},"polished_deepslate":{"textures":"textures/blocks/deepslate/polished_deepslate"},"polished_diorite":{"textures":"textures/blocks/stone_diorite_smooth"},"polished_granite":{"textures":"textures/blocks/stone_granite_smooth"},"portal":{"textures":"textures/blocks/portal"},"potatoes":{"textures":["textures/blocks/potatoes_stage_0","textures/blocks/potatoes_stage_1","textures/blocks/potatoes_stage_2","textures/blocks/potatoes_stage_3"]},"potted_azalea_bush_plant":{"textures":"textures/blocks/potted_azalea_bush_plant"},"potted_azalea_bush_side":{"textures":"textures/blocks/potted_azalea_bush_side"},"potted_azalea_bush_top":{"textures":"textures/blocks/potted_azalea_bush_top"},"potted_flowering_azalea_bush_plant":{"textures":"textures/blocks/potted_flowering_azalea_bush_plant"},"potted_flowering_azalea_bush_side":{"textures":"textures/blocks/potted_flowering_azalea_bush_side"},"potted_flowering_azalea_bush_top":{"textures":"textures/blocks/potted_flowering_azalea_bush_top"},"powder_snow":{"textures":"textures/blocks/powder_snow"},"prismarine":{"textures":["textures/blocks/prismarine_rough","textures/blocks/prismarine_dark","textures/blocks/prismarine_bricks"]},"prismarine_bricks":{"textures":["textures/blocks/prismarine_bricks"]},"pumpkin_face":{"textures":["textures/blocks/pumpkin_face_off","textures/blocks/pumpkin_face_on","textures/blocks/pumpkin_side"]},"pumpkin_side":{"textures":["textures/blocks/pumpkin_side","textures/blocks/pumpkin_side","textures/blocks/pumpkin_side"]},"pumpkin_stem":{"textures":["textures/blocks/pumpkin_stem_disconnected","textures/blocks/pumpkin_stem_connected"]},"pumpkin_top":{"textures":["textures/blocks/pumpkin_top","textures/blocks/pumpkin_top","textures/blocks/pumpkin_top"]},"purple_candle":{"textures":["textures/blocks/candles/purple_candle","textures/blocks/candles/purple_candle_lit"]},"purple_candle_cake":{"textures":"textures/blocks/cake"},"purple_candle_carried":{"textures":"textures/items/candles/purple_candle"},"purple_glazed_terracotta":{"textures":"textures/blocks/glazed_terracotta_purple"},"purpur_block_bottom":{"textures":["textures/blocks/purpur_block","textures/blocks/purpur_block","textures/blocks/purpur_pillar_top"]},"purpur_block_side":{"textures":["textures/blocks/purpur_block","textures/blocks/purpur_block","textures/blocks/purpur_pillar"]},"purpur_block_top":{"textures":["textures/blocks/purpur_block","textures/blocks/purpur_block","textures/blocks/purpur_pillar_top"]},"quartz_block_bottom":{"textures":["textures/blocks/quartz_block_top","textures/blocks/quartz_block_chiseled_top","textures/blocks/quartz_block_lines_top","textures/blocks/quartz_block_bottom"]},"quartz_block_side":{"textures":["textures/blocks/quartz_block_side","textures/blocks/quartz_block_chiseled","textures/blocks/quartz_block_lines","textures/blocks/quartz_block_bottom"]},"quartz_block_top":{"textures":["textures/blocks/quartz_block_top","textures/blocks/quartz_block_chiseled_top","textures/blocks/quartz_block_lines_top","textures/blocks/quartz_block_bottom"]},"quartz_bricks":{"textures":"textures/blocks/quartz_bricks"},"quartz_ore":{"textures":"textures/blocks/quartz_ore"},"rail_activator":{"textures":"textures/blocks/rail_activator"},"rail_activator_powered":{"textures":"textures/blocks/rail_activator_powered"},"rail_detector":{"textures":"textures/blocks/rail_detector"},"rail_detector_powered":{"textures":"textures/blocks/rail_detector_powered"},"rail_golden":{"textures":"textures/blocks/rail_golden"},"rail_golden_powered":{"textures":"textures/blocks/rail_golden_powered"},"rail_normal":{"textures":"textures/blocks/rail_normal"},"rail_normal_turned":{"textures":"textures/blocks/rail_normal_turned"},"raw_copper_block":{"textures":"textures/blocks/raw_copper_block"},"raw_gold_block":{"textures":"textures/blocks/raw_gold_block"},"raw_iron_block":{"textures":"textures/blocks/raw_iron_block"},"reactor_core":{"textures":["textures/blocks/reactor_core_stage_0","textures/blocks/reactor_core_stage_1","textures/blocks/reactor_core_stage_2"]},"red_candle":{"textures":["textures/blocks/candles/red_candle","textures/blocks/candles/red_candle_lit"]},"red_candle_cake":{"textures":"textures/blocks/cake"},"red_candle_carried":{"textures":"textures/items/candles/red_candle"},"red_flower":{"textures":["textures/blocks/flower_rose","textures/blocks/flower_blue_orchid","textures/blocks/flower_allium","textures/blocks/flower_houstonia","textures/blocks/flower_tulip_red","textures/blocks/flower_tulip_orange","textures/blocks/flower_tulip_white","textures/blocks/flower_tulip_pink","textures/blocks/flower_oxeye_daisy","textures/blocks/flower_cornflower","textures/blocks/flower_lily_of_the_valley"]},"red_glazed_terracotta":{"textures":"textures/blocks/glazed_terracotta_red"},"red_nether_brick":{"textures":"textures/blocks/red_nether_brick"},"redsandstone":{"textures":"textures/blocks/red_sandstone_normal"},"redsandstone_bottom":{"textures":["textures/blocks/red_sandstone_bottom","textures/blocks/red_sandstone_bottom","textures/blocks/red_sandstone_bottom","textures/blocks/red_sandstone_top"]},"redsandstone_side":{"textures":["textures/blocks/red_sandstone_normal","textures/blocks/red_sandstone_carved","textures/blocks/red_sandstone_smooth","textures/blocks/red_sandstone_top"]},"redsandstone_top":{"textures":["textures/blocks/red_sandstone_top","textures/blocks/red_sandstone_top","textures/blocks/red_sandstone_top","textures/blocks/red_sandstone_top"]},"redstone_block":{"textures":"textures/blocks/redstone_block"},"redstone_dust_cross":{"textures":"textures/blocks/redstone_dust_cross"},"redstone_dust_line":{"textures":"textures/blocks/redstone_dust_line"},"redstone_lamp_off":{"textures":"textures/blocks/redstone_lamp_off"},"redstone_lamp_on":{"textures":"textures/blocks/redstone_lamp_on"},"redstone_ore":{"textures":"textures/blocks/redstone_ore"},"redstone_torch_off":{"textures":"textures/blocks/redstone_torch_off"},"redstone_torch_on":{"textures":"textures/blocks/redstone_torch_on"},"reeds":{"textures":"textures/blocks/reeds"},"repeater_floor":{"textures":["textures/blocks/stone_slab_top","textures/blocks/stone_slab_top"]},"repeater_torch":{"textures":["textures/blocks/redstone_torch_off","textures/blocks/redstone_torch_on"]},"repeater_up":{"textures":["textures/blocks/repeater_off","textures/blocks/repeater_on"]},"respawn_anchor_bottom":{"textures":["textures/blocks/respawn_anchor_bottom","textures/blocks/respawn_anchor_bottom","textures/blocks/respawn_anchor_bottom","textures/blocks/respawn_anchor_bottom","textures/blocks/respawn_anchor_bottom"]},"respawn_anchor_side":{"textures":["textures/blocks/respawn_anchor_side0","textures/blocks/respawn_anchor_side1","textures/blocks/respawn_anchor_side2","textures/blocks/respawn_anchor_side3","textures/blocks/respawn_anchor_side4"]},"respawn_anchor_top":{"textures":["textures/blocks/respawn_anchor_top_off","textures/blocks/respawn_anchor_top","textures/blocks/respawn_anchor_top","textures/blocks/respawn_anchor_top","textures/blocks/respawn_anchor_top"]},"sand":{"textures":["textures/blocks/sand","textures/blocks/red_sand"]},"sandstone_bottom":{"textures":["textures/blocks/sandstone_bottom","textures/blocks/sandstone_top","textures/blocks/sandstone_top","textures/blocks/sandstone_top"]},"sandstone_side":{"textures":["textures/blocks/sandstone_normal","textures/blocks/sandstone_carved","textures/blocks/sandstone_smooth","textures/blocks/sandstone_top"]},"sandstone_top":{"textures":["textures/blocks/sandstone_top","textures/blocks/sandstone_top","textures/blocks/sandstone_top","textures/blocks/sandstone_top"]},"sapling":{"textures":["textures/blocks/sapling_oak","textures/blocks/sapling_spruce","textures/blocks/sapling_birch","textures/blocks/sapling_jungle","textures/blocks/sapling_acacia","textures/blocks/sapling_roofed_oak"]},"scaffolding_bottom":{"textures":"textures/blocks/scaffolding_bottom"},"scaffolding_side":{"textures":"textures/blocks/scaffolding_side"},"scaffolding_top":{"textures":"textures/blocks/scaffolding_top"},"sea_lantern":{"textures":"textures/blocks/sea_lantern"},"sea_pickle":{"textures":"textures/blocks/sea_pickle"},"sea_pickle_carried":{"textures":"textures/items/sea_pickle"},"seagrass_carried":{"textures":"textures/blocks/seagrass_carried"},"seagrass_short":{"textures":"textures/blocks/seagrass"},"seagrass_tall_bot_a":{"textures":"textures/blocks/seagrass_doubletall_bottom_a"},"seagrass_tall_bot_b":{"textures":"textures/blocks/seagrass_doubletall_bottom_b"},"seagrass_tall_top_a":{"textures":"textures/blocks/seagrass_doubletall_top_a"},"seagrass_tall_top_b":{"textures":"textures/blocks/seagrass_doubletall_top_b"},"shroomlight":{"textures":"textures/blocks/shroomlight"},"shulker_box_top":{"textures":["textures/blocks/shulker_top_white","textures/blocks/shulker_top_orange","textures/blocks/shulker_top_magenta","textures/blocks/shulker_top_light_blue","textures/blocks/shulker_top_yellow","textures/blocks/shulker_top_lime","textures/blocks/shulker_top_pink","textures/blocks/shulker_top_gray","textures/blocks/shulker_top_silver","textures/blocks/shulker_top_cyan","textures/blocks/shulker_top_purple","textures/blocks/shulker_top_blue","textures/blocks/shulker_top_brown","textures/blocks/shulker_top_green","textures/blocks/shulker_top_red","textures/blocks/shulker_top_black","textures/blocks/shulker_top_undyed"]},"sign":{"textures":"textures/blocks/planks_oak"},"silver_glazed_terracotta":{"textures":"textures/blocks/glazed_terracotta_silver"},"skull":{"textures":"textures/blocks/soul_sand"},"slime_block":{"textures":"textures/blocks/slime"},"small_amethyst_bud":{"textures":"textures/blocks/small_amethyst_bud"},"small_dripleaf_side":{"textures":"textures/blocks/small_dripleaf_side"},"small_dripleaf_stem_bottom":{"textures":"textures/blocks/small_dripleaf_stem_bottom"},"small_dripleaf_stem_top":{"textures":"textures/blocks/small_dripleaf_stem_top"},"small_dripleaf_top":{"textures":"textures/blocks/small_dripleaf_top"},"smithing_table_bottom":{"textures":"textures/blocks/smithing_table_bottom"},"smithing_table_front":{"textures":"textures/blocks/smithing_table_front"},"smithing_table_side":{"textures":"textures/blocks/smithing_table_side"},"smithing_table_top":{"textures":"textures/blocks/smithing_table_top"},"smoker":{"textures":["textures/blocks/smoker_front_off","textures/blocks/smoker_front_on","textures/blocks/smoker_side","textures/blocks/smoker_top"]},"smoker_bottom":{"textures":["textures/blocks/smoker_bottom","textures/blocks/smoker_bottom"]},"smoker_front_off":{"textures":"textures/blocks/smoker_front_off"},"smoker_front_on":{"textures":"textures/blocks/smoker_front_on"},"smoker_side":{"textures":["textures/blocks/smoker_side","textures/blocks/smoker_side"]},"smoker_top":{"textures":["textures/blocks/smoker_top","textures/blocks/smoker_top"]},"smooth_basalt":{"textures":"textures/blocks/smooth_basalt"},"smooth_red_sandstone":{"textures":"textures/blocks/red_sandstone_top"},"smooth_sandstone":{"textures":"textures/blocks/sandstone_top"},"smooth_stone":{"textures":"textures/blocks/stone_slab_top"},"snow":{"textures":"textures/blocks/snow"},"soul_campfire_fire":{"textures":"textures/blocks/soul_campfire"},"soul_campfire_log_lit":{"textures":"textures/blocks/soul_campfire_log_lit"},"soul_fire_0":{"textures":"textures/blocks/soul_fire_0"},"soul_fire_1":{"textures":"textures/blocks/soul_fire_1"},"soul_lantern":{"textures":"textures/blocks/soul_lantern"},"soul_lantern_carried":{"textures":"textures/items/soul_lantern"},"soul_sand":{"textures":"textures/blocks/soul_sand"},"soul_soil":{"textures":"textures/blocks/soul_soil"},"soul_torch":{"textures":"textures/blocks/soul_torch"},"sponge":{"textures":["textures/blocks/sponge","textures/blocks/sponge_wet"]},"spore_blossom":{"textures":"textures/blocks/spore_blossom"},"spore_blossom_base":{"textures":"textures/blocks/spore_blossom_base"},"spruce_planks":{"textures":"textures/blocks/planks_spruce"},"spruce_sign":{"textures":"textures/blocks/planks_spruce"},"spruce_trapdoor":{"textures":"textures/blocks/spruce_trapdoor"},"stained_clay":{"textures":["textures/blocks/hardened_clay_stained_white","textures/blocks/hardened_clay_stained_orange","textures/blocks/hardened_clay_stained_magenta","textures/blocks/hardened_clay_stained_light_blue","textures/blocks/hardened_clay_stained_yellow","textures/blocks/hardened_clay_stained_lime","textures/blocks/hardened_clay_stained_pink","textures/blocks/hardened_clay_stained_gray","textures/blocks/hardened_clay_stained_silver","textures/blocks/hardened_clay_stained_cyan","textures/blocks/hardened_clay_stained_purple","textures/blocks/hardened_clay_stained_blue","textures/blocks/hardened_clay_stained_brown","textures/blocks/hardened_clay_stained_green","textures/blocks/hardened_clay_stained_red","textures/blocks/hardened_clay_stained_black"]},"stained_glass":{"textures":["textures/blocks/glass_white","textures/blocks/glass_orange","textures/blocks/glass_magenta","textures/blocks/glass_light_blue","textures/blocks/glass_yellow","textures/blocks/glass_lime","textures/blocks/glass_pink","textures/blocks/glass_gray","textures/blocks/glass_silver","textures/blocks/glass_cyan","textures/blocks/glass_purple","textures/blocks/glass_blue","textures/blocks/glass_brown","textures/blocks/glass_green","textures/blocks/glass_red","textures/blocks/glass_black"]},"stained_glass_pane_top":{"textures":["textures/blocks/glass_pane_top_white","textures/blocks/glass_pane_top_orange","textures/blocks/glass_pane_top_magenta","textures/blocks/glass_pane_top_light_blue","textures/blocks/glass_pane_top_yellow","textures/blocks/glass_pane_top_lime","textures/blocks/glass_pane_top_pink","textures/blocks/glass_pane_top_gray","textures/blocks/glass_pane_top_silver","textures/blocks/glass_pane_top_cyan","textures/blocks/glass_pane_top_purple","textures/blocks/glass_pane_top_blue","textures/blocks/glass_pane_top_brown","textures/blocks/glass_pane_top_green","textures/blocks/glass_pane_top_red","textures/blocks/glass_pane_top_black"]},"stair_purpur_block":{"textures":"textures/blocks/purpur_block"},"stair_quartz_block_bottom":{"textures":"textures/blocks/quartz_block_top"},"stair_quartz_block_side":{"textures":"textures/blocks/quartz_block_side"},"stair_quartz_block_top":{"textures":"textures/blocks/quartz_block_top"},"stair_smooth_quartz_block":{"textures":"textures/blocks/quartz_block_bottom"},"still_lava":{"textures":"textures/blocks/lava_still"},"still_water":{"textures":"textures/blocks/water_still"},"still_water_grey":{"textures":"textures/blocks/water_still_grey"},"stone":{"textures":["textures/blocks/stone","textures/blocks/stone_granite","textures/blocks/stone_granite_smooth","textures/blocks/stone_diorite","textures/blocks/stone_diorite_smooth","textures/blocks/stone_andesite","textures/blocks/stone_andesite_smooth"]},"stone_slab":{"textures":["textures/blocks/stone_slab_top","textures/blocks/stone_slab_side"]},"stone_slab_bottom":{"textures":["textures/blocks/stone_slab_top","textures/blocks/sandstone_bottom","textures/blocks/planks_oak","textures/blocks/cobblestone","textures/blocks/brick","textures/blocks/stonebrick","textures/blocks/quartz_block_top","textures/blocks/nether_brick"]},"stone_slab_bottom_2":{"textures":["textures/blocks/red_sandstone_bottom","textures/blocks/purpur_block","textures/blocks/prismarine_rough","textures/blocks/prismarine_dark","textures/blocks/prismarine_bricks","textures/blocks/cobblestone_mossy","textures/blocks/sandstone_top","textures/blocks/red_nether_brick"]},"stone_slab_bottom_3":{"textures":["textures/blocks/end_bricks","textures/blocks/red_sandstone_top","textures/blocks/stone_andesite_smooth","textures/blocks/stone_andesite","textures/blocks/stone_diorite","textures/blocks/stone_diorite_smooth","textures/blocks/stone_granite","textures/blocks/stone_granite_smooth"]},"stone_slab_bottom_4":{"textures":["textures/blocks/stonebrick_mossy","textures/blocks/quartz_block_bottom","textures/blocks/stone","textures/blocks/sandstone_top","textures/blocks/red_sandstone_top"]},"stone_slab_side":{"textures":["textures/blocks/stone_slab_side","textures/blocks/sandstone_normal","textures/blocks/planks_oak","textures/blocks/cobblestone","textures/blocks/brick","textures/blocks/stonebrick","textures/blocks/quartz_block_side","textures/blocks/nether_brick"]},"stone_slab_side_2":{"textures":["textures/blocks/red_sandstone_normal","textures/blocks/purpur_block","textures/blocks/prismarine_rough","textures/blocks/prismarine_dark","textures/blocks/prismarine_bricks","textures/blocks/cobblestone_mossy","textures/blocks/sandstone_top","textures/blocks/red_nether_brick"]},"stone_slab_side_3":{"textures":["textures/blocks/end_bricks","textures/blocks/red_sandstone_top","textures/blocks/stone_andesite_smooth","textures/blocks/stone_andesite","textures/blocks/stone_diorite","textures/blocks/stone_diorite_smooth","textures/blocks/stone_granite","textures/blocks/stone_granite_smooth"]},"stone_slab_side_4":{"textures":["textures/blocks/stonebrick_mossy","textures/blocks/quartz_block_bottom","textures/blocks/stone","textures/blocks/sandstone_smooth","textures/blocks/red_sandstone_smooth"]},"stone_slab_top":{"textures":["textures/blocks/stone_slab_top","textures/blocks/sandstone_top","textures/blocks/planks_oak","textures/blocks/cobblestone","textures/blocks/brick","textures/blocks/stonebrick","textures/blocks/quartz_block_top","textures/blocks/nether_brick"]},"stone_slab_top_2":{"textures":["textures/blocks/red_sandstone_top","textures/blocks/purpur_block","textures/blocks/prismarine_rough","textures/blocks/prismarine_dark","textures/blocks/prismarine_bricks","textures/blocks/cobblestone_mossy","textures/blocks/sandstone_top","textures/blocks/red_nether_brick"]},"stone_slab_top_3":{"textures":["textures/blocks/end_bricks","textures/blocks/red_sandstone_top","textures/blocks/stone_andesite_smooth","textures/blocks/stone_andesite","textures/blocks/stone_diorite","textures/blocks/stone_diorite_smooth","textures/blocks/stone_granite","textures/blocks/stone_granite_smooth"]},"stone_slab_top_4":{"textures":["textures/blocks/stonebrick_mossy","textures/blocks/quartz_block_bottom","textures/blocks/stone","textures/blocks/sandstone_top","textures/blocks/red_sandstone_top"]},"stonebrick":{"textures":["textures/blocks/stonebrick","textures/blocks/stonebrick_mossy","textures/blocks/stonebrick_cracked","textures/blocks/stonebrick_carved"]},"stonecutter2_bottom":{"textures":"textures/blocks/stonecutter2_bottom"},"stonecutter2_saw":{"textures":"textures/blocks/stonecutter2_saw"},"stonecutter2_side":{"textures":"textures/blocks/stonecutter2_side"},"stonecutter2_top":{"textures":"textures/blocks/stonecutter2_top"},"stonecutter_bottom":{"textures":"textures/blocks/stonecutter_bottom"},"stonecutter_other_side":{"textures":"textures/blocks/stonecutter_other_side"},"stonecutter_side":{"textures":"textures/blocks/stonecutter_side"},"stonecutter_top":{"textures":"textures/blocks/stonecutter_top"},"stripped_acacia_log_side":{"textures":"textures/blocks/stripped_acacia_log"},"stripped_acacia_log_top":{"textures":"textures/blocks/stripped_acacia_log_top"},"stripped_birch_log_side":{"textures":"textures/blocks/stripped_birch_log"},"stripped_birch_log_top":{"textures":"textures/blocks/stripped_birch_log_top"},"stripped_crimson_stem_side":{"textures":"textures/blocks/huge_fungus/stripped_crimson_stem_side"},"stripped_crimson_stem_top":{"textures":"textures/blocks/huge_fungus/stripped_crimson_stem_top"},"stripped_dark_oak_log_side":{"textures":"textures/blocks/stripped_dark_oak_log"},"stripped_dark_oak_log_top":{"textures":"textures/blocks/stripped_dark_oak_log_top"},"stripped_jungle_log_side":{"textures":"textures/blocks/stripped_jungle_log"},"stripped_jungle_log_top":{"textures":"textures/blocks/stripped_jungle_log_top"},"stripped_oak_log_side":{"textures":"textures/blocks/stripped_oak_log"},"stripped_oak_log_top":{"textures":"textures/blocks/stripped_oak_log_top"},"stripped_spruce_log_side":{"textures":"textures/blocks/stripped_spruce_log"},"stripped_spruce_log_top":{"textures":"textures/blocks/stripped_spruce_log_top"},"stripped_warped_stem_side":{"textures":"textures/blocks/huge_fungus/stripped_warped_stem_side"},"stripped_warped_stem_top":{"textures":"textures/blocks/huge_fungus/stripped_warped_stem_top"},"structure_block":{"textures":["textures/blocks/structure_block","textures/blocks/structure_block_data","textures/blocks/structure_block_save","textures/blocks/structure_block_load","textures/blocks/structure_block_corner","textures/blocks/structure_block_export"]},"structure_void":{"textures":["textures/blocks/structure_void","textures/blocks/structure_air"]},"sunflower_additional":{"textures":["textures/blocks/double_plant_sunflower_front","textures/blocks/double_plant_sunflower_back"]},"sweet_berry_bush_0":{"textures":"textures/blocks/sweet_berry_bush_stage0"},"sweet_berry_bush_1":{"textures":"textures/blocks/sweet_berry_bush_stage1"},"sweet_berry_bush_2":{"textures":"textures/blocks/sweet_berry_bush_stage2"},"sweet_berry_bush_3":{"textures":"textures/blocks/sweet_berry_bush_stage3"},"sweet_berry_bush_carried":{"textures":"textures/items/sweet_berries"},"tallgrass":{"textures":["textures/blocks/tallgrass","textures/blocks/tallgrass","textures/blocks/fern","textures/blocks/fern"]},"tallgrass_carried":{"textures":["textures/blocks/tallgrass_carried","textures/blocks/tallgrass_carried","textures/blocks/fern_carried","textures/blocks/fern_carried"]},"target_side":{"textures":"textures/blocks/target_side"},"target_top":{"textures":"textures/blocks/target_top"},"tinted_glass":{"textures":"textures/blocks/tinted_glass"},"tnt_bottom":{"textures":"textures/blocks/tnt_bottom"},"tnt_side":{"textures":"textures/blocks/tnt_side"},"tnt_top":{"textures":"textures/blocks/tnt_top"},"torch_on":{"textures":"textures/blocks/torch_on"},"trapdoor":{"textures":"textures/blocks/trapdoor"},"trapped_chest_inventory_front":{"textures":["textures/blocks/trapped_chest_front"]},"trip_wire":{"textures":"textures/blocks/trip_wire"},"trip_wire_base":{"textures":"textures/blocks/planks_oak"},"trip_wire_source":{"textures":"textures/blocks/trip_wire_source"},"tuff":{"textures":"textures/blocks/tuff"},"turtle_egg":{"textures":["textures/blocks/turtle_egg_not_cracked","textures/blocks/turtle_egg_slightly_cracked","textures/blocks/turtle_egg_very_cracked"]},"turtle_egg_carried":{"textures":"textures/items/turtle_egg"},"twisting_vines_base":{"textures":["textures/blocks/twisting_vines_base"]},"twisting_vines_bottom":{"textures":["textures/blocks/twisting_vines_bottom"]},"undyed_shulker_box_top":{"textures":"textures/blocks/shulker_top_undyed"},"vine":{"textures":"textures/blocks/vine"},"vine_carried":{"textures":"textures/blocks/vine_carried"},"warped_door_lower":{"textures":"textures/blocks/huge_fungus/warped_door_lower"},"warped_door_top":{"textures":"textures/blocks/huge_fungus/warped_door_top"},"warped_nylium_side":{"textures":"textures/blocks/warped_nylium_side"},"warped_nylium_top":{"textures":"textures/blocks/warped_nylium_top"},"warped_planks":{"textures":"textures/blocks/huge_fungus/warped_planks"},"warped_roots":{"textures":"textures/blocks/warped_roots"},"warped_roots_pot":{"textures":"textures/blocks/warped_roots_pot"},"warped_sign":{"textures":"textures/blocks/huge_fungus/warped_planks"},"warped_stem_side":{"textures":"textures/blocks/huge_fungus/warped_stem_side"},"warped_stem_top":{"textures":"textures/blocks/huge_fungus/warped_stem_top"},"warped_trapdoor":{"textures":"textures/blocks/huge_fungus/warped_trapdoor"},"warped_wart_block":{"textures":["textures/blocks/warped_wart_block"]},"waterlily":{"textures":[{"path":"textures/blocks/waterlily","tint_color":"#208030"}]},"waterlily_carried":{"textures":"textures/blocks/carried_waterlily"},"weathered_copper":{"textures":"textures/blocks/weathered_copper"},"weathered_cut_copper":{"textures":"textures/blocks/weathered_cut_copper"},"web":{"textures":"textures/blocks/web"},"weeping_vines_base":{"textures":["textures/blocks/weeping_vines_base"]},"weeping_vines_bottom":{"textures":["textures/blocks/weeping_vines_bottom"]},"wheat":{"textures":["textures/blocks/wheat_stage_0","textures/blocks/wheat_stage_1","textures/blocks/wheat_stage_2","textures/blocks/wheat_stage_3","textures/blocks/wheat_stage_4","textures/blocks/wheat_stage_5","textures/blocks/wheat_stage_6","textures/blocks/wheat_stage_7"]},"white_candle":{"textures":["textures/blocks/candles/white_candle","textures/blocks/candles/white_candle_lit"]},"white_candle_cake":{"textures":"textures/blocks/cake"},"white_candle_carried":{"textures":"textures/items/candles/white_candle"},"white_glazed_terracotta":{"textures":"textures/blocks/glazed_terracotta_white"},"wither_rose":{"textures":"textures/blocks/flower_wither_rose"},"wood":{"textures":["textures/blocks/log_oak","textures/blocks/stripped_oak_log","textures/blocks/log_spruce","textures/blocks/stripped_spruce_log","textures/blocks/log_birch","textures/blocks/stripped_birch_log","textures/blocks/log_jungle","textures/blocks/stripped_jungle_log","textures/blocks/log_acacia","textures/blocks/stripped_acacia_log","textures/blocks/log_big_oak","textures/blocks/stripped_dark_oak_log"]},"wood_acacia":{"textures":"textures/blocks/planks_acacia"},"wood_big_oak":{"textures":"textures/blocks/planks_big_oak"},"wood_birch":{"textures":"textures/blocks/planks_birch"},"wood_jungle":{"textures":"textures/blocks/planks_jungle"},"wood_oak":{"textures":"textures/blocks/planks_oak"},"wood_spruce":{"textures":"textures/blocks/planks_spruce"},"wool":{"textures":["textures/blocks/wool_colored_white","textures/blocks/wool_colored_orange","textures/blocks/wool_colored_magenta","textures/blocks/wool_colored_light_blue","textures/blocks/wool_colored_yellow","textures/blocks/wool_colored_lime","textures/blocks/wool_colored_pink","textures/blocks/wool_colored_gray","textures/blocks/wool_colored_silver","textures/blocks/wool_colored_cyan","textures/blocks/wool_colored_purple","textures/blocks/wool_colored_blue","textures/blocks/wool_colored_brown","textures/blocks/wool_colored_green","textures/blocks/wool_colored_red","textures/blocks/wool_colored_black"]},"yellow_candle":{"textures":["textures/blocks/candles/yellow_candle","textures/blocks/candles/yellow_candle_lit"]},"yellow_candle_cake":{"textures":"textures/blocks/cake"},"yellow_candle_carried":{"textures":"textures/items/candles/yellow_candle"},"yellow_flower":{"textures":"textures/blocks/flower_dandelion"},"yellow_glazed_terracotta":{"textures":"textures/blocks/glazed_terracotta_yellow"}},"texture_name":"atlas.terrain"}