{
	"$schema": "http://json-schema.org/draft-07/schema",
	"type": "array",
	"items": {
		"properties": {
			"priority": {
				"type": "number"
			},
			"filters": {
				"description": "Conditions that make this entry in the list valid.",
				"$ref": "./filter.json"
			},
			"max_dist": {
				"description": "Maximum distance this mob can be away to be a valid choice.",
				"type": "number"
			},
			"must_see": {
				"description": "If true, the mob has to be visible to be a valid choice.",
				"type": "boolean"
			},
			"must_see_forget_duration": {
				"description": "Determines the amount of time in seconds that this mob will look for a target before forgetting about it and looking for a new one when the target isn't visible any more.",
				"type": "number"
			},
			"sprint_speed_multiplier": {
				"description": "Multiplier for the running speed. A value of 1.0 means the speed is unchanged.",
				"type": "number"
			},
			"walk_speed_multiplier": {
				"description": "Multiplier for the walking speed. A value of 1.0 means the speed is unchanged.",
				"type": "number"
			}
		}
	}
}
