{
	"format_version": "1.10.0",
	"minecraft:client_entity": {
		"description": {
			"identifier": "{{PROJECT_PREFIX}}:{{IDENTIFIER}}",
			"materials": { "default": "fox" },
			"textures": {
				"red": "textures/entity/{{PRESET_PATH}}{{IDENTIFIER}}/{{IDENTIFIER}}",
				"arctic": "textures/entity/{{PRESET_PATH}}{{IDENTIFIER}}/arctic_{{IDENTIFIER}}"
			},
			"geometry": {
				"default": "geometry.{{IDENTIFIER}}"
			},
			"animations": {
				"walk": "animation.quadruped.walk",
				"look_at_target": "animation.common.look_at_target",
				"baby_transform": "animation.{{IDENTIFIER}}.baby_transform",
				"crouch": "animation.{{IDENTIFIER}}.crouch",
				"sleep": "animation.{{IDENTIFIER}}.sleep",
				"setup": "animation.{{IDENTIFIER}}.setup",
				"sit": "animation.{{IDENTIFIER}}.sit",
				"wiggle": "animation.{{IDENTIFIER}}.wiggle",
				"stuck": "animation.{{IDENTIFIER}}.stuck",
				"pounce": "animation.{{IDENTIFIER}}.pounce",
				"move": "controller.animation.{{IDENTIFIER}}.move"
			},
			"scripts": {
				"animate": [
					"setup",
					{ "baby_transform": "query.is_baby" },
					"move"
				]
			},
			"render_controllers": ["controller.render.{{IDENTIFIER}}"],
			"spawn_egg": {
				"texture": "{{PROJECT_PREFIX}}_{{IDENTIFIER}}_egg",
				"texture_index": 0
			}
		}
	}
}
