{
	"entity_sounds": {
		"entities": {
			"{{PROJECT_PREFIX}}:{{IDENTIFIER}}": {
				"events": {
					"ambient": "mob.{{IDENTIFIER}}.ambient",
					"attack": "mob.{{IDENTIFIER}}.bite",
					"death": "mob.{{IDENTIFIER}}.death",
					"eat": "mob.{{IDENTIFIER}}.eat",
					"hurt": "mob.{{IDENTIFIER}}.hurt",
					"mad": "mob.{{IDENTIFIER}}.aggro",
					"screech": {
						"sound": "mob.{{IDENTIFIER}}.screech",
						"volume": 2
					},
					"sleep": "mob.{{IDENTIFIER}}.sleep",
					"sniff": "mob.{{IDENTIFIER}}.sniff",
					"spit": "mob.{{IDENTIFIER}}.spit"
				},
				"pitch": [0.8, 1.2],
				"volume": 1.0
			}
		}
	}
}
