{
    "distributions": [ "gaussian", "uniform", "inverse_gaussian", "fixed_grid", "jittered_grid" ],
    "early_outs": [ "none", "first_failure", "first_success" ],
    "coordinate_eval_orders": [ "xyz", "zyx", "yxz", "xzy", "zxy", "yzx" ],
    "chance_information": {
        "numerator": "$general.number",
        "denominator": "$general.number"
    },


    "block_reference": {
        "@import.value.block_id": "$general.block_identifier",
        "name": "$general.block_identifier",
        "states": "$_general.block_states"
    },

    "branches_reference": {
        "branch_length": "$general.number",
        "branch_position": "$general.number",
        "branch_chance": "$general.decimal",

        "branch_canopy": {
            "acacia_canopy": {
                "canopy_size": "$general.number",
                "simplify_canopy": "$general.boolean",
                "leaf_block": "$feature.general.block_reference"
            },

            "canopy": {
                "canopy_offset": {
                    "min": "$general.number",
                    "max": "$general.number"
                },
                "min_width": "$general.number",
                "canopy_slope": {
                    "rise": "$general.number",
                    "run": "$general.number"
                },
                "variation_chance": {
                    "$dynamic.list.next_index": "$feature.general.chance_information"
                },
                "leaf_block": "$feature.general.block_reference",
                "canopy_decoration": {
                    "decoration_chance": "$feature.general.chance_information",
                    "block_reference": "$feature.general.block_reference",
                    "num_steps": "$general.number",
                    "step_direction": [ "down", "up", "out", "away" ]
                }
            },

            "fancy_canopy": {
                "height": "$general.number",
                "radius": "$general.number",
                "leaf_block": "$feature.general.block_reference"
            },

            "mega_canopy": {
                "canopy_height": "$general.number",
                "core_width": "$general.number",
                "base_radius": "$general.number",
                "simplify_canopy": "$general.boolean",
                "leaf_block": "$feature.general.block_reference"
            },

            "mega_pine_canopy": {
                "canopy_height": "$general.number",
                "core_width": "$general.number",
                "base_radius": "$general.number",
                "radius_step_modifier": "$general.decimal",
                "leaf_block": "$feature.general.block_reference"
            },

            "pine_canopy": {
                "canopy_height": "$general.number",
                "core_width": "$general.number",
                "outer_radius": "$general.number",
                "inner_radius": "$general.number",
                "leaf_block": "$feature.general.block_reference"
            },

            "spruce_canopy": {
                "lower_offset": "$general.number",
                "upper_offset": "$general.number",
                "max_radius": "$general.number",
                "leaf_block": "$feature.general.block_reference"
            }
        }
    }
}