{"id":"animation","detect":{"packType":"behaviorPack","scope":"animations/","matcher":["animations/**/*.json","animations/*.json"],"fileContent":["animations/*/timeline"]},"icon":"mdi-movie-open-outline","schema":"file:///data/packages/minecraftBedrock/schema/animation/main.json","lightningCache":"animation.json","packSpider":"animation.json","definitions":{"functionPath":{"directReference":true}},"documentation":{"baseUrl":"https://bedrock.dev/docs/stable/Entity%20Events#Animation%20Events","supportsQuerying":false},"meta":{"commandsUseSlash":true},"highlighterConfiguration":{"keywords":["animations"],"typeIdentifiers":["format_version"],"definitions":["timeline"]}}