{"format_version":"1.10.0","minecraft:client_entity":{"description":{"identifier":"{{PROJECT_PREFIX}}:{{IDENTIFIER}}","materials":{"default":"cow"},"textures":{"default":"textures/entity/{{PRESET_PATH}}{{IDENTIFIER}}"},"geometry":{"default":"geometry.{{IDENTIFIER}}"},"animations":{"setup":"animation.{{IDENTIFIER}}.setup","walk":"animation.quadruped.walk","look_at_target":"animation.common.look_at_target","baby_transform":"animation.{{IDENTIFIER}}.baby_transform"},"scripts":{"animate":["setup",{"walk":"query.modified_move_speed"},"look_at_target",{"baby_transform":"query.is_baby"}]},"render_controllers":["controller.render.{{IDENTIFIER}}"],"spawn_egg":{"texture":"{{PROJECT_PREFIX}}_{{IDENTIFIER}}_egg","texture_index":0}}}}