{
  "format_version": "1.8.0",
  "geometry.{{IDENTIFIER}}": {
    "texturewidth": 64,
    "textureheight": 64,
    "bones": [
      {
        "name": "head",
        "parent": "body",
        "pivot": [ 0.0, 12.5, -17.0 ],
        "locators": {
          "lead": [ 0.0, 14.0, -16.0 ]
        },
        "cubes": [
          {
            "origin": [ -6.5, 7.5, -21.0 ],
            "size": [ 13.0, 10.0, 9.0 ],
            "uv": [ 0, 6 ]
          },
          {
            "origin": [ -3.5, 7.5, -23.0 ],
            "size": [ 7.0, 5.0, 2.0 ],
            "uv": [ 45, 16 ]
          },
          {
            "origin": [ -8.5, 16.5, -18.0 ],
            "size": [ 5.0, 4.0, 1.0 ],
            "uv": [ 52, 25 ]
          },
          {
            "origin": [ 3.5, 16.5, -18.0 ],
            "size": [ 5.0, 4.0, 1.0 ],
            "uv": [ 52, 25 ]
          }
        ]
      },
      {
        "name": "body",
        "pivot": [ 0.0, 14.0, 0.0 ],        
        "bind_pose_rotation": [ 90.0, 0.0, 0.0 ],
        "cubes": [
          {
            "origin": [ -9.5, 1.0, -6.5 ],
            "size": [ 19.0, 26.0, 13.0 ],
          "uv":[0, 25]
          }
        ]
      },
      {
        "name": "leg0",
        "parent": "body",
        "pivot": [ -5.5, 9.0, 9.0 ],
        "cubes": [
          {
            "origin": [ -8.5, 0.0, 6.0 ],
            "size": [ 6.0, 9.0, 6.0 ],
            "uv": [ 40, 0 ]
          }
        ]
      },
      {
        "name": "leg1",
        "parent": "body",
        "pivot": [ 5.5, 9.0, 9.0 ],
        "cubes": [
          {
            "origin": [ 2.5, 0.0, 6.0 ],
            "size": [ 6.0, 9.0, 6.0 ],
            "uv": [ 40, 0 ]
          }
        ]
      },
      {
        "name": "leg2",
        "parent": "body",
        "pivot": [ -5.5, 9.0, -9.0 ],
        "cubes": [
          {
            "origin": [ -8.5, 0.0, -12.0 ],
            "size": [ 6.0, 9.0, 6.0 ],
            "uv": [ 40, 0 ]
          }
        ]
      },
      {
        "name": "leg3",
        "parent": "body",
        "pivot": [ 5.5, 9.0, -9.0 ],
        "cubes": [
          {
            "origin": [ 2.5, 0.0, -12.0 ],
            "size": [ 6.0, 9.0, 6.0 ],
            "uv": [ 40, 0 ]
          }
        ]
      }
    ]
  }
}
