{
	"format_version": "1.17.0",
	"minecraft:ore_feature": {
		"description": {
			"identifier": "{{PROJECT_PREFIX}}:{{IDENTIFIER}}_feature"
		},
		"count": 9,
		"replace_rules": [
			{
				"places_block": {
					"name": "{{PROJECT_PREFIX}}:{{IDENTIFIER}}",
					"states": {}
				},
			     
				"may_replace": [
					{
						"name": "minecraft:stone",
						"states": {
							"stone_type": "stone"
						}
					},
					{
						"name": "minecraft:stone",
						"states": {
							"stone_type": "andesite"
						}
					},
					{
						"name": "minecraft:stone",
						"states": {
							"stone_type": "granite"
						}
					},
					{
						"name": "minecraft:stone",
						"states": {
							"stone_type": "diorite"
						}
					}
				]
			}
		]
	}
}
