{
	"$schema": "http://json-schema.org/draft-07/schema",
	"type": "object",
	"additionalProperties": false,
	"description": "When set to false, collision gets disabled completely",
	"properties": {
		"size": {
			"description": "Size of each side of the box of the component",
			"allOf": [
				{ "const": "false" },
				{
					"type": "array",
					"maxItems": 3,
					"minItems": 3,

					"items": {
						"type": "number"
					}
				}
			]
		},
		"origin": {
			"description": "Minimal position bounds of the collision box",
			"allOf": [
				{ "const": "false" },
				{
					"type": "array",
					"maxItems": 3,
					"minItems": 3,

					"items": {
						"type": "number"
					}
				}
			]
		}
	}
}
