{
	"$schema": "http://json-schema.org/draft-07/schema",
	"type": "string",
	"anyOf": [
		{
			"enum": [
				"/alwaysday",
				"/ability",
				"/clear",
				"/camerashake",
				"/clearspawnpoint",
				"/clone",
				"/difficulty",
				"/effect",
				"/event",
				"/enchant",
				"/execute",
				"/fill",
				"/fog",
				"/function",
				"/gamemode",
				"/gamerule",
				"/give",
				"/kick",
				"/kill",
				"/locate",
				"/list",
				"/me",
				"/mobevent",
				"/music",
				"/particle",
				"/playsound",
				"/playanimation",
				"/ride",
				"/reload",
				"/replaceitem",
				"/say",
				"/schedule",
				"/scoreboard",
				"/setblock",
				"/setmaxplayers",
				"/structure",
				"/setworldspawn",
				"/spawnpoint",
				"/spreadplayers",
				"/stopsound",
				"/summon",
				"/tag",
				"/teleport",
				"/tell",
				"/tellraw",
				"/testfor",
				"/testforblock",
				"/testforblocks",
				"/tickingarea",
				"/time",
				"/title",
				"/titleraw",
				"/toggledownfall",
				"/tp",
				"/w",
				"/weather",
				"/xp"
			]
		},
		{
			"$ref": "../../function/dynamic/commandEnum.json"
		},
		{
			"type": "string"
		}
	]
}
