{
	"format_version": "$general.format_version",
	"minecraft:fog_settings": {
		"description": {
			"identifier": {
				"@meta": { "is_value": true },
				"@import.value.fog": "$general.file_identifier"
			}
		},
		"distance": {
			"$fog.general.distances": {
				"fog_start": "$general.number",
				"fog_end": "$general.number",
				"fog_color": { "@meta": { "is_color": true } },
				"render_distance_type": "$fog.general.render_distance_types"
			}
		},
		"volumetric": {
			"media_coefficients": {
				"$fog.general.coefficient_types": {
					"scattering": {
						"@meta": {
							"is_color": true
						}
					},
					"absorption": {
						"@meta": {
							"is_color": true
						}
					}
				}
			},
			"density": {
				"$fog.general.density_types": {
					"max_density": "$general.number",
					"max_density_height": "$general.number",
					"zero_density_height": "$general.number",
					"uniform": "$general.boolean"
				}
			}
		}
	}
}
