{
	"$schema": "http://json-schema.org/draft-07/schema",
	"definitions": {
		"block_identifiers": {
			"type": "string",
			"enum": [
				"minecraft:acacia_button",
				"minecraft:acacia_door",
				"minecraft:acacia_fence_gate",
				"minecraft:acacia_pressure_plate",
				"minecraft:acacia_stairs",
				"minecraft:acacia_standing_sign",
				"minecraft:acacia_trapdoor",
				"minecraft:acacia_wall_sign",
				"minecraft:activator_rail",
				"minecraft:air",
				"minecraft:allow",
				"minecraft:ancient_debris",
				"minecraft:andesite_stairs",
				"minecraft:anvil",
				"minecraft:bamboo",
				"minecraft:bamboo_sapling",
				"minecraft:barrel",
				"minecraft:barrier",
				"minecraft:basalt",
				"minecraft:beacon",
				"minecraft:bed",
				"minecraft:bedrock",
				"minecraft:bee_nest",
				"minecraft:beehive",
				"minecraft:beetroot",
				"minecraft:bell",
				"minecraft:birch_button",
				"minecraft:birch_door",
				"minecraft:birch_fence_gate",
				"minecraft:birch_pressure_plate",
				"minecraft:birch_stairs",
				"minecraft:birch_standing_sign",
				"minecraft:birch_trapdoor",
				"minecraft:birch_wall_sign",
				"minecraft:black_glazed_terracotta",
				"minecraft:blackstone",
				"minecraft:blackstone_double_slab",
				"minecraft:blackstone_slab",
				"minecraft:blackstone_stairs",
				"minecraft:blackstone_wall",
				"minecraft:blast_furnace",
				"minecraft:blue_glazed_terracotta",
				"minecraft:blue_ice",
				"minecraft:bone_block",
				"minecraft:bookshelf",
				"minecraft:border_block",
				"minecraft:brewing_stand",
				"minecraft:brick_block",
				"minecraft:brick_stairs",
				"minecraft:brown_glazed_terracotta",
				"minecraft:brown_mushroom",
				"minecraft:brown_mushroom_block",
				"minecraft:bubble_column",
				"minecraft:cactus",
				"minecraft:cake",
				"minecraft:camera",
				"minecraft:campfire",
				"minecraft:carpet",
				"minecraft:carrots",
				"minecraft:cartography_table",
				"minecraft:carved_pumpkin",
				"minecraft:cauldron",
				"minecraft:chain",
				"minecraft:chain_command_block",
				"minecraft:chemical_heat",
				"minecraft:chemistry_table",
				"minecraft:chest",
				"minecraft:chiseled_nether_bricks",
				"minecraft:chiseled_polished_blackstone",
				"minecraft:chorus_flower",
				"minecraft:chorus_plant",
				"minecraft:clay",
				"minecraft:coal_block",
				"minecraft:coal_ore",
				"minecraft:cobblestone",
				"minecraft:cobblestone_wall",
				"minecraft:cocoa",
				"minecraft:colored_torch_bp",
				"minecraft:colored_torch_rg",
				"minecraft:command_block",
				"minecraft:composter",
				"minecraft:concrete",
				"minecraft:concretePowder",
				"minecraft:conduit",
				"minecraft:coral",
				"minecraft:coral_block",
				"minecraft:coral_fan",
				"minecraft:coral_fan_dead",
				"minecraft:coral_fan_hang",
				"minecraft:coral_fan_hang2",
				"minecraft:coral_fan_hang3",
				"minecraft:cracked_nether_bricks",
				"minecraft:cracked_polished_blackstone_bricks",
				"minecraft:crafting_table",
				"minecraft:crimson_button",
				"minecraft:crimson_door",
				"minecraft:crimson_double_slab",
				"minecraft:crimson_fence",
				"minecraft:crimson_fence_gate",
				"minecraft:crimson_fungus",
				"minecraft:crimson_hyphae",
				"minecraft:crimson_nylium",
				"minecraft:crimson_planks",
				"minecraft:crimson_pressure_plate",
				"minecraft:crimson_roots",
				"minecraft:crimson_slab",
				"minecraft:crimson_stairs",
				"minecraft:crimson_standing_sign",
				"minecraft:crimson_stem",
				"minecraft:crimson_trapdoor",
				"minecraft:crimson_wall_sign",
				"minecraft:crying_obsidian",
				"minecraft:cyan_glazed_terracotta",
				"minecraft:dark_oak_button",
				"minecraft:dark_oak_door",
				"minecraft:dark_oak_fence_gate",
				"minecraft:dark_oak_pressure_plate",
				"minecraft:dark_oak_stairs",
				"minecraft:dark_oak_trapdoor",
				"minecraft:dark_prismarine_stairs",
				"minecraft:darkoak_standing_sign",
				"minecraft:darkoak_wall_sign",
				"minecraft:daylight_detector",
				"minecraft:daylight_detector_inverted",
				"minecraft:deadbush",
				"minecraft:deny",
				"minecraft:detector_rail",
				"minecraft:diamond_block",
				"minecraft:diamond_ore",
				"minecraft:diorite_stairs",
				"minecraft:dirt",
				"minecraft:dispenser",
				"minecraft:double_plant",
				"minecraft:double_stone_slab",
				"minecraft:double_stone_slab2",
				"minecraft:double_stone_slab3",
				"minecraft:double_stone_slab4",
				"minecraft:double_wooden_slab",
				"minecraft:dragon_egg",
				"minecraft:dried_kelp_block",
				"minecraft:dropper",
				"minecraft:element_0",
				"minecraft:element_1",
				"minecraft:element_10",
				"minecraft:element_100",
				"minecraft:element_101",
				"minecraft:element_102",
				"minecraft:element_103",
				"minecraft:element_104",
				"minecraft:element_105",
				"minecraft:element_106",
				"minecraft:element_107",
				"minecraft:element_108",
				"minecraft:element_109",
				"minecraft:element_11",
				"minecraft:element_110",
				"minecraft:element_111",
				"minecraft:element_112",
				"minecraft:element_113",
				"minecraft:element_114",
				"minecraft:element_115",
				"minecraft:element_116",
				"minecraft:element_117",
				"minecraft:element_118",
				"minecraft:element_12",
				"minecraft:element_13",
				"minecraft:element_14",
				"minecraft:element_15",
				"minecraft:element_16",
				"minecraft:element_17",
				"minecraft:element_18",
				"minecraft:element_19",
				"minecraft:element_2",
				"minecraft:element_20",
				"minecraft:element_21",
				"minecraft:element_22",
				"minecraft:element_23",
				"minecraft:element_24",
				"minecraft:element_25",
				"minecraft:element_26",
				"minecraft:element_27",
				"minecraft:element_28",
				"minecraft:element_29",
				"minecraft:element_3",
				"minecraft:element_30",
				"minecraft:element_31",
				"minecraft:element_32",
				"minecraft:element_33",
				"minecraft:element_34",
				"minecraft:element_35",
				"minecraft:element_36",
				"minecraft:element_37",
				"minecraft:element_38",
				"minecraft:element_39",
				"minecraft:element_4",
				"minecraft:element_40",
				"minecraft:element_41",
				"minecraft:element_42",
				"minecraft:element_43",
				"minecraft:element_44",
				"minecraft:element_45",
				"minecraft:element_46",
				"minecraft:element_47",
				"minecraft:element_48",
				"minecraft:element_49",
				"minecraft:element_5",
				"minecraft:element_50",
				"minecraft:element_51",
				"minecraft:element_52",
				"minecraft:element_53",
				"minecraft:element_54",
				"minecraft:element_55",
				"minecraft:element_56",
				"minecraft:element_57",
				"minecraft:element_58",
				"minecraft:element_59",
				"minecraft:element_6",
				"minecraft:element_60",
				"minecraft:element_61",
				"minecraft:element_62",
				"minecraft:element_63",
				"minecraft:element_64",
				"minecraft:element_65",
				"minecraft:element_66",
				"minecraft:element_67",
				"minecraft:element_68",
				"minecraft:element_69",
				"minecraft:element_7",
				"minecraft:element_70",
				"minecraft:element_71",
				"minecraft:element_72",
				"minecraft:element_73",
				"minecraft:element_74",
				"minecraft:element_75",
				"minecraft:element_76",
				"minecraft:element_77",
				"minecraft:element_78",
				"minecraft:element_79",
				"minecraft:element_8",
				"minecraft:element_80",
				"minecraft:element_81",
				"minecraft:element_82",
				"minecraft:element_83",
				"minecraft:element_84",
				"minecraft:element_85",
				"minecraft:element_86",
				"minecraft:element_87",
				"minecraft:element_88",
				"minecraft:element_89",
				"minecraft:element_9",
				"minecraft:element_90",
				"minecraft:element_91",
				"minecraft:element_92",
				"minecraft:element_93",
				"minecraft:element_94",
				"minecraft:element_95",
				"minecraft:element_96",
				"minecraft:element_97",
				"minecraft:element_98",
				"minecraft:element_99",
				"minecraft:emerald_block",
				"minecraft:emerald_ore",
				"minecraft:enchanting_table",
				"minecraft:end_brick_stairs",
				"minecraft:end_bricks",
				"minecraft:end_gateway",
				"minecraft:end_portal",
				"minecraft:end_portal_frame",
				"minecraft:end_rod",
				"minecraft:end_stone",
				"minecraft:ender_chest",
				"minecraft:farmland",
				"minecraft:fence",
				"minecraft:fence_gate",
				"minecraft:fire",
				"minecraft:fletching_table",
				"minecraft:flower_pot",
				"minecraft:flowing_lava",
				"minecraft:flowing_water",
				"minecraft:frame",
				"minecraft:frosted_ice",
				"minecraft:furnace",
				"minecraft:gilded_blackstone",
				"minecraft:glass",
				"minecraft:glass_pane",
				"minecraft:glowingobsidian",
				"minecraft:glowstone",
				"minecraft:gold_block",
				"minecraft:gold_ore",
				"minecraft:golden_rail",
				"minecraft:granite_stairs",
				"minecraft:grass",
				"minecraft:grass_path",
				"minecraft:gravel",
				"minecraft:gray_glazed_terracotta",
				"minecraft:green_glazed_terracotta",
				"minecraft:grindstone",
				"minecraft:hard_glass",
				"minecraft:hard_glass_pane",
				"minecraft:hard_stained_glass",
				"minecraft:hard_stained_glass_pane",
				"minecraft:hardened_clay",
				"minecraft:hay_block",
				"minecraft:heavy_weighted_pressure_plate",
				"minecraft:honey_block",
				"minecraft:honeycomb_block",
				"minecraft:hopper",
				"minecraft:ice",
				"minecraft:info_update",
				"minecraft:info_update2",
				"minecraft:invisibleBedrock",
				"minecraft:iron_bars",
				"minecraft:iron_block",
				"minecraft:iron_door",
				"minecraft:iron_ore",
				"minecraft:iron_trapdoor",
				"minecraft:jigsaw",
				"minecraft:jukebox",
				"minecraft:jungle_button",
				"minecraft:jungle_door",
				"minecraft:jungle_fence_gate",
				"minecraft:jungle_pressure_plate",
				"minecraft:jungle_stairs",
				"minecraft:jungle_standing_sign",
				"minecraft:jungle_trapdoor",
				"minecraft:jungle_wall_sign",
				"minecraft:kelp",
				"minecraft:ladder",
				"minecraft:lantern",
				"minecraft:lapis_block",
				"minecraft:lapis_ore",
				"minecraft:lava",
				"minecraft:lava_cauldron",
				"minecraft:leaves",
				"minecraft:leaves2",
				"minecraft:lectern",
				"minecraft:lever",
				"minecraft:light_block",
				"minecraft:light_blue_glazed_terracotta",
				"minecraft:light_weighted_pressure_plate",
				"minecraft:lime_glazed_terracotta",
				"minecraft:lit_blast_furnace",
				"minecraft:lit_furnace",
				"minecraft:lit_pumpkin",
				"minecraft:lit_redstone_lamp",
				"minecraft:lit_redstone_ore",
				"minecraft:lit_smoker",
				"minecraft:lodestone",
				"minecraft:log",
				"minecraft:log2",
				"minecraft:loom",
				"minecraft:magenta_glazed_terracotta",
				"minecraft:magma",
				"minecraft:melon_block",
				"minecraft:melon_stem",
				"minecraft:mob_spawner",
				"minecraft:monster_egg",
				"minecraft:mossy_cobblestone",
				"minecraft:mossy_cobblestone_stairs",
				"minecraft:mossy_stone_brick_stairs",
				"minecraft:movingBlock",
				"minecraft:mycelium",
				"minecraft:nether_brick",
				"minecraft:nether_brick_fence",
				"minecraft:nether_brick_stairs",
				"minecraft:nether_gold_ore",
				"minecraft:nether_sprouts",
				"minecraft:nether_wart",
				"minecraft:nether_wart_block",
				"minecraft:netherite_block",
				"minecraft:netherrack",
				"minecraft:netherreactor",
				"minecraft:normal_stone_stairs",
				"minecraft:noteblock",
				"minecraft:oak_stairs",
				"minecraft:observer",
				"minecraft:obsidian",
				"minecraft:orange_glazed_terracotta",
				"minecraft:packed_ice",
				"minecraft:pink_glazed_terracotta",
				"minecraft:piston",
				"minecraft:pistonArmCollision",
				"minecraft:planks",
				"minecraft:podzol",
				"minecraft:polished_andesite_stairs",
				"minecraft:polished_basalt",
				"minecraft:polished_blackstone",
				"minecraft:polished_blackstone_brick_double_slab",
				"minecraft:polished_blackstone_brick_slab",
				"minecraft:polished_blackstone_brick_stairs",
				"minecraft:polished_blackstone_brick_wall",
				"minecraft:polished_blackstone_bricks",
				"minecraft:polished_blackstone_button",
				"minecraft:polished_blackstone_double_slab",
				"minecraft:polished_blackstone_pressure_plate",
				"minecraft:polished_blackstone_slab",
				"minecraft:polished_blackstone_stairs",
				"minecraft:polished_blackstone_wall",
				"minecraft:polished_diorite_stairs",
				"minecraft:polished_granite_stairs",
				"minecraft:portal",
				"minecraft:potatoes",
				"minecraft:powered_comparator",
				"minecraft:powered_repeater",
				"minecraft:prismarine",
				"minecraft:prismarine_bricks_stairs",
				"minecraft:prismarine_stairs",
				"minecraft:pumpkin",
				"minecraft:pumpkin_stem",
				"minecraft:purple_glazed_terracotta",
				"minecraft:purpur_block",
				"minecraft:purpur_stairs",
				"minecraft:quartz_block",
				"minecraft:quartz_bricks",
				"minecraft:quartz_ore",
				"minecraft:quartz_stairs",
				"minecraft:rail",
				"minecraft:red_flower",
				"minecraft:red_glazed_terracotta",
				"minecraft:red_mushroom",
				"minecraft:red_mushroom_block",
				"minecraft:red_nether_brick",
				"minecraft:red_nether_brick_stairs",
				"minecraft:red_sandstone",
				"minecraft:red_sandstone_stairs",
				"minecraft:redstone_block",
				"minecraft:redstone_lamp",
				"minecraft:redstone_ore",
				"minecraft:redstone_torch",
				"minecraft:redstone_wire",
				"minecraft:reeds",
				"minecraft:repeating_command_block",
				"minecraft:reserved6",
				"minecraft:respawn_anchor",
				"minecraft:sand",
				"minecraft:sandstone",
				"minecraft:sandstone_stairs",
				"minecraft:sapling",
				"minecraft:scaffolding",
				"minecraft:seaLantern",
				"minecraft:sea_pickle",
				"minecraft:seagrass",
				"minecraft:shroomlight",
				"minecraft:shulker_box",
				"minecraft:silver_glazed_terracotta",
				"minecraft:skull",
				"minecraft:slime",
				"minecraft:smithing_table",
				"minecraft:smoker",
				"minecraft:smooth_quartz_stairs",
				"minecraft:smooth_red_sandstone_stairs",
				"minecraft:smooth_sandstone_stairs",
				"minecraft:smooth_stone",
				"minecraft:snow",
				"minecraft:snow_layer",
				"minecraft:soul_campfire",
				"minecraft:soul_fire",
				"minecraft:soul_lantern",
				"minecraft:soul_sand",
				"minecraft:soul_soil",
				"minecraft:soul_torch",
				"minecraft:sponge",
				"minecraft:spruce_button",
				"minecraft:spruce_door",
				"minecraft:spruce_fence_gate",
				"minecraft:spruce_pressure_plate",
				"minecraft:spruce_stairs",
				"minecraft:spruce_standing_sign",
				"minecraft:spruce_trapdoor",
				"minecraft:spruce_wall_sign",
				"minecraft:stained_glass",
				"minecraft:stained_glass_pane",
				"minecraft:stained_hardened_clay",
				"minecraft:standing_banner",
				"minecraft:standing_sign",
				"minecraft:stickyPistonArmCollision",
				"minecraft:sticky_piston",
				"minecraft:stone",
				"minecraft:stone_brick_stairs",
				"minecraft:stone_button",
				"minecraft:stone_pressure_plate",
				"minecraft:stone_slab",
				"minecraft:stone_slab2",
				"minecraft:stone_slab3",
				"minecraft:stone_slab4",
				"minecraft:stone_stairs",
				"minecraft:stonebrick",
				"minecraft:stonecutter",
				"minecraft:stonecutter_block",
				"minecraft:stripped_acacia_log",
				"minecraft:stripped_birch_log",
				"minecraft:stripped_crimson_hyphae",
				"minecraft:stripped_crimson_stem",
				"minecraft:stripped_dark_oak_log",
				"minecraft:stripped_jungle_log",
				"minecraft:stripped_oak_log",
				"minecraft:stripped_spruce_log",
				"minecraft:stripped_warped_hyphae",
				"minecraft:stripped_warped_stem",
				"minecraft:structure_block",
				"minecraft:structure_void",
				"minecraft:sweet_berry_bush",
				"minecraft:tallgrass",
				"minecraft:target",
				"minecraft:tnt",
				"minecraft:torch",
				"minecraft:trapdoor",
				"minecraft:trapped_chest",
				"minecraft:tripWire",
				"minecraft:tripwire_hook",
				"minecraft:turtle_egg",
				"minecraft:twisting_vines",
				"minecraft:underwater_torch",
				"minecraft:undyed_shulker_box",
				"minecraft:unlit_redstone_torch",
				"minecraft:unpowered_comparator",
				"minecraft:unpowered_repeater",
				"minecraft:vine",
				"minecraft:wall_banner",
				"minecraft:wall_sign",
				"minecraft:warped_button",
				"minecraft:warped_door",
				"minecraft:warped_double_slab",
				"minecraft:warped_fence",
				"minecraft:warped_fence_gate",
				"minecraft:warped_fungus",
				"minecraft:warped_hyphae",
				"minecraft:warped_nylium",
				"minecraft:warped_planks",
				"minecraft:warped_pressure_plate",
				"minecraft:warped_roots",
				"minecraft:warped_slab",
				"minecraft:warped_stairs",
				"minecraft:warped_standing_sign",
				"minecraft:warped_stem",
				"minecraft:warped_trapdoor",
				"minecraft:warped_wall_sign",
				"minecraft:warped_wart_block",
				"minecraft:water",
				"minecraft:waterlily",
				"minecraft:web",
				"minecraft:weeping_vines",
				"minecraft:wheat",
				"minecraft:white_glazed_terracotta",
				"minecraft:wither_rose",
				"minecraft:wood",
				"minecraft:wooden_button",
				"minecraft:wooden_door",
				"minecraft:wooden_pressure_plate",
				"minecraft:wooden_slab",
				"minecraft:wool",
				"minecraft:yellow_flower",
				"minecraft:yellow_glazed_terracotta"
			]
		},
		"unprefixed_block_identifiers": {
			"type": "string",
			"enum": [
				"acacia_button",
				"acacia_door",
				"acacia_fence_gate",
				"acacia_pressure_plate",
				"acacia_stairs",
				"acacia_standing_sign",
				"acacia_trapdoor",
				"acacia_wall_sign",
				"activator_rail",
				"air",
				"allow",
				"ancient_debris",
				"andesite_stairs",
				"anvil",
				"bamboo",
				"bamboo_sapling",
				"barrel",
				"barrier",
				"basalt",
				"beacon",
				"bed",
				"bedrock",
				"bee_nest",
				"beehive",
				"beetroot",
				"bell",
				"birch_button",
				"birch_door",
				"birch_fence_gate",
				"birch_pressure_plate",
				"birch_stairs",
				"birch_standing_sign",
				"birch_trapdoor",
				"birch_wall_sign",
				"black_glazed_terracotta",
				"blackstone",
				"blackstone_double_slab",
				"blackstone_slab",
				"blackstone_stairs",
				"blackstone_wall",
				"blast_furnace",
				"blue_glazed_terracotta",
				"blue_ice",
				"bone_block",
				"bookshelf",
				"border_block",
				"brewing_stand",
				"brick_block",
				"brick_stairs",
				"brown_glazed_terracotta",
				"brown_mushroom",
				"brown_mushroom_block",
				"bubble_column",
				"cactus",
				"cake",
				"camera",
				"campfire",
				"carpet",
				"carrots",
				"cartography_table",
				"carved_pumpkin",
				"cauldron",
				"chain",
				"chain_command_block",
				"chemical_heat",
				"chemistry_table",
				"chest",
				"chiseled_nether_bricks",
				"chiseled_polished_blackstone",
				"chorus_flower",
				"chorus_plant",
				"clay",
				"coal_block",
				"coal_ore",
				"cobblestone",
				"cobblestone_wall",
				"cocoa",
				"colored_torch_bp",
				"colored_torch_rg",
				"command_block",
				"composter",
				"concrete",
				"concretePowder",
				"conduit",
				"coral",
				"coral_block",
				"coral_fan",
				"coral_fan_dead",
				"coral_fan_hang",
				"coral_fan_hang2",
				"coral_fan_hang3",
				"cracked_nether_bricks",
				"cracked_polished_blackstone_bricks",
				"crafting_table",
				"crimson_button",
				"crimson_door",
				"crimson_double_slab",
				"crimson_fence",
				"crimson_fence_gate",
				"crimson_fungus",
				"crimson_hyphae",
				"crimson_nylium",
				"crimson_planks",
				"crimson_pressure_plate",
				"crimson_roots",
				"crimson_slab",
				"crimson_stairs",
				"crimson_standing_sign",
				"crimson_stem",
				"crimson_trapdoor",
				"crimson_wall_sign",
				"crying_obsidian",
				"cyan_glazed_terracotta",
				"dark_oak_button",
				"dark_oak_door",
				"dark_oak_fence_gate",
				"dark_oak_pressure_plate",
				"dark_oak_stairs",
				"dark_oak_trapdoor",
				"dark_prismarine_stairs",
				"darkoak_standing_sign",
				"darkoak_wall_sign",
				"daylight_detector",
				"daylight_detector_inverted",
				"deadbush",
				"deny",
				"detector_rail",
				"diamond_block",
				"diamond_ore",
				"diorite_stairs",
				"dirt",
				"dispenser",
				"double_plant",
				"double_stone_slab",
				"double_stone_slab2",
				"double_stone_slab3",
				"double_stone_slab4",
				"double_wooden_slab",
				"dragon_egg",
				"dried_kelp_block",
				"dropper",
				"element_0",
				"element_1",
				"element_10",
				"element_100",
				"element_101",
				"element_102",
				"element_103",
				"element_104",
				"element_105",
				"element_106",
				"element_107",
				"element_108",
				"element_109",
				"element_11",
				"element_110",
				"element_111",
				"element_112",
				"element_113",
				"element_114",
				"element_115",
				"element_116",
				"element_117",
				"element_118",
				"element_12",
				"element_13",
				"element_14",
				"element_15",
				"element_16",
				"element_17",
				"element_18",
				"element_19",
				"element_2",
				"element_20",
				"element_21",
				"element_22",
				"element_23",
				"element_24",
				"element_25",
				"element_26",
				"element_27",
				"element_28",
				"element_29",
				"element_3",
				"element_30",
				"element_31",
				"element_32",
				"element_33",
				"element_34",
				"element_35",
				"element_36",
				"element_37",
				"element_38",
				"element_39",
				"element_4",
				"element_40",
				"element_41",
				"element_42",
				"element_43",
				"element_44",
				"element_45",
				"element_46",
				"element_47",
				"element_48",
				"element_49",
				"element_5",
				"element_50",
				"element_51",
				"element_52",
				"element_53",
				"element_54",
				"element_55",
				"element_56",
				"element_57",
				"element_58",
				"element_59",
				"element_6",
				"element_60",
				"element_61",
				"element_62",
				"element_63",
				"element_64",
				"element_65",
				"element_66",
				"element_67",
				"element_68",
				"element_69",
				"element_7",
				"element_70",
				"element_71",
				"element_72",
				"element_73",
				"element_74",
				"element_75",
				"element_76",
				"element_77",
				"element_78",
				"element_79",
				"element_8",
				"element_80",
				"element_81",
				"element_82",
				"element_83",
				"element_84",
				"element_85",
				"element_86",
				"element_87",
				"element_88",
				"element_89",
				"element_9",
				"element_90",
				"element_91",
				"element_92",
				"element_93",
				"element_94",
				"element_95",
				"element_96",
				"element_97",
				"element_98",
				"element_99",
				"emerald_block",
				"emerald_ore",
				"enchanting_table",
				"end_brick_stairs",
				"end_bricks",
				"end_gateway",
				"end_portal",
				"end_portal_frame",
				"end_rod",
				"end_stone",
				"ender_chest",
				"farmland",
				"fence",
				"fence_gate",
				"fire",
				"fletching_table",
				"flower_pot",
				"flowing_lava",
				"flowing_water",
				"frame",
				"frosted_ice",
				"furnace",
				"gilded_blackstone",
				"glass",
				"glass_pane",
				"glowingobsidian",
				"glowstone",
				"gold_block",
				"gold_ore",
				"golden_rail",
				"granite_stairs",
				"grass",
				"grass_path",
				"gravel",
				"gray_glazed_terracotta",
				"green_glazed_terracotta",
				"grindstone",
				"hard_glass",
				"hard_glass_pane",
				"hard_stained_glass",
				"hard_stained_glass_pane",
				"hardened_clay",
				"hay_block",
				"heavy_weighted_pressure_plate",
				"honey_block",
				"honeycomb_block",
				"hopper",
				"ice",
				"info_update",
				"info_update2",
				"invisibleBedrock",
				"iron_bars",
				"iron_block",
				"iron_door",
				"iron_ore",
				"iron_trapdoor",
				"jigsaw",
				"jukebox",
				"jungle_button",
				"jungle_door",
				"jungle_fence_gate",
				"jungle_pressure_plate",
				"jungle_stairs",
				"jungle_standing_sign",
				"jungle_trapdoor",
				"jungle_wall_sign",
				"kelp",
				"ladder",
				"lantern",
				"lapis_block",
				"lapis_ore",
				"lava",
				"lava_cauldron",
				"leaves",
				"leaves2",
				"lectern",
				"lever",
				"light_block",
				"light_blue_glazed_terracotta",
				"light_weighted_pressure_plate",
				"lime_glazed_terracotta",
				"lit_blast_furnace",
				"lit_furnace",
				"lit_pumpkin",
				"lit_redstone_lamp",
				"lit_redstone_ore",
				"lit_smoker",
				"lodestone",
				"log",
				"log2",
				"loom",
				"magenta_glazed_terracotta",
				"magma",
				"melon_block",
				"melon_stem",
				"mob_spawner",
				"monster_egg",
				"mossy_cobblestone",
				"mossy_cobblestone_stairs",
				"mossy_stone_brick_stairs",
				"movingBlock",
				"mycelium",
				"nether_brick",
				"nether_brick_fence",
				"nether_brick_stairs",
				"nether_gold_ore",
				"nether_sprouts",
				"nether_wart",
				"nether_wart_block",
				"netherite_block",
				"netherrack",
				"netherreactor",
				"normal_stone_stairs",
				"noteblock",
				"oak_stairs",
				"observer",
				"obsidian",
				"orange_glazed_terracotta",
				"packed_ice",
				"pink_glazed_terracotta",
				"piston",
				"pistonArmCollision",
				"planks",
				"podzol",
				"polished_andesite_stairs",
				"polished_basalt",
				"polished_blackstone",
				"polished_blackstone_brick_double_slab",
				"polished_blackstone_brick_slab",
				"polished_blackstone_brick_stairs",
				"polished_blackstone_brick_wall",
				"polished_blackstone_bricks",
				"polished_blackstone_button",
				"polished_blackstone_double_slab",
				"polished_blackstone_pressure_plate",
				"polished_blackstone_slab",
				"polished_blackstone_stairs",
				"polished_blackstone_wall",
				"polished_diorite_stairs",
				"polished_granite_stairs",
				"portal",
				"potatoes",
				"powered_comparator",
				"powered_repeater",
				"prismarine",
				"prismarine_bricks_stairs",
				"prismarine_stairs",
				"pumpkin",
				"pumpkin_stem",
				"purple_glazed_terracotta",
				"purpur_block",
				"purpur_stairs",
				"quartz_block",
				"quartz_bricks",
				"quartz_ore",
				"quartz_stairs",
				"rail",
				"red_flower",
				"red_glazed_terracotta",
				"red_mushroom",
				"red_mushroom_block",
				"red_nether_brick",
				"red_nether_brick_stairs",
				"red_sandstone",
				"red_sandstone_stairs",
				"redstone_block",
				"redstone_lamp",
				"redstone_ore",
				"redstone_torch",
				"redstone_wire",
				"reeds",
				"repeating_command_block",
				"reserved6",
				"respawn_anchor",
				"sand",
				"sandstone",
				"sandstone_stairs",
				"sapling",
				"scaffolding",
				"seaLantern",
				"sea_pickle",
				"seagrass",
				"shroomlight",
				"shulker_box",
				"silver_glazed_terracotta",
				"skull",
				"slime",
				"smithing_table",
				"smoker",
				"smooth_quartz_stairs",
				"smooth_red_sandstone_stairs",
				"smooth_sandstone_stairs",
				"smooth_stone",
				"snow",
				"snow_layer",
				"soul_campfire",
				"soul_fire",
				"soul_lantern",
				"soul_sand",
				"soul_soil",
				"soul_torch",
				"sponge",
				"spruce_button",
				"spruce_door",
				"spruce_fence_gate",
				"spruce_pressure_plate",
				"spruce_stairs",
				"spruce_standing_sign",
				"spruce_trapdoor",
				"spruce_wall_sign",
				"stained_glass",
				"stained_glass_pane",
				"stained_hardened_clay",
				"standing_banner",
				"standing_sign",
				"stickyPistonArmCollision",
				"sticky_piston",
				"stone",
				"stone_brick_stairs",
				"stone_button",
				"stone_pressure_plate",
				"stone_slab",
				"stone_slab2",
				"stone_slab3",
				"stone_slab4",
				"stone_stairs",
				"stonebrick",
				"stonecutter",
				"stonecutter_block",
				"stripped_acacia_log",
				"stripped_birch_log",
				"stripped_crimson_hyphae",
				"stripped_crimson_stem",
				"stripped_dark_oak_log",
				"stripped_jungle_log",
				"stripped_oak_log",
				"stripped_spruce_log",
				"stripped_warped_hyphae",
				"stripped_warped_stem",
				"structure_block",
				"structure_void",
				"sweet_berry_bush",
				"tallgrass",
				"target",
				"tnt",
				"torch",
				"trapdoor",
				"trapped_chest",
				"tripWire",
				"tripwire_hook",
				"turtle_egg",
				"twisting_vines",
				"underwater_torch",
				"undyed_shulker_box",
				"unlit_redstone_torch",
				"unpowered_comparator",
				"unpowered_repeater",
				"vine",
				"wall_banner",
				"wall_sign",
				"warped_button",
				"warped_door",
				"warped_double_slab",
				"warped_fence",
				"warped_fence_gate",
				"warped_fungus",
				"warped_hyphae",
				"warped_nylium",
				"warped_planks",
				"warped_pressure_plate",
				"warped_roots",
				"warped_slab",
				"warped_stairs",
				"warped_standing_sign",
				"warped_stem",
				"warped_trapdoor",
				"warped_wall_sign",
				"warped_wart_block",
				"water",
				"waterlily",
				"web",
				"weeping_vines",
				"wheat",
				"white_glazed_terracotta",
				"wither_rose",
				"wood",
				"wooden_button",
				"wooden_door",
				"wooden_pressure_plate",
				"wooden_slab",
				"wool",
				"yellow_flower",
				"yellow_glazed_terracotta"
			]
		},
		"item_identifiers": {
			"type": "string",
			"enum": [
				"minecraft:acacia_button",
				"minecraft:acacia_door",
				"minecraft:acacia_fence_gate",
				"minecraft:acacia_pressure_plate",
				"minecraft:acacia_sign",
				"minecraft:acacia_stairs",
				"minecraft:acacia_standing_sign",
				"minecraft:acacia_trapdoor",
				"minecraft:acacia_wall_sign",
				"minecraft:activator_rail",
				"minecraft:air",
				"minecraft:allow",
				"minecraft:ancient_debris",
				"minecraft:andesite_stairs",
				"minecraft:anvil",
				"minecraft:apple",
				"minecraft:appleenchanted",
				"minecraft:appleEnchanted",
				"minecraft:armor_stand",
				"minecraft:arrow",
				"minecraft:baked_potato",
				"minecraft:balloon",
				"minecraft:bamboo",
				"minecraft:bamboo_sapling",
				"minecraft:banner",
				"minecraft:banner_pattern",
				"minecraft:barrel",
				"minecraft:barrier",
				"minecraft:basalt",
				"minecraft:beacon",
				"minecraft:bed",
				"minecraft:bedrock",
				"minecraft:bee_nest",
				"minecraft:beef",
				"minecraft:beehive",
				"minecraft:beetroot",
				"minecraft:beetroot_seeds",
				"minecraft:beetroot_soup",
				"minecraft:bell",
				"minecraft:birch_button",
				"minecraft:birch_door",
				"minecraft:birch_fence_gate",
				"minecraft:birch_pressure_plate",
				"minecraft:birch_sign",
				"minecraft:birch_stairs",
				"minecraft:birch_standing_sign",
				"minecraft:birch_trapdoor",
				"minecraft:birch_wall_sign",
				"minecraft:black_glazed_terracotta",
				"minecraft:blackstone",
				"minecraft:blackstone_double_slab",
				"minecraft:blackstone_slab",
				"minecraft:blackstone_stairs",
				"minecraft:blackstone_wall",
				"minecraft:blast_furnace",
				"minecraft:blaze_powder",
				"minecraft:blaze_rod",
				"minecraft:bleach",
				"minecraft:blue_glazed_terracotta",
				"minecraft:blue_ice",
				"minecraft:boat",
				"minecraft:bone",
				"minecraft:bone_block",
				"minecraft:book",
				"minecraft:bookshelf",
				"minecraft:border_block",
				"minecraft:bow",
				"minecraft:bowl",
				"minecraft:bread",
				"minecraft:brewing_stand",
				"minecraft:brewingstandblock",
				"minecraft:brick",
				"minecraft:brick_block",
				"minecraft:brick_stairs",
				"minecraft:brown_glazed_terracotta",
				"minecraft:brown_mushroom",
				"minecraft:brown_mushroom_block",
				"minecraft:bubble_column",
				"minecraft:bucket",
				"minecraft:cactus",
				"minecraft:cake",
				"minecraft:camera",
				"minecraft:campfire",
				"minecraft:carpet",
				"minecraft:carrot",
				"minecraft:carrotonastick",
				"minecraft:carrotOnAStick",
				"minecraft:carrots",
				"minecraft:cartography_table",
				"minecraft:carved_pumpkin",
				"minecraft:cauldron",
				"minecraft:chain",
				"minecraft:chain_command_block",
				"minecraft:chainmail_boots",
				"minecraft:chainmail_chestplate",
				"minecraft:chainmail_helmet",
				"minecraft:chainmail_leggings",
				"minecraft:chemical_heat",
				"minecraft:chemistry_table",
				"minecraft:chest",
				"minecraft:chest_minecart",
				"minecraft:chicken",
				"minecraft:chiseled_nether_bricks",
				"minecraft:chiseled_polished_blackstone",
				"minecraft:chorus_flower",
				"minecraft:chorus_fruit",
				"minecraft:chorus_fruit_popped",
				"minecraft:chorus_plant",
				"minecraft:clay",
				"minecraft:clay_ball",
				"minecraft:clock",
				"minecraft:clownfish",
				"minecraft:coal",
				"minecraft:coal_block",
				"minecraft:coal_ore",
				"minecraft:cobblestone",
				"minecraft:cobblestone_wall",
				"minecraft:cocoa",
				"minecraft:colored_torch_bp",
				"minecraft:colored_torch_rg",
				"minecraft:command_block",
				"minecraft:command_block_minecart",
				"minecraft:comparator",
				"minecraft:compass",
				"minecraft:composter",
				"minecraft:compound",
				"minecraft:concrete",
				"minecraft:concrete_powder",
				"minecraft:conduit",
				"minecraft:cooked_beef",
				"minecraft:cooked_chicken",
				"minecraft:cooked_fish",
				"minecraft:cooked_porkchop",
				"minecraft:cooked_rabbit",
				"minecraft:cooked_salmon",
				"minecraft:cookie",
				"minecraft:coral",
				"minecraft:coral_block",
				"minecraft:coral_fan",
				"minecraft:coral_fan_dead",
				"minecraft:coral_fan_hang",
				"minecraft:coral_fan_hang2",
				"minecraft:coral_fan_hang3",
				"minecraft:cracked_nether_bricks",
				"minecraft:cracked_polished_blackstone_bricks",
				"minecraft:crafting_table",
				"minecraft:crimson_button",
				"minecraft:crimson_door",
				"minecraft:crimson_double_slab",
				"minecraft:crimson_fence",
				"minecraft:crimson_fence_gate",
				"minecraft:crimson_fungus",
				"minecraft:crimson_hyphae",
				"minecraft:crimson_nylium",
				"minecraft:crimson_planks",
				"minecraft:crimson_pressure_plate",
				"minecraft:crimson_roots",
				"minecraft:crimson_sign",
				"minecraft:crimson_slab",
				"minecraft:crimson_stairs",
				"minecraft:crimson_standing_sign",
				"minecraft:crimson_stem",
				"minecraft:crimson_trapdoor",
				"minecraft:crimson_wall_sign",
				"minecraft:crossbow",
				"minecraft:crying_obsidian",
				"minecraft:cyan_glazed_terracotta",
				"minecraft:dark_oak_button",
				"minecraft:dark_oak_door",
				"minecraft:dark_oak_fence_gate",
				"minecraft:dark_oak_pressure_plate",
				"minecraft:dark_oak_stairs",
				"minecraft:dark_oak_trapdoor",
				"minecraft:dark_prismarine_stairs",
				"minecraft:darkoak_sign",
				"minecraft:darkoak_standing_sign",
				"minecraft:darkoak_wall_sign",
				"minecraft:daylight_detector",
				"minecraft:daylight_detector_inverted",
				"minecraft:deadbush",
				"minecraft:deny",
				"minecraft:detector_rail",
				"minecraft:diamond",
				"minecraft:diamond_axe",
				"minecraft:diamond_block",
				"minecraft:diamond_boots",
				"minecraft:diamond_chestplate",
				"minecraft:diamond_helmet",
				"minecraft:diamond_hoe",
				"minecraft:diamond_leggings",
				"minecraft:diamond_ore",
				"minecraft:diamond_pickaxe",
				"minecraft:diamond_shovel",
				"minecraft:diamond_sword",
				"minecraft:diorite_stairs",
				"minecraft:dirt",
				"minecraft:dispenser",
				"minecraft:double_plant",
				"minecraft:double_stone_slab",
				"minecraft:double_stone_slab2",
				"minecraft:double_stone_slab3",
				"minecraft:double_stone_slab4",
				"minecraft:double_wooden_slab",
				"minecraft:dragon_breath",
				"minecraft:dragon_egg",
				"minecraft:dried_kelp",
				"minecraft:dried_kelp_block",
				"minecraft:dropper",
				"minecraft:dye",
				"minecraft:egg",
				"minecraft:element_0",
				"minecraft:element_1",
				"minecraft:element_10",
				"minecraft:element_100",
				"minecraft:element_101",
				"minecraft:element_102",
				"minecraft:element_103",
				"minecraft:element_104",
				"minecraft:element_105",
				"minecraft:element_106",
				"minecraft:element_107",
				"minecraft:element_108",
				"minecraft:element_109",
				"minecraft:element_11",
				"minecraft:element_110",
				"minecraft:element_111",
				"minecraft:element_112",
				"minecraft:element_113",
				"minecraft:element_114",
				"minecraft:element_115",
				"minecraft:element_116",
				"minecraft:element_117",
				"minecraft:element_118",
				"minecraft:element_12",
				"minecraft:element_13",
				"minecraft:element_14",
				"minecraft:element_15",
				"minecraft:element_16",
				"minecraft:element_17",
				"minecraft:element_18",
				"minecraft:element_19",
				"minecraft:element_2",
				"minecraft:element_20",
				"minecraft:element_21",
				"minecraft:element_22",
				"minecraft:element_23",
				"minecraft:element_24",
				"minecraft:element_25",
				"minecraft:element_26",
				"minecraft:element_27",
				"minecraft:element_28",
				"minecraft:element_29",
				"minecraft:element_3",
				"minecraft:element_30",
				"minecraft:element_31",
				"minecraft:element_32",
				"minecraft:element_33",
				"minecraft:element_34",
				"minecraft:element_35",
				"minecraft:element_36",
				"minecraft:element_37",
				"minecraft:element_38",
				"minecraft:element_39",
				"minecraft:element_4",
				"minecraft:element_40",
				"minecraft:element_41",
				"minecraft:element_42",
				"minecraft:element_43",
				"minecraft:element_44",
				"minecraft:element_45",
				"minecraft:element_46",
				"minecraft:element_47",
				"minecraft:element_48",
				"minecraft:element_49",
				"minecraft:element_5",
				"minecraft:element_50",
				"minecraft:element_51",
				"minecraft:element_52",
				"minecraft:element_53",
				"minecraft:element_54",
				"minecraft:element_55",
				"minecraft:element_56",
				"minecraft:element_57",
				"minecraft:element_58",
				"minecraft:element_59",
				"minecraft:element_6",
				"minecraft:element_60",
				"minecraft:element_61",
				"minecraft:element_62",
				"minecraft:element_63",
				"minecraft:element_64",
				"minecraft:element_65",
				"minecraft:element_66",
				"minecraft:element_67",
				"minecraft:element_68",
				"minecraft:element_69",
				"minecraft:element_7",
				"minecraft:element_70",
				"minecraft:element_71",
				"minecraft:element_72",
				"minecraft:element_73",
				"minecraft:element_74",
				"minecraft:element_75",
				"minecraft:element_76",
				"minecraft:element_77",
				"minecraft:element_78",
				"minecraft:element_79",
				"minecraft:element_8",
				"minecraft:element_80",
				"minecraft:element_81",
				"minecraft:element_82",
				"minecraft:element_83",
				"minecraft:element_84",
				"minecraft:element_85",
				"minecraft:element_86",
				"minecraft:element_87",
				"minecraft:element_88",
				"minecraft:element_89",
				"minecraft:element_9",
				"minecraft:element_90",
				"minecraft:element_91",
				"minecraft:element_92",
				"minecraft:element_93",
				"minecraft:element_94",
				"minecraft:element_95",
				"minecraft:element_96",
				"minecraft:element_97",
				"minecraft:element_98",
				"minecraft:element_99",
				"minecraft:elytra",
				"minecraft:emerald",
				"minecraft:emerald_block",
				"minecraft:emerald_ore",
				"minecraft:emptymap",
				"minecraft:enchanted_book",
				"minecraft:enchanting_table",
				"minecraft:end_brick_stairs",
				"minecraft:end_bricks",
				"minecraft:end_crystal",
				"minecraft:end_gateway",
				"minecraft:end_portal",
				"minecraft:end_portal_frame",
				"minecraft:end_rod",
				"minecraft:end_stone",
				"minecraft:ender_chest",
				"minecraft:ender_eye",
				"minecraft:ender_pearl",
				"minecraft:experience_bottle",
				"minecraft:farmland",
				"minecraft:feather",
				"minecraft:fence",
				"minecraft:fence_gate",
				"minecraft:fermented_spider_eye",
				"minecraft:fire",
				"minecraft:fireball",
				"minecraft:fireworks",
				"minecraft:fireworkscharge",
				"minecraft:fish",
				"minecraft:fishing_rod",
				"minecraft:fletching_table",
				"minecraft:flint",
				"minecraft:flint_and_steel",
				"minecraft:flower_pot",
				"minecraft:flowing_lava",
				"minecraft:flowing_water",
				"minecraft:frame",
				"minecraft:frosted_ice",
				"minecraft:furnace",
				"minecraft:ghast_tear",
				"minecraft:gilded_blackstone",
				"minecraft:glass",
				"minecraft:glass_bottle",
				"minecraft:glass_pane",
				"minecraft:glow_stick",
				"minecraft:glowingobsidian",
				"minecraft:glowstone",
				"minecraft:glowstone_dust",
				"minecraft:gold_block",
				"minecraft:gold_ingot",
				"minecraft:gold_nugget",
				"minecraft:gold_ore",
				"minecraft:golden_apple",
				"minecraft:golden_axe",
				"minecraft:golden_boots",
				"minecraft:golden_carrot",
				"minecraft:golden_chestplate",
				"minecraft:golden_helmet",
				"minecraft:golden_hoe",
				"minecraft:golden_leggings",
				"minecraft:golden_pickaxe",
				"minecraft:golden_rail",
				"minecraft:golden_shovel",
				"minecraft:golden_sword",
				"minecraft:granite_stairs",
				"minecraft:grass",
				"minecraft:grass_path",
				"minecraft:gravel",
				"minecraft:gray_glazed_terracotta",
				"minecraft:green_glazed_terracotta",
				"minecraft:grindstone",
				"minecraft:gunpowder",
				"minecraft:hard_glass",
				"minecraft:hard_glass_pane",
				"minecraft:hard_stained_glass",
				"minecraft:hard_stained_glass_pane",
				"minecraft:hardened_clay",
				"minecraft:hay_block",
				"minecraft:heart_of_the_sea",
				"minecraft:heavy_weighted_pressure_plate",
				"minecraft:honey_block",
				"minecraft:honey_bottle",
				"minecraft:honeycomb",
				"minecraft:honeycomb_block",
				"minecraft:hopper",
				"minecraft:hopper_minecart",
				"minecraft:horsearmordiamond",
				"minecraft:horsearmorgold",
				"minecraft:horsearmoriron",
				"minecraft:horsearmorleather",
				"minecraft:ice",
				"minecraft:ice_bomb",
				"minecraft:info_update",
				"minecraft:info_update2",
				"minecraft:invisiblebedrock",
				"minecraft:iron_axe",
				"minecraft:iron_bars",
				"minecraft:iron_block",
				"minecraft:iron_boots",
				"minecraft:iron_chestplate",
				"minecraft:iron_door",
				"minecraft:iron_helmet",
				"minecraft:iron_hoe",
				"minecraft:iron_ingot",
				"minecraft:iron_leggings",
				"minecraft:iron_nugget",
				"minecraft:iron_ore",
				"minecraft:iron_pickaxe",
				"minecraft:iron_shovel",
				"minecraft:iron_sword",
				"minecraft:iron_trapdoor",
				"minecraft:item.acacia_door",
				"minecraft:item.bed",
				"minecraft:item.beetroot",
				"minecraft:item.birch_door",
				"minecraft:item.cake",
				"minecraft:item.camera",
				"minecraft:item.campfire",
				"minecraft:item.cauldron",
				"minecraft:item.chain",
				"minecraft:item.crimson_door",
				"minecraft:item.dark_oak_door",
				"minecraft:item.flower_pot",
				"minecraft:item.frame",
				"minecraft:item.hopper",
				"minecraft:item.iron_door",
				"minecraft:item.jungle_door",
				"minecraft:item.kelp",
				"minecraft:item.nether_sprouts",
				"minecraft:item.nether_wart",
				"minecraft:item.reeds",
				"minecraft:item.skull",
				"minecraft:item.soul_campfire",
				"minecraft:item.spruce_door",
				"minecraft:item.warped_door",
				"minecraft:item.wheat",
				"minecraft:item.wooden_door",
				"minecraft:jigsaw",
				"minecraft:jukebox",
				"minecraft:jungle_button",
				"minecraft:jungle_door",
				"minecraft:jungle_fence_gate",
				"minecraft:jungle_pressure_plate",
				"minecraft:jungle_sign",
				"minecraft:jungle_stairs",
				"minecraft:jungle_standing_sign",
				"minecraft:jungle_trapdoor",
				"minecraft:jungle_wall_sign",
				"minecraft:kelp",
				"minecraft:ladder",
				"minecraft:lantern",
				"minecraft:lapis_block",
				"minecraft:lapis_ore",
				"minecraft:lava",
				"minecraft:lava_cauldron",
				"minecraft:lead",
				"minecraft:leather",
				"minecraft:leather_boots",
				"minecraft:leather_chestplate",
				"minecraft:leather_helmet",
				"minecraft:leather_leggings",
				"minecraft:leaves",
				"minecraft:leaves2",
				"minecraft:lectern",
				"minecraft:lever",
				"minecraft:light_block",
				"minecraft:light_blue_glazed_terracotta",
				"minecraft:light_weighted_pressure_plate",
				"minecraft:lime_glazed_terracotta",
				"minecraft:lingering_potion",
				"minecraft:lit_blast_furnace",
				"minecraft:lit_furnace",
				"minecraft:lit_pumpkin",
				"minecraft:lit_redstone_lamp",
				"minecraft:lit_redstone_ore",
				"minecraft:lit_smoker",
				"minecraft:lodestone",
				"minecraft:lodestonecompass",
				"minecraft:log",
				"minecraft:log2",
				"minecraft:loom",
				"minecraft:magenta_glazed_terracotta",
				"minecraft:magma",
				"minecraft:magma_cream",
				"minecraft:map",
				"minecraft:medicine",
				"minecraft:melon",
				"minecraft:melon_block",
				"minecraft:melon_seeds",
				"minecraft:melon_stem",
				"minecraft:minecart",
				"minecraft:mob_spawner",
				"minecraft:monster_egg",
				"minecraft:mossy_cobblestone",
				"minecraft:mossy_cobblestone_stairs",
				"minecraft:mossy_stone_brick_stairs",
				"minecraft:movingblock",
				"minecraft:mushroom_stew",
				"minecraft:muttoncooked",
				"minecraft:muttonraw",
				"minecraft:muttonCooked",
				"minecraft:muttonRaw",
				"minecraft:mycelium",
				"minecraft:name_tag",
				"minecraft:nautilus_shell",
				"minecraft:nether_brick",
				"minecraft:nether_brick_fence",
				"minecraft:nether_brick_stairs",
				"minecraft:nether_gold_ore",
				"minecraft:nether_sprouts",
				"minecraft:nether_wart",
				"minecraft:nether_wart_block",
				"minecraft:netherbrick",
				"minecraft:netherite_axe",
				"minecraft:netherite_block",
				"minecraft:netherite_boots",
				"minecraft:netherite_chestplate",
				"minecraft:netherite_helmet",
				"minecraft:netherite_hoe",
				"minecraft:netherite_ingot",
				"minecraft:netherite_leggings",
				"minecraft:netherite_pickaxe",
				"minecraft:netherite_scrap",
				"minecraft:netherite_shovel",
				"minecraft:netherite_sword",
				"minecraft:netherrack",
				"minecraft:netherreactor",
				"minecraft:netherstar",
				"minecraft:normal_stone_stairs",
				"minecraft:noteblock",
				"minecraft:oak_stairs",
				"minecraft:observer",
				"minecraft:obsidian",
				"minecraft:orange_glazed_terracotta",
				"minecraft:packed_ice",
				"minecraft:painting",
				"minecraft:paper",
				"minecraft:phantom_membrane",
				"minecraft:pink_glazed_terracotta",
				"minecraft:piston",
				"minecraft:pistonarmcollision",
				"minecraft:planks",
				"minecraft:podzol",
				"minecraft:poisonous_potato",
				"minecraft:polished_andesite_stairs",
				"minecraft:polished_basalt",
				"minecraft:polished_blackstone",
				"minecraft:polished_blackstone_brick_double_slab",
				"minecraft:polished_blackstone_brick_slab",
				"minecraft:polished_blackstone_brick_stairs",
				"minecraft:polished_blackstone_brick_wall",
				"minecraft:polished_blackstone_bricks",
				"minecraft:polished_blackstone_button",
				"minecraft:polished_blackstone_double_slab",
				"minecraft:polished_blackstone_pressure_plate",
				"minecraft:polished_blackstone_slab",
				"minecraft:polished_blackstone_stairs",
				"minecraft:polished_blackstone_wall",
				"minecraft:polished_diorite_stairs",
				"minecraft:polished_granite_stairs",
				"minecraft:porkchop",
				"minecraft:portal",
				"minecraft:potato",
				"minecraft:potatoes",
				"minecraft:potion",
				"minecraft:powered_comparator",
				"minecraft:powered_repeater",
				"minecraft:prismarine",
				"minecraft:prismarine_bricks_stairs",
				"minecraft:prismarine_crystals",
				"minecraft:prismarine_shard",
				"minecraft:prismarine_stairs",
				"minecraft:pufferfish",
				"minecraft:pumpkin",
				"minecraft:pumpkin_pie",
				"minecraft:pumpkin_seeds",
				"minecraft:pumpkin_stem",
				"minecraft:purple_glazed_terracotta",
				"minecraft:purpur_block",
				"minecraft:purpur_stairs",
				"minecraft:quartz",
				"minecraft:quartz_block",
				"minecraft:quartz_bricks",
				"minecraft:quartz_ore",
				"minecraft:quartz_stairs",
				"minecraft:rabbit",
				"minecraft:rabbit_foot",
				"minecraft:rabbit_hide",
				"minecraft:rabbit_stew",
				"minecraft:rail",
				"minecraft:rapid_fertilizer",
				"minecraft:real_double_stone_slab",
				"minecraft:real_double_stone_slab2",
				"minecraft:real_double_stone_slab3",
				"minecraft:real_double_stone_slab4",
				"minecraft:record_11",
				"minecraft:record_13",
				"minecraft:record_blocks",
				"minecraft:record_cat",
				"minecraft:record_chirp",
				"minecraft:record_far",
				"minecraft:record_mall",
				"minecraft:record_mellohi",
				"minecraft:record_pigstep",
				"minecraft:record_stal",
				"minecraft:record_strad",
				"minecraft:record_wait",
				"minecraft:record_ward",
				"minecraft:red_flower",
				"minecraft:red_glazed_terracotta",
				"minecraft:red_mushroom",
				"minecraft:red_mushroom_block",
				"minecraft:red_nether_brick",
				"minecraft:red_nether_brick_stairs",
				"minecraft:red_sandstone",
				"minecraft:red_sandstone_stairs",
				"minecraft:redstone",
				"minecraft:redstone_block",
				"minecraft:redstone_lamp",
				"minecraft:redstone_ore",
				"minecraft:redstone_torch",
				"minecraft:redstone_wire",
				"minecraft:reeds",
				"minecraft:repeater",
				"minecraft:repeating_command_block",
				"minecraft:reserved6",
				"minecraft:respawn_anchor",
				"minecraft:rotten_flesh",
				"minecraft:saddle",
				"minecraft:salmon",
				"minecraft:sand",
				"minecraft:sandstone",
				"minecraft:sandstone_stairs",
				"minecraft:sapling",
				"minecraft:scaffolding",
				"minecraft:sea_pickle",
				"minecraft:seagrass",
				"minecraft:sealantern",
				"minecraft:shears",
				"minecraft:shield",
				"minecraft:shroomlight",
				"minecraft:shulker_box",
				"minecraft:shulker_shell",
				"minecraft:sign",
				"minecraft:silver_glazed_terracotta",
				"minecraft:skull",
				"minecraft:slime",
				"minecraft:slime_ball",
				"minecraft:smithing_table",
				"minecraft:smoker",
				"minecraft:smooth_quartz_stairs",
				"minecraft:smooth_red_sandstone_stairs",
				"minecraft:smooth_sandstone_stairs",
				"minecraft:smooth_stone",
				"minecraft:snow",
				"minecraft:snow_layer",
				"minecraft:snowball",
				"minecraft:soul_campfire",
				"minecraft:soul_fire",
				"minecraft:soul_lantern",
				"minecraft:soul_sand",
				"minecraft:soul_soil",
				"minecraft:soul_torch",
				"minecraft:sparkler",
				"minecraft:spawn_egg",
				"minecraft:speckled_melon",
				"minecraft:spider_eye",
				"minecraft:splash_potion",
				"minecraft:sponge",
				"minecraft:spruce_button",
				"minecraft:spruce_door",
				"minecraft:spruce_fence_gate",
				"minecraft:spruce_pressure_plate",
				"minecraft:spruce_sign",
				"minecraft:spruce_stairs",
				"minecraft:spruce_standing_sign",
				"minecraft:spruce_trapdoor",
				"minecraft:spruce_wall_sign",
				"minecraft:stained_glass",
				"minecraft:stained_glass_pane",
				"minecraft:stained_hardened_clay",
				"minecraft:standing_banner",
				"minecraft:standing_sign",
				"minecraft:stick",
				"minecraft:sticky_piston",
				"minecraft:stickypistonarmcollision",
				"minecraft:stone",
				"minecraft:stone_axe",
				"minecraft:stone_brick_stairs",
				"minecraft:stone_button",
				"minecraft:stone_hoe",
				"minecraft:stone_pickaxe",
				"minecraft:stone_pressure_plate",
				"minecraft:stone_shovel",
				"minecraft:stone_stairs",
				"minecraft:stone_sword",
				"minecraft:stonebrick",
				"minecraft:stonecutter",
				"minecraft:stonecutter_block",
				"minecraft:string",
				"minecraft:stripped_acacia_log",
				"minecraft:stripped_birch_log",
				"minecraft:stripped_crimson_hyphae",
				"minecraft:stripped_crimson_stem",
				"minecraft:stripped_dark_oak_log",
				"minecraft:stripped_jungle_log",
				"minecraft:stripped_oak_log",
				"minecraft:stripped_spruce_log",
				"minecraft:stripped_warped_hyphae",
				"minecraft:stripped_warped_stem",
				"minecraft:structure_block",
				"minecraft:structure_void",
				"minecraft:sugar",
				"minecraft:suspicious_stew",
				"minecraft:sweet_berries",
				"minecraft:sweet_berry_bush",
				"minecraft:tallgrass",
				"minecraft:target",
				"minecraft:tnt",
				"minecraft:tnt_minecart",
				"minecraft:torch",
				"minecraft:totem",
				"minecraft:trapdoor",
				"minecraft:trapped_chest",
				"minecraft:trident",
				"minecraft:tripwire",
				"minecraft:tripwire_hook",
				"minecraft:turtle_egg",
				"minecraft:turtle_helmet",
				"minecraft:turtle_shell_piece",
				"minecraft:twisting_vines",
				"minecraft:underwater_torch",
				"minecraft:undyed_shulker_box",
				"minecraft:unlit_redstone_torch",
				"minecraft:unpowered_comparator",
				"minecraft:unpowered_repeater",
				"minecraft:vine",
				"minecraft:wall_banner",
				"minecraft:wall_sign",
				"minecraft:warped_button",
				"minecraft:warped_door",
				"minecraft:warped_double_slab",
				"minecraft:warped_fence",
				"minecraft:warped_fence_gate",
				"minecraft:warped_fungus",
				"minecraft:warped_fungus_on_a_stick",
				"minecraft:warped_hyphae",
				"minecraft:warped_nylium",
				"minecraft:warped_planks",
				"minecraft:warped_pressure_plate",
				"minecraft:warped_roots",
				"minecraft:warped_sign",
				"minecraft:warped_slab",
				"minecraft:warped_stairs",
				"minecraft:warped_standing_sign",
				"minecraft:warped_stem",
				"minecraft:warped_trapdoor",
				"minecraft:warped_wall_sign",
				"minecraft:warped_wart_block",
				"minecraft:water",
				"minecraft:waterlily",
				"minecraft:web",
				"minecraft:weeping_vines",
				"minecraft:wheat",
				"minecraft:wheat_seeds",
				"minecraft:white_glazed_terracotta",
				"minecraft:wither_rose",
				"minecraft:wood",
				"minecraft:wooden_axe",
				"minecraft:wooden_button",
				"minecraft:wooden_door",
				"minecraft:wooden_hoe",
				"minecraft:wooden_pickaxe",
				"minecraft:wooden_pressure_plate",
				"minecraft:wooden_shovel",
				"minecraft:wooden_slab",
				"minecraft:wooden_sword",
				"minecraft:wool",
				"minecraft:writable_book",
				"minecraft:written_book",
				"minecraft:yellow_flower",
				"minecraft:yellow_glazed_terracotta"
			]
		},
		"unprefixed_item_identifiers": {
			"type": "string",
			"enum": [
				"acacia_button",
				"acacia_door",
				"acacia_fence_gate",
				"acacia_pressure_plate",
				"acacia_sign",
				"acacia_stairs",
				"acacia_standing_sign",
				"acacia_trapdoor",
				"acacia_wall_sign",
				"activator_rail",
				"air",
				"allow",
				"ancient_debris",
				"andesite_stairs",
				"anvil",
				"apple",
				"appleenchanted",
				"appleEnchanted",
				"armor_stand",
				"arrow",
				"baked_potato",
				"balloon",
				"bamboo",
				"bamboo_sapling",
				"banner",
				"banner_pattern",
				"barrel",
				"barrier",
				"basalt",
				"beacon",
				"bed",
				"bedrock",
				"bee_nest",
				"beef",
				"beehive",
				"beetroot",
				"beetroot_seeds",
				"beetroot_soup",
				"bell",
				"birch_button",
				"birch_door",
				"birch_fence_gate",
				"birch_pressure_plate",
				"birch_sign",
				"birch_stairs",
				"birch_standing_sign",
				"birch_trapdoor",
				"birch_wall_sign",
				"black_glazed_terracotta",
				"blackstone",
				"blackstone_double_slab",
				"blackstone_slab",
				"blackstone_stairs",
				"blackstone_wall",
				"blast_furnace",
				"blaze_powder",
				"blaze_rod",
				"bleach",
				"blue_glazed_terracotta",
				"blue_ice",
				"boat",
				"bone",
				"bone_block",
				"book",
				"bookshelf",
				"border_block",
				"bow",
				"bowl",
				"bread",
				"brewing_stand",
				"brewingstandblock",
				"brick",
				"brick_block",
				"brick_stairs",
				"brown_glazed_terracotta",
				"brown_mushroom",
				"brown_mushroom_block",
				"bubble_column",
				"bucket",
				"cactus",
				"cake",
				"camera",
				"campfire",
				"carpet",
				"carrot",
				"carrotonastick",
				"carrotOnAStick",
				"carrots",
				"cartography_table",
				"carved_pumpkin",
				"cauldron",
				"chain",
				"chain_command_block",
				"chainmail_boots",
				"chainmail_chestplate",
				"chainmail_helmet",
				"chainmail_leggings",
				"chemical_heat",
				"chemistry_table",
				"chest",
				"chest_minecart",
				"chicken",
				"chiseled_nether_bricks",
				"chiseled_polished_blackstone",
				"chorus_flower",
				"chorus_fruit",
				"chorus_fruit_popped",
				"chorus_plant",
				"clay",
				"clay_ball",
				"clock",
				"clownfish",
				"coal",
				"coal_block",
				"coal_ore",
				"cobblestone",
				"cobblestone_wall",
				"cocoa",
				"colored_torch_bp",
				"colored_torch_rg",
				"command_block",
				"command_block_minecart",
				"comparator",
				"compass",
				"composter",
				"compound",
				"concrete",
				"concrete_powder",
				"conduit",
				"cooked_beef",
				"cooked_chicken",
				"cooked_fish",
				"cooked_porkchop",
				"cooked_rabbit",
				"cooked_salmon",
				"cookie",
				"coral",
				"coral_block",
				"coral_fan",
				"coral_fan_dead",
				"coral_fan_hang",
				"coral_fan_hang2",
				"coral_fan_hang3",
				"cracked_nether_bricks",
				"cracked_polished_blackstone_bricks",
				"crafting_table",
				"crimson_button",
				"crimson_door",
				"crimson_double_slab",
				"crimson_fence",
				"crimson_fence_gate",
				"crimson_fungus",
				"crimson_hyphae",
				"crimson_nylium",
				"crimson_planks",
				"crimson_pressure_plate",
				"crimson_roots",
				"crimson_sign",
				"crimson_slab",
				"crimson_stairs",
				"crimson_standing_sign",
				"crimson_stem",
				"crimson_trapdoor",
				"crimson_wall_sign",
				"crossbow",
				"crying_obsidian",
				"cyan_glazed_terracotta",
				"dark_oak_button",
				"dark_oak_door",
				"dark_oak_fence_gate",
				"dark_oak_pressure_plate",
				"dark_oak_stairs",
				"dark_oak_trapdoor",
				"dark_prismarine_stairs",
				"darkoak_sign",
				"darkoak_standing_sign",
				"darkoak_wall_sign",
				"daylight_detector",
				"daylight_detector_inverted",
				"deadbush",
				"deny",
				"detector_rail",
				"diamond",
				"diamond_axe",
				"diamond_block",
				"diamond_boots",
				"diamond_chestplate",
				"diamond_helmet",
				"diamond_hoe",
				"diamond_leggings",
				"diamond_ore",
				"diamond_pickaxe",
				"diamond_shovel",
				"diamond_sword",
				"diorite_stairs",
				"dirt",
				"dispenser",
				"double_plant",
				"double_stone_slab",
				"double_stone_slab2",
				"double_stone_slab3",
				"double_stone_slab4",
				"double_wooden_slab",
				"dragon_breath",
				"dragon_egg",
				"dried_kelp",
				"dried_kelp_block",
				"dropper",
				"dye",
				"egg",
				"element_0",
				"element_1",
				"element_10",
				"element_100",
				"element_101",
				"element_102",
				"element_103",
				"element_104",
				"element_105",
				"element_106",
				"element_107",
				"element_108",
				"element_109",
				"element_11",
				"element_110",
				"element_111",
				"element_112",
				"element_113",
				"element_114",
				"element_115",
				"element_116",
				"element_117",
				"element_118",
				"element_12",
				"element_13",
				"element_14",
				"element_15",
				"element_16",
				"element_17",
				"element_18",
				"element_19",
				"element_2",
				"element_20",
				"element_21",
				"element_22",
				"element_23",
				"element_24",
				"element_25",
				"element_26",
				"element_27",
				"element_28",
				"element_29",
				"element_3",
				"element_30",
				"element_31",
				"element_32",
				"element_33",
				"element_34",
				"element_35",
				"element_36",
				"element_37",
				"element_38",
				"element_39",
				"element_4",
				"element_40",
				"element_41",
				"element_42",
				"element_43",
				"element_44",
				"element_45",
				"element_46",
				"element_47",
				"element_48",
				"element_49",
				"element_5",
				"element_50",
				"element_51",
				"element_52",
				"element_53",
				"element_54",
				"element_55",
				"element_56",
				"element_57",
				"element_58",
				"element_59",
				"element_6",
				"element_60",
				"element_61",
				"element_62",
				"element_63",
				"element_64",
				"element_65",
				"element_66",
				"element_67",
				"element_68",
				"element_69",
				"element_7",
				"element_70",
				"element_71",
				"element_72",
				"element_73",
				"element_74",
				"element_75",
				"element_76",
				"element_77",
				"element_78",
				"element_79",
				"element_8",
				"element_80",
				"element_81",
				"element_82",
				"element_83",
				"element_84",
				"element_85",
				"element_86",
				"element_87",
				"element_88",
				"element_89",
				"element_9",
				"element_90",
				"element_91",
				"element_92",
				"element_93",
				"element_94",
				"element_95",
				"element_96",
				"element_97",
				"element_98",
				"element_99",
				"elytra",
				"emerald",
				"emerald_block",
				"emerald_ore",
				"emptymap",
				"enchanted_book",
				"enchanting_table",
				"end_brick_stairs",
				"end_bricks",
				"end_crystal",
				"end_gateway",
				"end_portal",
				"end_portal_frame",
				"end_rod",
				"end_stone",
				"ender_chest",
				"ender_eye",
				"ender_pearl",
				"experience_bottle",
				"farmland",
				"feather",
				"fence",
				"fence_gate",
				"fermented_spider_eye",
				"fire",
				"fireball",
				"fireworks",
				"fireworkscharge",
				"fish",
				"fishing_rod",
				"fletching_table",
				"flint",
				"flint_and_steel",
				"flower_pot",
				"flowing_lava",
				"flowing_water",
				"frame",
				"frosted_ice",
				"furnace",
				"ghast_tear",
				"gilded_blackstone",
				"glass",
				"glass_bottle",
				"glass_pane",
				"glow_stick",
				"glowingobsidian",
				"glowstone",
				"glowstone_dust",
				"gold_block",
				"gold_ingot",
				"gold_nugget",
				"gold_ore",
				"golden_apple",
				"golden_axe",
				"golden_boots",
				"golden_carrot",
				"golden_chestplate",
				"golden_helmet",
				"golden_hoe",
				"golden_leggings",
				"golden_pickaxe",
				"golden_rail",
				"golden_shovel",
				"golden_sword",
				"granite_stairs",
				"grass",
				"grass_path",
				"gravel",
				"gray_glazed_terracotta",
				"green_glazed_terracotta",
				"grindstone",
				"gunpowder",
				"hard_glass",
				"hard_glass_pane",
				"hard_stained_glass",
				"hard_stained_glass_pane",
				"hardened_clay",
				"hay_block",
				"heart_of_the_sea",
				"heavy_weighted_pressure_plate",
				"honey_block",
				"honey_bottle",
				"honeycomb",
				"honeycomb_block",
				"hopper",
				"hopper_minecart",
				"horsearmordiamond",
				"horsearmorgold",
				"horsearmoriron",
				"horsearmorleather",
				"ice",
				"ice_bomb",
				"info_update",
				"info_update2",
				"invisiblebedrock",
				"iron_axe",
				"iron_bars",
				"iron_block",
				"iron_boots",
				"iron_chestplate",
				"iron_door",
				"iron_helmet",
				"iron_hoe",
				"iron_ingot",
				"iron_leggings",
				"iron_nugget",
				"iron_ore",
				"iron_pickaxe",
				"iron_shovel",
				"iron_sword",
				"iron_trapdoor",
				"item.acacia_door",
				"item.bed",
				"item.beetroot",
				"item.birch_door",
				"item.cake",
				"item.camera",
				"item.campfire",
				"item.cauldron",
				"item.chain",
				"item.crimson_door",
				"item.dark_oak_door",
				"item.flower_pot",
				"item.frame",
				"item.hopper",
				"item.iron_door",
				"item.jungle_door",
				"item.kelp",
				"item.nether_sprouts",
				"item.nether_wart",
				"item.reeds",
				"item.skull",
				"item.soul_campfire",
				"item.spruce_door",
				"item.warped_door",
				"item.wheat",
				"item.wooden_door",
				"jigsaw",
				"jukebox",
				"jungle_button",
				"jungle_door",
				"jungle_fence_gate",
				"jungle_pressure_plate",
				"jungle_sign",
				"jungle_stairs",
				"jungle_standing_sign",
				"jungle_trapdoor",
				"jungle_wall_sign",
				"kelp",
				"ladder",
				"lantern",
				"lapis_block",
				"lapis_ore",
				"lava",
				"lava_cauldron",
				"lead",
				"leather",
				"leather_boots",
				"leather_chestplate",
				"leather_helmet",
				"leather_leggings",
				"leaves",
				"leaves2",
				"lectern",
				"lever",
				"light_block",
				"light_blue_glazed_terracotta",
				"light_weighted_pressure_plate",
				"lime_glazed_terracotta",
				"lingering_potion",
				"lit_blast_furnace",
				"lit_furnace",
				"lit_pumpkin",
				"lit_redstone_lamp",
				"lit_redstone_ore",
				"lit_smoker",
				"lodestone",
				"lodestonecompass",
				"log",
				"log2",
				"loom",
				"magenta_glazed_terracotta",
				"magma",
				"magma_cream",
				"map",
				"medicine",
				"melon",
				"melon_block",
				"melon_seeds",
				"melon_stem",
				"minecart",
				"mob_spawner",
				"monster_egg",
				"mossy_cobblestone",
				"mossy_cobblestone_stairs",
				"mossy_stone_brick_stairs",
				"movingblock",
				"mushroom_stew",
				"muttoncooked",
				"muttonraw",
				"muttonCooked",
				"muttonRaw",
				"mycelium",
				"name_tag",
				"nautilus_shell",
				"nether_brick",
				"nether_brick_fence",
				"nether_brick_stairs",
				"nether_gold_ore",
				"nether_sprouts",
				"nether_wart",
				"nether_wart_block",
				"netherbrick",
				"netherite_axe",
				"netherite_block",
				"netherite_boots",
				"netherite_chestplate",
				"netherite_helmet",
				"netherite_hoe",
				"netherite_ingot",
				"netherite_leggings",
				"netherite_pickaxe",
				"netherite_scrap",
				"netherite_shovel",
				"netherite_sword",
				"netherrack",
				"netherreactor",
				"netherstar",
				"normal_stone_stairs",
				"noteblock",
				"oak_stairs",
				"observer",
				"obsidian",
				"orange_glazed_terracotta",
				"packed_ice",
				"painting",
				"paper",
				"phantom_membrane",
				"pink_glazed_terracotta",
				"piston",
				"pistonarmcollision",
				"planks",
				"podzol",
				"poisonous_potato",
				"polished_andesite_stairs",
				"polished_basalt",
				"polished_blackstone",
				"polished_blackstone_brick_double_slab",
				"polished_blackstone_brick_slab",
				"polished_blackstone_brick_stairs",
				"polished_blackstone_brick_wall",
				"polished_blackstone_bricks",
				"polished_blackstone_button",
				"polished_blackstone_double_slab",
				"polished_blackstone_pressure_plate",
				"polished_blackstone_slab",
				"polished_blackstone_stairs",
				"polished_blackstone_wall",
				"polished_diorite_stairs",
				"polished_granite_stairs",
				"porkchop",
				"portal",
				"potato",
				"potatoes",
				"potion",
				"powered_comparator",
				"powered_repeater",
				"prismarine",
				"prismarine_bricks_stairs",
				"prismarine_crystals",
				"prismarine_shard",
				"prismarine_stairs",
				"pufferfish",
				"pumpkin",
				"pumpkin_pie",
				"pumpkin_seeds",
				"pumpkin_stem",
				"purple_glazed_terracotta",
				"purpur_block",
				"purpur_stairs",
				"quartz",
				"quartz_block",
				"quartz_bricks",
				"quartz_ore",
				"quartz_stairs",
				"rabbit",
				"rabbit_foot",
				"rabbit_hide",
				"rabbit_stew",
				"rail",
				"rapid_fertilizer",
				"real_double_stone_slab",
				"real_double_stone_slab2",
				"real_double_stone_slab3",
				"real_double_stone_slab4",
				"record_11",
				"record_13",
				"record_blocks",
				"record_cat",
				"record_chirp",
				"record_far",
				"record_mall",
				"record_mellohi",
				"record_pigstep",
				"record_stal",
				"record_strad",
				"record_wait",
				"record_ward",
				"red_flower",
				"red_glazed_terracotta",
				"red_mushroom",
				"red_mushroom_block",
				"red_nether_brick",
				"red_nether_brick_stairs",
				"red_sandstone",
				"red_sandstone_stairs",
				"redstone",
				"redstone_block",
				"redstone_lamp",
				"redstone_ore",
				"redstone_torch",
				"redstone_wire",
				"reeds",
				"repeater",
				"repeating_command_block",
				"reserved6",
				"respawn_anchor",
				"rotten_flesh",
				"saddle",
				"salmon",
				"sand",
				"sandstone",
				"sandstone_stairs",
				"sapling",
				"scaffolding",
				"sea_pickle",
				"seagrass",
				"sealantern",
				"shears",
				"shield",
				"shroomlight",
				"shulker_box",
				"shulker_shell",
				"sign",
				"silver_glazed_terracotta",
				"skull",
				"slime",
				"slime_ball",
				"smithing_table",
				"smoker",
				"smooth_quartz_stairs",
				"smooth_red_sandstone_stairs",
				"smooth_sandstone_stairs",
				"smooth_stone",
				"snow",
				"snow_layer",
				"snowball",
				"soul_campfire",
				"soul_fire",
				"soul_lantern",
				"soul_sand",
				"soul_soil",
				"soul_torch",
				"sparkler",
				"spawn_egg",
				"speckled_melon",
				"spider_eye",
				"splash_potion",
				"sponge",
				"spruce_button",
				"spruce_door",
				"spruce_fence_gate",
				"spruce_pressure_plate",
				"spruce_sign",
				"spruce_stairs",
				"spruce_standing_sign",
				"spruce_trapdoor",
				"spruce_wall_sign",
				"stained_glass",
				"stained_glass_pane",
				"stained_hardened_clay",
				"standing_banner",
				"standing_sign",
				"stick",
				"sticky_piston",
				"stickypistonarmcollision",
				"stone",
				"stone_axe",
				"stone_brick_stairs",
				"stone_button",
				"stone_hoe",
				"stone_pickaxe",
				"stone_pressure_plate",
				"stone_shovel",
				"stone_stairs",
				"stone_sword",
				"stonebrick",
				"stonecutter",
				"stonecutter_block",
				"string",
				"stripped_acacia_log",
				"stripped_birch_log",
				"stripped_crimson_hyphae",
				"stripped_crimson_stem",
				"stripped_dark_oak_log",
				"stripped_jungle_log",
				"stripped_oak_log",
				"stripped_spruce_log",
				"stripped_warped_hyphae",
				"stripped_warped_stem",
				"structure_block",
				"structure_void",
				"sugar",
				"suspicious_stew",
				"sweet_berries",
				"sweet_berry_bush",
				"tallgrass",
				"target",
				"tnt",
				"tnt_minecart",
				"torch",
				"totem",
				"trapdoor",
				"trapped_chest",
				"trident",
				"tripwire",
				"tripwire_hook",
				"turtle_egg",
				"turtle_helmet",
				"turtle_shell_piece",
				"twisting_vines",
				"underwater_torch",
				"undyed_shulker_box",
				"unlit_redstone_torch",
				"unpowered_comparator",
				"unpowered_repeater",
				"vine",
				"wall_banner",
				"wall_sign",
				"warped_button",
				"warped_door",
				"warped_double_slab",
				"warped_fence",
				"warped_fence_gate",
				"warped_fungus",
				"warped_fungus_on_a_stick",
				"warped_hyphae",
				"warped_nylium",
				"warped_planks",
				"warped_pressure_plate",
				"warped_roots",
				"warped_sign",
				"warped_slab",
				"warped_stairs",
				"warped_standing_sign",
				"warped_stem",
				"warped_trapdoor",
				"warped_wall_sign",
				"warped_wart_block",
				"water",
				"waterlily",
				"web",
				"weeping_vines",
				"wheat",
				"wheat_seeds",
				"white_glazed_terracotta",
				"wither_rose",
				"wood",
				"wooden_axe",
				"wooden_button",
				"wooden_door",
				"wooden_hoe",
				"wooden_pickaxe",
				"wooden_pressure_plate",
				"wooden_shovel",
				"wooden_slab",
				"wooden_sword",
				"wool",
				"writable_book",
				"written_book",
				"yellow_flower",
				"yellow_glazed_terracotta"
			]
		},
		"entity_identifiers": {
			"type": "string",
			"enum": [
				"minecraft:agent",
				"minecraft:area_effect_cloud",
				"minecraft:armor_stand",
				"minecraft:arrow",
				"minecraft:balloon",
				"minecraft:bat",
				"minecraft:bee",
				"minecraft:blaze",
				"minecraft:boat",
				"minecraft:cat",
				"minecraft:cave_spider",
				"minecraft:chest_minecart",
				"minecraft:chicken",
				"minecraft:cod",
				"minecraft:command_block_minecart",
				"minecraft:cow",
				"minecraft:creeper",
				"minecraft:dolphin",
				"minecraft:donkey",
				"minecraft:dragon_fireball",
				"minecraft:drowned",
				"minecraft:egg",
				"minecraft:elder_guardian",
				"minecraft:elder_guardian_ghost",
				"minecraft:ender_crystal",
				"minecraft:ender_dragon",
				"minecraft:ender_pearl",
				"minecraft:enderman",
				"minecraft:endermite",
				"minecraft:evocation_fang",
				"minecraft:evocation_illager",
				"minecraft:eye_of_ender_signal",
				"minecraft:falling_block",
				"minecraft:fireball",
				"minecraft:fireworks_rocket",
				"minecraft:fishing_hook",
				"minecraft:fox",
				"minecraft:ghast",
				"minecraft:guardian",
				"minecraft:hoglin",
				"minecraft:hopper_minecart",
				"minecraft:horse",
				"minecraft:husk",
				"minecraft:ice_bomb",
				"minecraft:iron_golem",
				"minecraft:item",
				"minecraft:leash_knot",
				"minecraft:lightning_bolt",
				"minecraft:lingering_potion",
				"minecraft:llama",
				"minecraft:llama_spit",
				"minecraft:magma_cube",
				"minecraft:minecart",
				"minecraft:mooshroom",
				"minecraft:mule",
				"minecraft:npc",
				"minecraft:ocelot",
				"minecraft:painting",
				"minecraft:panda",
				"minecraft:parrot",
				"minecraft:phantom",
				"minecraft:pig",
				"minecraft:piglin",
				"minecraft:pillager",
				"minecraft:player",
				"minecraft:polar_bear",
				"minecraft:pufferfish",
				"minecraft:rabbit",
				"minecraft:ravager",
				"minecraft:salmon",
				"minecraft:sheep",
				"minecraft:shulker",
				"minecraft:shulker_bullet",
				"minecraft:silverfish",
				"minecraft:skeleton",
				"minecraft:skeleton.wither",
				"minecraft:skeleton.stray",
				"minecraft:skeleton_horse",
				"minecraft:slime",
				"minecraft:small_fireball",
				"minecraft:snow_golem",
				"minecraft:snowball",
				"minecraft:spider",
				"minecraft:splash_potion",
				"minecraft:squid",
				"minecraft:stray",
				"minecraft:strider",
				"minecraft:thrown_trident",
				"minecraft:tnt",
				"minecraft:tnt_minecart",
				"minecraft:tripod_camera",
				"minecraft:tropicalfish",
				"minecraft:turtle",
				"minecraft:vex",
				"minecraft:villager",
				"minecraft:villager_v2",
				"minecraft:vindicator",
				"minecraft:wandering_trader",
				"minecraft:witch",
				"minecraft:wither",
				"minecraft:wither_skeleton",
				"minecraft:wither_skull",
				"minecraft:wither_skull_dangerous",
				"minecraft:wolf",
				"minecraft:xp_bottle",
				"minecraft:xp_orb",
				"minecraft:zoglin",
				"minecraft:zombie",
				"minecraft:zombie_horse",
				"minecraft:zombie_pigman",
				"minecraft:zombie_villager",
				"minecraft:zombie_villager_v2"
			]
		},
		"unprefixed_entity_identifiers": {
			"type": "string",
			"enum": [
				"agent",
				"area_effect_cloud",
				"armor_stand",
				"arrow",
				"balloon",
				"bat",
				"bee",
				"blaze",
				"boat",
				"cat",
				"cave_spider",
				"chest_minecart",
				"chicken",
				"cod",
				"command_block_minecart",
				"cow",
				"creeper",
				"dolphin",
				"donkey",
				"dragon_fireball",
				"drowned",
				"egg",
				"elder_guardian",
				"elder_guardian_ghost",
				"ender_crystal",
				"ender_dragon",
				"ender_pearl",
				"enderman",
				"endermite",
				"evocation_fang",
				"evocation_illager",
				"eye_of_ender_signal",
				"falling_block",
				"fireball",
				"fireworks_rocket",
				"fishing_hook",
				"fox",
				"ghast",
				"guardian",
				"hoglin",
				"hopper_minecart",
				"horse",
				"husk",
				"ice_bomb",
				"iron_golem",
				"item",
				"leash_knot",
				"lightning_bolt",
				"lingering_potion",
				"llama",
				"llama_spit",
				"magma_cube",
				"minecart",
				"mooshroom",
				"mule",
				"npc",
				"ocelot",
				"painting",
				"panda",
				"parrot",
				"phantom",
				"pig",
				"piglin",
				"pillager",
				"player",
				"polar_bear",
				"pufferfish",
				"rabbit",
				"ravager",
				"salmon",
				"sheep",
				"shulker",
				"shulker_bullet",
				"silverfish",
				"skeleton",
				"skeleton.wither",
				"skeleton.stray",
				"skeleton_horse",
				"slime",
				"small_fireball",
				"snow_golem",
				"snowball",
				"spider",
				"splash_potion",
				"squid",
				"stray",
				"strider",
				"thrown_trident",
				"tnt",
				"tnt_minecart",
				"tripod_camera",
				"tropicalfish",
				"turtle",
				"vex",
				"villager",
				"villager_v2",
				"vindicator",
				"wandering_trader",
				"witch",
				"wither",
				"wither_skeleton",
				"wither_skull",
				"wither_skull_dangerous",
				"wolf",
				"xp_bottle",
				"xp_orb",
				"zoglin",
				"zombie",
				"zombie_horse",
				"zombie_pigman",
				"zombie_villager",
				"zombie_villager_v2"
			]
		},
		"particle_identifiers": {
			"type": "string",
			"enum": [
				"minecraft:arrow_spell_emitter",
				"minecraft:balloon_gas_particle",
				"minecraft:basic_bubble_particle",
				"minecraft:basic_bubble_particle_manual",
				"minecraft:basic_crit_particle",
				"minecraft:basic_flame_particle",
				"minecraft:basic_portal_particle",
				"minecraft:basic_smoke_particle",
				"minecraft:bleach",
				"minecraft:block_destruct",
				"minecraft:block_slide",
				"minecraft:breaking_item_icon",
				"minecraft:breaking_item_terrian",
				"minecraft:bubble_column_bubble",
				"minecraft:bubble_column_down_particle",
				"minecraft:bubble_column_up_particle",
				"minecraft:camera_shoot_explosion",
				"minecraft:campfire_smoke_particle",
				"minecraft:campfire_tall_smoke_particle",
				"minecraft:cauldron_bubble_particle",
				"minecraft:cauldron_explosion_emitter",
				"minecraft:cauldron_spell_emitter",
				"minecraft:cauldron_splash_particle",
				"minecraft:colored_flame_particle",
				"minecraft:conduit_absorb_particle",
				"minecraft:conduit_attack_emitter",
				"minecraft:conduit_particle",
				"minecraft:critical_hit_emitter",
				"minecraft:death_explosion_emitter",
				"minecraft:dolphin_move_particle",
				"minecraft:dragon_breath_fire",
				"minecraft:dragon_breath_lingering",
				"minecraft:dragon_breath_trail",
				"minecraft:dragon_death_explosion_emitter",
				"minecraft:dragon_destroy_block",
				"minecraft:dragon_dying_explosion",
				"minecraft:egg_destroy_emitter",
				"minecraft:elephant_tooth_paste_vapor_particle",
				"minecraft:enchanting_table_particle",
				"minecraft:end_chest",
				"minecraft:endrod",
				"minecraft:evocation_fang_particle",
				"minecraft:evoker_spell",
				"minecraft:explosion_manual",
				"minecraft:explosion_particle",
				"minecraft:eye_of_ender_bubble_particle",
				"minecraft:eyeofender_death_explode_particle",
				"minecraft:falling_border_dust_particle",
				"minecraft:falling_dust",
				"minecraft:falling_dust_concrete_powder_particle",
				"minecraft:falling_dust_dragon_egg",
				"minecraft:falling_dust_gravel_particle",
				"minecraft:falling_dust_red_sand_particle",
				"minecraft:falling_dust_sand_particle",
				"minecraft:falling_dust_scaffolding_particle",
				"minecraft:falling_dust_top_snow_particle",
				"minecraft:fish_hook_particle",
				"minecraft:fish_pos_particle",
				"minecraft:guardian_attack_particle",
				"minecraft:guardian_water_move_particle",
				"minecraft:heart_particle",
				"minecraft:honey_drip_particle",
				"minecraft:huge_explosion_emitter",
				"minecraft:huge_explosion_lab_misc_emitter",
				"minecraft:ice_evaporation_emitter",
				"minecraft:ink_emitter",
				"minecraft:knockback_roar_particle",
				"minecraft:lab_table_heatblock_dust_particle",
				"minecraft:lab_table_misc_mystical_particle",
				"minecraft:large_explosion",
				"minecraft:lava_drip_particle",
				"minecraft:lava_particle",
				"minecraft:llama_spit_smoke",
				"minecraft:magnesium_salts_emitter",
				"minecraft:misc_fire_vapor_particle",
				"minecraft:mob_block_spawn_emitter",
				"minecraft:mob_portal",
				"minecraft:mobflame_emitter",
				"minecraft:mobflame_single",
				"minecraft:mobspell_emitter",
				"minecraft:mycelium_dust_particle",
				"minecraft:nectar_drip_particle",
				"minecraft:note_particle",
				"minecraft:obsidian_glow_dust_particle",
				"minecraft:phantom_trail_particle",
				"minecraft:portal_directional",
				"minecraft:portal_east_west",
				"minecraft:portal_north_south",
				"minecraft:rain_splash_particle",
				"minecraft:redstone_ore_dust_particle",
				"minecraft:redstone_repeater_dust_particle",
				"minecraft:redstone_torch_dust_particle",
				"minecraft:redstone_wire_dust_particle",
				"minecraft:rising_border_dust_particle",
				"minecraft:shulker_bullet",
				"minecraft:silverfish_grief_emitter",
				"minecraft:sparkler_emitter",
				"minecraft:splash_spell_emitter",
				"minecraft:sponge_absorb_water_particle",
				"minecraft:squid_flee_particle",
				"minecraft:squid_ink_bubble",
				"minecraft:squid_move_particle",
				"minecraft:stunned_emitter",
				"minecraft:terrain",
				"minecraft:totem_manual",
				"minecraft:totem_particle",
				"minecraft:trackingemitter",
				"minecraft:underwater_torch_particle",
				"minecraft:villager_angry",
				"minecraft:villager_happy",
				"minecraft:water_drip_particle",
				"minecraft:water_evaporation_actor_emitter",
				"minecraft:water_evpaoration_bucket_emitter",
				"minecraft:water_evpaoration_manual",
				"minecraft:water_splash_particle",
				"minecraft:water_splash_particle_manual",
				"minecraft:water_wake_particle",
				"minecraft:witchspell",
				"minecraft:wither_boss_invulnerable"
			]
		},
		"fog_identifiers": {
			"type": "string",
			"enum": [
				"minecraft:fog_bamboo_jungle",
				"minecraft:fog_bamboo_jungle_hills",
				"minecraft:fog_basalt_deltas",
				"minecraft:fog_beach",
				"minecraft:fog_birch_forest",
				"minecraft:fog_birch_forest_hills",
				"minecraft:fog_cold_beach",
				"minecraft:fog_cold_ocean",
				"minecraft:fog_cold_taiga",
				"minecraft:fog_cold_taiga_hills",
				"minecraft:fog_cold_taiga_mutated",
				"minecraft:fog_crimson_forest",
				"minecraft:fog_deep_cold_ocean",
				"minecraft:fog_deep_frozen_ocean",
				"minecraft:fog_deep_lukewarm_ocean",
				"minecraft:fog_deep_ocean",
				"minecraft:fog_deep_warm_ocean",
				"minecraft:fog_default",
				"minecraft:fog_desert",
				"minecraft:fog_desert_hills",
				"minecraft:fog_extreme_hills_edge",
				"minecraft:fog_extreme_hills",
				"minecraft:fog_extreme_hills_mutated",
				"minecraft:fog_extreme_hills_plus_trees",
				"minecraft:fog_extreme_hills_plus_trees_mutated",
				"minecraft:fog_flower_forest",
				"minecraft:fog_forest",
				"minecraft:fog_forest_hills",
				"minecraft:fog_frozen_ocean",
				"minecraft:fog_frozen_river",
				"minecraft:fog_hell",
				"minecraft:fog_ice_mountains",
				"minecraft:fog_ice_plains",
				"minecraft:fog_ice_plains_spikes",
				"minecraft:fog_jungle_edge",
				"minecraft:fog_jungle",
				"minecraft:fog_jungle_hills",
				"minecraft:fog_jungle_mutated",
				"minecraft:fog_lukewarm_ocean",
				"minecraft:fog_mega_spruce_taiga",
				"minecraft:fog_mega_spruce_taiga_mutated",
				"minecraft:fog_mega_taiga",
				"minecraft:fog_mega_taiga_hills",
				"minecraft:fog_mega_taiga_mutated",
				"minecraft:fog_mesa_bryce",
				"minecraft:fog_mesa",
				"minecraft:fog_mesa_mutated",
				"minecraft:fog_mesa_plateau",
				"minecraft:fog_mesa_plateau_stone",
				"minecraft:fog_mushroom_island",
				"minecraft:fog_mushroom_island_shore",
				"minecraft:fog_ocean",
				"minecraft:fog_plains",
				"minecraft:fog_river",
				"minecraft:fog_roofed_forest",
				"minecraft:fog_savanna",
				"minecraft:fog_savanna_mutated",
				"minecraft:fog_savanna_plateau",
				"minecraft:fog_soulsand_valley",
				"minecraft:fog_stone_beach",
				"minecraft:fog_sunflower_plains",
				"minecraft:fog_swampland",
				"minecraft:fog_swampland_mutated",
				"minecraft:fog_taiga",
				"minecraft:fog_taiga_hills",
				"minecraft:fog_taiga_mutated",
				"minecraft:fog_the_end",
				"minecraft:fog_warm_ocean",
				"minecraft:fog_warped_forest"
			]
		}
	}
}
