{
	"id": "bridge.easterEgg.dark_halloween",
	"name": "Halloween",
	"colorScheme": "dark",
	"colors": {
		"text": "#fff",
		"toolbar": "#000000",
		"expandedSidebar": "#1F1F1F",
		"sidebarNavigation": "#1F1F1F",
		"primary": "#dc2f02",
		"secondary": "#dc2f02",
		"accent": "#dc2f02",
		"error": "#d00000",
		"info": "#e85d04",
		"warning": "#FB8C00",
		"success": "#40916c",
		"background": "#121212",
		"menu": "#1F1F1F",
		"footer": "#111111",
		"tooltip": "#1F1F1F"
	},
	"highlighter": {
		"property": { "color": "#90be6d" },
		"keyword": { "color": "#e85d04" },
		"definition": { "color": "#fd971f" },
		"atom": { "color": "#43aa8b" },
		"number": { "color": "#43aa8b" },
		"string": { "color": "#faa307" },
		"variable": { "color": "#577590" },
		"variable_strong": { "color": "#577590" },
		"meta": { "color": "white" },
		"comment": { "color": "#ffba08" }
	}
}
