{
	"id": "bridge.orange.dark_theme",
	"name": "Orange",
	"colorScheme": "dark",
	"colors": {
		"text": "#fff",
		"toolbar": "#DD7230",
		"expandedSidebar": "#2E1F27",
		"sidebarNavigation": "#2E1F27",
		"sidebarSelection": "#21161c",
		"primary": "#DD7230",
		"secondary": "#DD7230",
		"accent": "white",
		"warning": "#DD7230",
		"background": "#402b36",
		"menu": "#24181e",
		"footer": "#24181e",
		"tooltip": "#24181e",
		"tabInactive": "#2E1F27",
		"tabActive": "#402b36"
	},
	"highlighter": {
		"property": { "color": "#91bb5b" },
		"keyword": { "color": "#d24358" },
		"definition": { "text_decoration": "underline" },
		"atom": { "color": "#c68cd4" },
		"number": { "color": "#57e4ac" },
		"string": { "color": "#e4c15b" },
		"variable": { "color": "#91bb5b" },
		"variable_strong": { "color": "white" },
		"meta": { "color": "yellow" },
		"comment": { "color": "#cc77ff" }
	}
}
