{
	"$schema": "http://json-schema.org/draft-07/schema",
	"description": "Set required item information",
	"type": "object",
	"properties": {
		"identifier": {
			"type": "string",
			"description": "The identifier for this item. The name must include a namespace and must not use the Minecraft namespace unless overriding a Vanilla item."
		},
		"category": {
			"type": "string",
			"description": "The category for this item. Categories are used to control high level properties of how the item is integrated into the bedrock engine, such as whether it can be used in slash commands.",
			"enum": ["nature", "construction", "items", "equipment", "none", "commands"]
		},
		"is_experimental": {
			"type": "boolean",
			"description": "If this item is experimental, it will only be registered if the world is marked as experimental."
		}
	}
}
