{
	"$schema": "http://json-schema.org/draft-07/schema",
	"anyOf": [
		{
			"type": "string",
			"pattern": "^itemGroup\\.name\\."
		},
		{
			"type": "string",
			"enum": ["nature", "construction", "items", "equipment"]
		},
		{
			"type": "string",
			"enum": [
				"itemGroup.name.axe",
				"itemGroup.name.pickaxe",
				"itemGroup.name.shovel",
				"itemGroup.name.sword",
				"itemGroup.name.tools",
				"itemGroup.name.hoe",
				"itemGroup.name.trident",
				"itemGroup.name.throwables",
				"itemGroup.name.shield",
				"itemGroup.name.arrow",
				"itemGroup.name.bows",
				"itemGroup.name.totem",
				"itemGroup.name.natureMisc",
				"itemGroup.name.sign",
				"itemGroup.name.anvil",
				"itemGroup.name.boots",
				"itemGroup.name.chestplate",
				"itemGroup.name.helmet",
				"itemGroup.name.leggings",
				"itemGroup.name.elytra",
				"itemGroup.name.turtleHelmet",
				"itemGroup.name.door",
				"itemGroup.name.armorStand",
				"itemGroup.name.cauldron",
				"itemGroup.name.craftingTables",
				"itemGroup.name.furnaces",
				"itemGroup.name.woolCarpet",
				"itemGroup.name.walls",
				"itemGroup.name.natureBuildingBlocks",
				"itemGroup.name.fence",
				"itemGroup.name.fenceGate",
				"itemGroup.name.glowstone",
				"itemGroup.name.crop",
				"itemGroup.name.nature",
				"itemGroup.name.seed",
				"itemGroup.name.grass",
				"itemGroup.name.coral_decorations",
				"itemGroup.name.flower",
				"itemGroup.name.sapling",
				"itemGroup.name.miscFood",
				"itemGroup.name.rawFood",
				"itemGroup.name.cookedFood",
				"itemGroup.name.banner_pattern",
				"itemGroup.name.items",
				"itemGroup.name.boat",
				"itemGroup.name.blaze",
				"itemGroup.name.book",
				"itemGroup.name.bowl",
				"itemGroup.name.buckets",
				"itemGroup.name.fishingRods",
				"itemGroup.name.minecart",
				"itemGroup.name.clayBall",
				"itemGroup.name.coal",
				"itemGroup.name.redstoneProducers",
				"itemGroup.name.diamond",
				"itemGroup.name.potionIngredients",
				"itemGroup.name.emerald",
				"itemGroup.name.navigation",
				"itemGroup.name.enchantedBook",
				"itemGroup.name.endCrystal",
				"itemGroup.name.arrowComponents",
				"itemGroup.name.fireCharge",
				"itemGroup.name.decorations",
				"itemGroup.name.ghastTear",
				"itemGroup.name.bottles",
				"itemGroup.name.gold",
				"itemGroup.name.gunpowder",
				"itemGroup.name.nautilus",
				"itemGroup.name.redstoneContainers",
				"itemGroup.name.horseArmor",
				"itemGroup.name.nameTag",
				"itemGroup.name.leather",
				"itemGroup.name.bricks",
				"itemGroup.name.netherStar",
				"itemGroup.name.paper",
				"itemGroup.name.phantomMembrane",
				"itemGroup.name.prismarineItems",
				"itemGroup.name.netherQuartz",
				"itemGroup.name.record",
				"itemGroup.name.redstone",
				"itemGroup.name.saddle",
				"itemGroup.name.stick",
				"itemGroup.name.shulkerShell",
				"itemGroup.name.skull",
				"itemGroup.name.slimeBall",
				"itemGroup.name.snowball",
				"itemGroup.name.scute",
				"itemGroup.name.mobEgg"
			]
		}
	]
}
