{"format_version":"1.16.100","minecraft:item":{"description":{"identifier":"{{PROJECT_PREFIX}}:{{IDENTIFIER}}_boots","category":"equipment"},"components":{"minecraft:max_stack_size":1,"minecraft:enchantable":{"value":9,"slot":"armor_feet"},"minecraft:durability":{"max_durability":195,"damage_chance":{"min":60,"max":100}},"minecraft:icon":{"texture":"{{PROJECT_PREFIX}}_{{IDENTIFIER}}_boots"},"minecraft:render_offsets":"boots","minecraft:armor":{"protection":2},"minecraft:wearable":{"slot":"slot.armor.feet"},"minecraft:creative_category":{"parent":"itemGroup.name.boots"},"minecraft:repairable":{"repair_items":[{"items":["minecraft:iron_ingot"],"repair_amount":"query.max_durability * 0.25"},{"items":["{{PROJECT_PREFIX}}:{{IDENTIFIER}}_boots"],"repair_amount":"context.other->query.remaining_durability + 0.12 * context.other->query.max_durability"}]}}}}