{"file:///data/packages/common/schema/bridge/manifest/main.json":{"$schema":"http://json-schema.org/draft-07/schema","title":"Plugin Manifest","additionalProperties":false,"required":["name","author","id","description"],"properties":{"author":{"description":"The name of the author of the plugin.","type":"string"},"name":{"description":"The name of the plugin.","type":"string"},"version":{"description":"The version of the plugin. This should be incremented when updating the plugin.","type":"string","default":"1.0.0"},"id":{"description":"The uuid of the pack. This should be unique to the plugin.","$ref":"../../general/uuid.json"},"description":{"description":"The description of the plugin.","type":"string"},"api_version":{"description":"You can omit this attribute to always use the latest API version (currently: 2). We recommend to always specifically set it though.","type":"integer","default":2},"link":{"description":"The link attribute is optional and allows you to provide a link to an external webpage which appears in bridge.'s UI.","type":"string","format":"uri"},"compiler":{"description":"Register compiler plugins","type":"object","patternProperties":{".+":{"type":"string"}}},"install":{"description":"List files bridge. is supposed to install to the user's projects","type":"object","patternProperties":{".+":{"type":"string"}}}}},"file:///data/packages/common/schema/bridge/preset/main.json":{"$schema":"http://json-schema.org/draft-07/schema","title":"Preset Manifest","additionalProperties":false,"properties":{"name":{"description":"Name to display inside the preset window.","type":"string"},"description":{"description":"Preset description.","type":"string"},"icon":{"title":"http://materialdesignicons.com/","description":"Icon to show inside of the preset window","pattern":"^mdi-","type":"string"},"category":{"type":"string"},"requiredModules":{"type":"array","items":{"type":"string","enum":["gameTest","scripting"]}},"targetVersion":{"type":"array","minItems":2,"maxItems":2,"items":[{"type":"string","description":"Format version"},{"type":"string","description":"Operator","enum":[">",">=","=","<","<="]}]},"packTypes":{"type":"array","items":{"type":"string","enum":["worldTemplate","behaviorPack","resourcePack","skinPack"]}},"additionalModels":{"type":"object","patternProperties":{".+":{"type":"string"}}},"fields":{"type":"array","items":{"type":"array","minItems":2,"maxItems":3,"items":[{"type":"string","description":"Name of the input."},{"type":"string","description":"Variable for the input value."},{"type":"object","properties":{"type":{"description":"Type of input.","type":"string","enum":["fileInput","numberInput","textInput","switch","selectInput"]},"default":{"description":"Default value for the input.","type":"string"},"optional":{"type":"boolean","description":"Whether or not the input is optional."}},"allOf":[{"if":{"properties":{"type":{"const":"numberInput"}}},"then":{"properties":{"min":{"type":"number"},"max":{"type":"number"},"step":{"type":"number"}}}},{"if":{"properties":{"type":{"const":"fileInput"}}},"then":{"properties":{"accept":{"type":"string"},"icon":{"type":"string"}}}},{"if":{"properties":{"type":{"const":"selectInput"}}},"then":{"properties":{"options":{"type":"array","items":{"type":"string"}}}}}]}]}},"createFiles":{"type":"array","items":{"type":"array","minItems":2,"maxItems":3,"items":[{"type":"string","description":"File name in the preset folder to create."},{"type":"string","description":"Sets the file path, relative to the project's folder, of where to create the file"},{"type":"object","properties":{"inject":{"type":"array","items":{"description":"Variable name defined under fields to inject into the file and file path.","type":"string"}}}}]}},"expandFiles":{"type":"array","items":{"type":"array","minItems":2,"maxItems":3,"items":[{"type":"string","description":"File name in the preset folder to be merged with the target path."},{"type":"string","description":"Sets the file path, relative to the project's folder, of the file to add to."},{"type":"object","properties":{"inject":{"type":"array","items":{"description":"Variable name defined under fields to inject into the file and file path.","type":"string"}}}}]}}}},"file:///data/packages/common/schema/bridge/theme/main.json":{"$schema":"http://json-schema.org/draft-07/schema","title":"Theme","definitions":{"style_object":{"properties":{"color":{"$ref":"../../general/hexColor.json"},"text_decoration":{"type":"string","enum":["underline","overline","line-through","blink"]},"is_italic":{"type":"boolean"}}}},"additionalProperties":false,"properties":{"id":{"description":"UUID for your theme.","type":"string"},"colorScheme":{"enum":["dark","light"],"description":"The color scheme of this theme.","type":"string"},"colors":{"description":"Colors of this theme.","properties":{"text":{"description":"Text color.","$ref":"../../general/hexColor.json"},"primary":{"description":"Color; affects menu icons, active tabs, MoLang edit icons, and more.","$ref":"../../general/hexColor.json"},"secondary":{"description":"Color.","$ref":"../../general/hexColor.json"},"accent":{"description":"Color; affects toolbar icons.","$ref":"../../general/hexColor.json"},"error":{"description":"Color; affects hovered errors, ! error marks, close button on close prompt, and more.","$ref":"../../general/hexColor.json"},"info":{"description":"Color.","$ref":"../../general/hexColor.json"},"success":{"description":"Color; affects save button on close prompt.","$ref":"../../general/hexColor.json"},"warning":{"description":"Color.","$ref":"../../general/hexColor.json"},"background":{"description":"Color; affects background of editor.","$ref":"../../general/hexColor.json"},"sidebarNavigation":{"description":"Color; affects navigation sidebar.","$ref":"../../general/hexColor.json"},"expandedSidebar":{"description":"Color; affects sidebar containing folders and files.","$ref":"../../general/hexColor.json"},"menu":{"description":"Color; affects menus.","$ref":"../../general/hexColor.json"},"toolbar":{"description":"Color; affects toolbar.","$ref":"../../general/hexColor.json"},"footer":{"description":"Color; affects footer containing notifications.","$ref":"../../general/hexColor.json"},"tooltip":{"description":"Color; affects the tooltip that shows when you hover over buttons.","$ref":"../../general/hexColor.json"}}},"highlighter":{"description":"Syntax highlighter colors of your bridge. theme.","properties":{"property":{"description":"Custom style for syntax highlighter; affects format_version.","$ref":"#/definitions/style_object"},"keyword":{"description":"Custom style for syntax highlighter; affects namespaces.","$ref":"#/definitions/style_object"},"definition":{"description":"Custom style for syntax highlighter; affects special objects.","$ref":"#/definitions/style_object"},"atom":{"description":"Custom style for syntax highlighter; affects booleans.","$ref":"#/definitions/style_object"},"number":{"description":"Custom style for syntax highlighter; affects numbers.","$ref":"#/definitions/style_object"},"string":{"description":"Custom style for syntax highlighter; affects all other values.","$ref":"#/definitions/style_object"},"variable":{"description":"Custom style for syntax highlighter.","$ref":"#/definitions/style_object"},"variable_strong":{"description":"Custom style for syntax highlighter.","$ref":"#/definitions/style_object"},"meta":{"description":"Custom style for syntax highlighter.","$ref":"#/definitions/style_object"},"comment":{"description":"Custom style for syntax highlighter.","$ref":"#/definitions/style_object"}}},"monaco":{"description":"Colors for the monaco editor.","patternProperties":{".*":{"$ref":"../../general/hexColor.json"}}}}},"file:///data/packages/common/schema/bridge/config/main.json":{"$schema":"http://json-schema.org/draft-07/schema","title":"Project Config","type":"object","additionalProperties":false,"properties":{"type":{"description":"Defines the type of a project.","type":"string","enum":["minecraftBedrock","minecraftJava"]},"name":{"description":"The name of the project.","type":"string"},"description":{"description":"The description of the project.","type":"string"},"author":{"description":"Creator of the project.","type":"string"},"targetVersion":{"description":"The Minecraft version this project targets.","type":"string"},"experimentalGameplay":{"description":"Experimental gameplay the project intends to use.","type":"object","propertyNames":{"enum":["cavesAndCliffs","holidayCreatorFeatures","creationOfCustomBiomes","additionalModdingCapabilities","upcomingCreatorFeatures","enableGameTestFramework"]},"patternProperties":{"cavesAndCliffs|holidayCreatorFeatures|creationOfCustomBiomes|additionalModdingCapabilities|upcomingCreatorFeatures|enableGameTestFramework":{"type":"boolean"}}},"namespace":{"description":"The namespace used for the project. The namespace 'minecraft' is not a valid string for this field.","type":"string"},"packs":{"description":"Maps the id of packs this project contains to a path relative to the config.json.","type":"object","propertyNames":{"enum":["behaviorPack","resourcePack","skinPack","worldTemplate"]},"patternProperties":{".*":{"type":"string"}}},"packDefinitions":{"description":"Allows users to define additional data which is hard to find for tools (e.g. scoreboards setup inside of a world).","properties":{"families":{},"tags":{},"scoreboardObjectives":{},"names":{}}},"bridge":{"type":"object"},"compiler":{"description":"Settings for bridge.'s compiler.","type":"object","properties":{"plugins":{"description":"Plugins for bridge.'s compiler.","type":"array","items":{"anyOf":[{"type":"string","description":"ID of a compiler plugin."},{"type":"array","minItems":2,"maxItems":2,"items":[{"type":"string","description":"ID of a compiler plugin."},{"type":"object","description":"Settings for the compiler plugin."}]}]}}}}},"definitions":{"packDefinition":{"additionalProperties":false,"properties":{"type":{"description":"Optional: Define e.g. the type of a scoreboard objective.","type":"string"},"exclude":{"description":"Strings to exclude from a tool's collected data.","type":"array","items":{"type":"string"}},"include":{"description":"String to add to a tool's collected data.","type":"array","items":{"type":"string"}}}}}}}