{"file:///data/packages/common/schema/bridge/config/builtInPluginIds.json":{"type":"string","description":"The ID of a Dash compiler plugin.","enum":["typeScript","entityIdentifierAlias","customEntityComponents","customItemComponents","customBlockComponents","customCommands","molang","generatorScripts","formatVersionCorrection","simpleRewrite","rewriteForPackaging"]},"file:///data/packages/common/schema/bridge/config/main.json":{"title":"Project Config","type":"object","additionalProperties":false,"properties":{"type":{"description":"Defines the type of a project.","type":"string","enum":["minecraftBedrock","minecraftJava"]},"name":{"description":"The name of the project.","type":"string"},"description":{"description":"The description of the project.","type":"string"},"authors":{"description":"Creators of the project.","type":"array","items":{"anyOf":[{"type":"string"},{"type":"object","properties":{"name":{"type":"string"},"logo":{"type":"string"}},"required":["name"],"additionalProperties":false}]}},"targetVersion":{"description":"The Minecraft version this project targets. Used to determine auto-completions and the files you can create.","type":"string"},"experimentalGameplay":{"description":"The experimental gameplay toggles that the project intends to use. Used to determine auto-completions and the files you can create.","type":"object","propertyNames":{"enum":["cavesAndCliffs","holidayCreatorFeatures","creationOfCustomBiomes","additionalModdingCapabilities","upcomingCreatorFeatures","enableGameTestFramework","experimentalMolangFeatures","educationEdition","theWildUpdate"]},"additionalProperties":{"type":"boolean"}},"namespace":{"description":"The namespace used for the project. The namespace 'minecraft' is not a valid string for this field.","type":"string"},"packs":{"description":"Maps the id of packs this project contains to a path relative to the config.json.","type":"object","propertyNames":{"enum":["behaviorPack","resourcePack","skinPack","worldTemplate"]},"patternProperties":{".*":{"description":"Path to the pack relative to the config.json.","type":"string"}}},"worlds":{"type":"array","description":"The worlds that are part of this project.","items":{"type":"string"}},"packDefinitions":{"description":"Allows users to define additional data which is hard to find for tools (e.g. scoreboards setup inside of a world).","type":"object","propertyNames":{"enum":["families","tags","scoreboardObjectives","names"]},"patternProperties":{".*":{"additionalProperties":false,"type":"object","properties":{"type":{"description":"Optional: Define e.g. the type of a scoreboard objective.","type":"string"},"exclude":{"description":"Strings to exclude from a tool's collected data.","type":"array","items":{"type":"string"}},"include":{"description":"String to add to a tool's collected data.","type":"array","items":{"type":"string"}}}}}},"bridge":{"description":"Additional configuration options for bridge.","type":"object"},"compiler":{"description":"Settings for bridge.'s compiler.","type":"object","properties":{"plugins":{"description":"The compiler plugins to run by default, upon compilation, with the Dash compiler.","type":"array","items":{"anyOf":[{"type":"string","description":"The ID of a compiler plugin."},{"$ref":"./builtInPluginIds.json"},{"type":"array","minItems":2,"maxItems":2,"items":[{"anyOf":[{"type":"string","description":"The ID of a compiler plugin."},{"$ref":"./builtInPluginIds.json"}]},{"type":"object","description":"Settings for the compiler plugin."}]}]}}}},"bdsProject":{"description":"Set whether this project is for Bedrock Dedicated Server software.","type":"boolean"}}},"file:///data/packages/common/schema/bridge/preset/main.json":{"title":"Preset Manifest","additionalProperties":false,"type":"object","properties":{"name":{"description":"Name to display inside the preset window.","type":"string"},"description":{"description":"Preset description.","type":"string"},"icon":{"title":"http://materialdesignicons.com/","description":"Icon to show inside of the preset window","pattern":"^mdi-","type":"string"},"category":{"type":"string"},"requires":{"description":"Preset requirements.","$ref":"../requires.json"},"additionalModels":{"type":"object"},"showIfDisabled":{"type":"boolean"},"fields":{"type":"array","items":{"type":"array","minItems":2,"maxItems":3,"items":[{"type":"string","description":"Name of the input."},{"type":"string","description":"Variable for the input value."},{"type":"object","properties":{"type":{"description":"Type of input.","type":"string","enum":["fileInput","numberInput","textInput","switch","selectInput"]},"default":{"description":"Default value for the input.","type":["string","boolean","number","integer"]},"optional":{"type":"boolean","description":"Whether or not the input is optional."}},"allOf":[{"if":{"properties":{"type":{"const":"numberInput"}}},"then":{"type":"object","properties":{"min":{"type":"number"},"max":{"type":"number"},"step":{"type":"number"}}}},{"if":{"properties":{"type":{"const":"fileInput"}}},"then":{"type":"object","properties":{"accept":{"type":"string"},"icon":{"type":"string"},"multiple":{"type":"boolean"}}}},{"if":{"properties":{"type":{"const":"selectInput"}}},"then":{"type":"object","properties":{"options":{"type":"array","items":{"anyOf":[{"description":"Option value.","type":"string"},{"type":"object","additionalProperties":false,"properties":{"text":{"type":"string","description":"Text to display to user."},"value":{"type":"string","description":"Value to map this option to."}}}]}}}}}]}]}},"createFiles":{"type":"array","items":{"anyOf":[{"type":"array","minItems":2,"maxItems":3,"items":[{"type":"string","description":"File name in the preset folder to create."},{"type":"string","description":"Sets the file path, relative to the project's folder, of where to create the file"},{"description":"Options","type":"object","properties":{"inject":{"type":"array","items":{"description":"Variable name defined under fields to inject into the file and file path.","type":"string"}},"openFile":{"type":"boolean","description":"Whether to open the file on preset creation."}}}]},{"type":"string"}]}},"expandFiles":{"type":"array","items":{"type":"array","minItems":2,"maxItems":3,"items":[{"type":"string","description":"File name in the preset folder to be merged with the target path."},{"type":"string","description":"Sets the file path, relative to the project's folder, of the file to add to."},{"description":"Options","type":"object","properties":{"inject":{"type":"array","items":{"description":"Variable name defined under fields to inject into the file and file path.","type":"string"}},"openFile":{"type":"boolean","description":"Whether to open the file on preset creation."}}}]}}}},"file:///data/packages/common/schema/bridge/fileDefinition/main.json":{"type":"object","additionalProperties":false,"title":"A bridge. file type definition.","properties":{"id":{"type":"string","description":"The unique identifier of the file definition. (e.g. 'block' or 'entity')"},"icon":{"type":"string","description":"A reference to the icon to use for this file definition. https://materialdesignicons.com/","pattern":"^mdi-[a-zA-Z-]*$"},"add":{"type":"string","description":"Where to insert the file definition in relation to the other file definitions","enum":["pre","post"]},"detect":{"type":"object","additionalProperties":false,"description":"A configuration object that describes how to detect that a file is this file type.","properties":{"packType":{"description":"The pack type(s) that this file type belongs to.","anyOf":[{"type":"string","enum":["behaviorPack","resourcePack","worldTemplate","skinPack"]},{"type":"array","items":{"type":"string","enum":["behaviorPack","resourcePack","worldTemplate","skinPack"]}}]},"scope":{"description":"The general folder scope(s) to expect this file type to be in.","anyOf":[{"type":"string"},{"type":"array","items":{"type":"string"}}]},"matcher":{"description":"Glob pattern(s) to match files that are this file type.","anyOf":[{"type":"array","items":{"type":"string"}},{"type":"string"}]},"fileContent":{"description":"A list of glob patterns to detect specific json file content to identify this file type. (e.g. 'minecraft:block' or 'animations/*/timeline')","type":"array","items":{"type":"string"}},"fileExtensions":{"description":"A list of file extensions to associate with this file type.","type":"array","items":{"type":"string"}}}},"formatVersionMap":{"description":"A map of format versions to modify during this file's compilation.","type":"object","additionalProperties":false,"patternProperties":{"^[0-9]\\.[0-9]{2}\\.[0-9]+$":{"type":"string","pattern":"^[0-9]\\.[0-9]{2}\\.[0-9]+$"}}},"schema":{"description":"A path to the root schema to validate and propose auto-completions for this file type.","type":"string","pattern":"^file:\\/\\/.+"},"lightningCache":{"type":"string","description":"The name of the lightning cache file to use for caching data in this file type."},"packSpider":{"type":"string","description":"The name of the pack spider to use for linking this file type to other files."},"definitions":{"description":"Lightning cache keys to match up to definitions in other files.","type":"object","additionalProperties":{"anyOf":[{"type":"array","items":{"type":"object","additionalProperties":false,"properties":{"from":{"type":"string"},"match":{"type":"string"}}}},{"type":"object","properties":{"directReference":{"type":"boolean"}}}]}},"documentation":{"type":"object","description":"Describes where to find documentation for this file type.","additionalProperties":false,"properties":{"baseUrl":{"type":"string","description":"The base URL to use for documentation links."},"supportsQuerying":{"type":"boolean","description":"Whether or not this file type supports querying specific properties in documentation."}}},"highlighterConfiguration":{"description":"The configuration for the JSON syntax highlighter to use for this file type.","type":"object","propertyNames":{"enum":["variables","typeIdentifiers","definitions","keywords"]},"additionalProperties":{"type":"array","items":{"type":"string"}}},"meta":{"description":"Metadata to apply to this file type.","additionalProperties":false,"type":"object","properties":{"commandsUseSlash":{"type":"boolean","description":"Whether or not commands in this file use the slash at the beginning."},"language":{"type":"string","description":"The language of this file type."}}},"type":{"type":"string","description":"The type of file this is.","enum":["text","json","nbt"]},"types":{"description":"A list of type definitions to apply to this file type.","type":"array","items":{"anyOf":[{"type":"object","additionalProperties":false,"properties":{"moduleName":{"type":"string"},"definition":{"description":"URL or path to fetch the type definition from.","type":"string"},"requires":{"$ref":"../requires.json"}}},{"type":"string"}]}},"formatOnSaveCapable":{"description":"Whether or not this file type can be automatically formatted on save.","type":"boolean"}}},"file:///data/packages/common/schema/bridge/manifest/main.json":{"title":"Plugin Manifest","additionalProperties":false,"required":["name","author","id","description"],"type":"object","properties":{"author":{"description":"The name of the author of the plugin.","type":"string"},"name":{"description":"The name of the plugin.","type":"string"},"version":{"description":"The version of the plugin. This should be incremented when updating the plugin.","type":"string","default":"1.0.0"},"id":{"description":"The uuid of the pack. This should be unique to the plugin.","$ref":"../../general/uuid.json"},"description":{"description":"The description of the plugin.","type":"string"},"api_version":{"description":"You can omit this attribute to always use the latest API version (currently: 2). We recommend to always specifically set it though.","type":"integer","default":2},"link":{"description":"The link attribute is optional and allows you to provide a link to an external webpage which appears in bridge.'s UI.","type":"string","format":"uri"},"compiler":{"description":"Register compiler plugins","type":"object","patternProperties":{".+":{"type":"string"}}},"install":{"description":"List files bridge. is supposed to install to the user's projects","type":"object","patternProperties":{".+":{"type":"string"}}}}},"file:///data/packages/common/schema/bridge/requires.json":{"type":"object","additionalProperties":false,"properties":{"targetVersion":{"anyOf":[{"type":"array","minItems":2,"maxItems":2,"items":[{"type":"string","description":"Operator"},{"type":"string","description":"Version"}]},{"type":"object","properties":{"min":{"type":"string"},"max":{"type":"string"}}}]},"experimentalGameplay":{"type":"array","items":{"type":"string"}},"packTypes":{"type":"array","items":{"type":"string","enum":["worldTemplate","behaviorPack","resourcePack","skinPack"]}},"dependencies":{"type":"array","items":{"type":"string"}},"matchAll":{"type":"boolean"}}},"file:///data/packages/common/schema/bridge/theme/main.json":{"title":"Theme","definitions":{"style_object":{"type":"object","properties":{"color":{"type":"string"},"text_decoration":{"type":"string","enum":["underline","overline","line-through","blink"]},"is_italic":{"type":"boolean"}}}},"additionalProperties":false,"type":"object","properties":{"id":{"description":"UUID for your theme.","type":"string"},"name":{"description":"Name of the theme.","type":"string"},"colorScheme":{"enum":["dark","light"],"description":"The color scheme of this theme.","type":"string"},"colors":{"description":"Colors of this theme.","type":"object","properties":{"text":{"description":"Text color."},"primary":{"description":"Color; affects menu icons, active tabs, MoLang edit icons, and more."},"secondary":{"description":"Color."},"accent":{"description":"Color; affects toolbar icons."},"error":{"description":"Color; affects hovered errors, ! error marks, close button on close prompt, and more."},"info":{"description":"Color."},"success":{"description":"Color; affects save button on close prompt."},"warning":{"description":"Color."},"background":{"description":"Color; affects background of editor."},"sidebarNavigation":{"description":"Color; affects navigation sidebar."},"expandedSidebar":{"description":"Color; affects sidebar containing folders and files."},"menu":{"description":"Color; affects menus."},"toolbar":{"description":"Color; affects toolbar."},"footer":{"description":"Color; affects footer containing notifications."},"tooltip":{"description":"Color; affects the tooltip that shows when you hover over buttons."}}},"highlighter":{"description":"Syntax highlighter colors of your bridge. theme.","type":"object","properties":{"property":{"description":"Custom style for syntax highlighter; affects format_version.","$ref":"#/definitions/style_object"},"keyword":{"description":"Custom style for syntax highlighter; affects namespaces.","$ref":"#/definitions/style_object"},"definition":{"description":"Custom style for syntax highlighter; affects special objects.","$ref":"#/definitions/style_object"},"atom":{"description":"Custom style for syntax highlighter; affects booleans.","$ref":"#/definitions/style_object"},"number":{"description":"Custom style for syntax highlighter; affects numbers.","$ref":"#/definitions/style_object"},"string":{"description":"Custom style for syntax highlighter; affects all other values.","$ref":"#/definitions/style_object"},"variable":{"description":"Custom style for syntax highlighter.","$ref":"#/definitions/style_object"},"variable_strong":{"description":"Custom style for syntax highlighter.","$ref":"#/definitions/style_object"},"meta":{"description":"Custom style for syntax highlighter.","$ref":"#/definitions/style_object"},"comment":{"description":"Custom style for syntax highlighter.","$ref":"#/definitions/style_object"}}},"monaco":{"description":"Colors for the monaco editor.","patternProperties":{".*":{"type":"string"}}}}}}