[{"id":"bridge.old_default.dark_theme","name":"Classic Default","colorScheme":"dark","colors":{"text":"#fff","expandedSidebar":"#424242","sidebarNavigation":"#424242","sidebarSelection":"#303030","primary":"#4caf50","accent":"#4caf50","background":"#303030","menu":"#424242","footer":"#212121","tooltip":"#303030","tabInactive":"#424242","tabActive":"#303030"}},{"id":"bridge.old_default.light_theme","name":"Classic Default","colorScheme":"light","colors":{"text":"#000","primary":"#4caf50","accent":"#4caf50"}},{"id":"bridge.blue.dark_theme","name":"Soft Blue","colorScheme":"dark","colors":{"text":"#fff","toolbar":"#587291","primary":"#587291","secondary":"#587291","accent":"white","tooltip":"#587291"},"highlighter":{"keyword":{"color":"#2F97C1"},"atom":{"color":"#1CCAD8"},"number":{"color":"#1CCAD8"},"string":{"color":"#1CCAD8"},"comment":{"color":"#0CF574"}}},{"id":"solved.custom_theme.dark_coral","name":"Coral","colorScheme":"dark","colors":{"text":"#fff","toolbar":"#EF6F6C","primary":"#EF6F6C","secondary":"#EF6F6C","accent":"white","tooltip":"#EF6F6C"},"highlighter":{"property":{"color":"#90be6d"},"keyword":{"color":"#e85d04"},"definition":{"color":"#fd971f"},"atom":{"color":"#43aa8b"},"number":{"color":"#43aa8b"},"string":{"color":"#faa307"},"variable":{"color":"#577590"},"variable_strong":{"color":"#577590"},"meta":{"color":"white"},"comment":{"color":"#ffba08"}},"monaco":{"editor.lineHighlightBackground":"#242424"}},{"id":"bridge.easterEgg.dark_halloween","name":"Halloween","colorScheme":"dark","colors":{"text":"#fff","toolbar":"#000000","expandedSidebar":"#1F1F1F","sidebarNavigation":"#1F1F1F","primary":"#dc2f02","secondary":"#dc2f02","accent":"#dc2f02","error":"#d00000","info":"#e85d04","warning":"#FB8C00","success":"#40916c","background":"#121212","menu":"#1F1F1F","footer":"#111111","tooltip":"#1F1F1F"},"highlighter":{"property":{"color":"#90be6d"},"keyword":{"color":"#e85d04"},"definition":{"color":"#fd971f"},"atom":{"color":"#43aa8b"},"number":{"color":"#43aa8b"},"string":{"color":"#faa307"},"variable":{"color":"#577590"},"variable_strong":{"color":"#577590"},"meta":{"color":"white"},"comment":{"color":"#ffba08"}}},{"id":"solved.custom_theme.light_coral","name":"Coral","colorScheme":"light","colors":{"text":"#000","toolbar":"#EF6F6C","primary":"#EF6F6C","secondary":"#EF6F6C","accent":"#7d0000","tooltip":"#EF6F6C"},"highlighter":{"keyword":{"color":"#59C9A5"},"atom":{"color":"#EF6F6C"},"number":{"color":"#EF6F6C"},"string":{"color":"#EF6F6C"},"comment":{"color":"#465775"}}},{"id":"bridge.easterEgg.light_halloween","name":"Halloween","colorScheme":"light","colors":{"text":"#000","toolbar":"#e0e0e0","expandedSidebar":"#FFFFFF","sidebarNavigation":"#FFFFFF","primary":"#dc2f02","secondary":"#dc2f02","accent":"#dc2f02","error":"#d00000","info":"#e85d04","warning":"#FB8C00","success":"#40916c","background":"#fafafa","menu":"#FFFFFF","footer":"#f5f5f5","tooltip":"#424242"},"highlighter":{"property":{"color":"#2d6a4f"},"keyword":{"color":"#dc2f02"},"definition":{"text_decoration":"underline"},"atom":{"color":"#f48c06"},"number":{"color":"#f48c06"},"string":{"color":"red"},"variable":{"color":"#03071e"},"variable_strong":{"color":"#03071e"},"meta":{"color":"#dc2f02"},"comment":{"color":"#ffba08"}},"monaco":{"editor.lineHighlightBackground":"#e0e0e0","editorWidget.border":"#e0e0e0"}},{"id":"bridge.orange.light_theme","name":"Orange","colorScheme":"light","colors":{"text":"#000","toolbar":"#DD7230","primary":"#DD7230","secondary":"#DD7230","accent":"white","warning":"#DD7230"},"highlighter":{"property":{"color":"#91bb5b"},"keyword":{"color":"#d24358"},"definition":{"text_decoration":"underline"},"atom":{"color":"#c68cd4"},"number":{"color":"#57e4ac"},"string":{"color":"#e4c15b"},"variable":{"color":"#91bb5b"},"variable_strong":{"color":"black"},"meta":{"color":"yellow"},"comment":{"color":"#cc77ff"}}},{"id":"bridge.orange.dark_theme","name":"Orange","colorScheme":"dark","colors":{"text":"#fff","toolbar":"#DD7230","expandedSidebar":"#2E1F27","sidebarNavigation":"#2E1F27","sidebarSelection":"#21161c","primary":"#DD7230","secondary":"#DD7230","accent":"white","warning":"#DD7230","background":"#402b36","menu":"#24181e","footer":"#24181e","tooltip":"#24181e","tabInactive":"#2E1F27","tabActive":"#402b36"},"highlighter":{"property":{"color":"#91bb5b"},"keyword":{"color":"#d24358"},"definition":{"text_decoration":"underline"},"atom":{"color":"#c68cd4"},"number":{"color":"#57e4ac"},"string":{"color":"#e4c15b"},"variable":{"color":"#91bb5b"},"variable_strong":{"color":"white"},"meta":{"color":"yellow"},"comment":{"color":"#cc77ff"}}},{"id":"bridge.blue.light_theme","name":"Soft Blue","colorScheme":"light","colors":{"text":"#000","toolbar":"#587291","primary":"#587291","secondary":"#587291","accent":"white","tooltip":"#587291"},"highlighter":{"keyword":{"color":"#2F97C1"},"atom":{"color":"#1CCAD8"},"number":{"color":"#1CCAD8"},"string":{"color":"#1CCAD8"},"comment":{"color":"#0CF574"}}}]