{
    "sound_object": {
        "@import.value.sound_def": "$dynamic.cache.sound_definition.ids",
        "sound": {
            "@meta": {"is_value": true},
            "@import.value.sound_ids": "$dynamic.cache.sound_definition.ids"
        },
        "volume": "$simple.general.number_range",
        "pitch": "$simple.general.number_range"
    },
    "number_range": {
        "@import.value.decimal": "$general.decimal",
        "@meta": {
            "validate": {
                "confirm": "(Bridge.Node.children.length !== 2 || !Bridge.Node.is_array) && (Bridge.Node.data === '' || Number.isNaN(Number(Bridge.Node.data)))",
                "then": {
                    "show": true,
                    "message": "Invalid data type: Expected number or number range"
                }
            }
        },
        "$dynamic.list.index_pair": "$general.decimal"
    },
    "block_sounds": ["wood", "metal", "stone", "ancient_debris", "anvil", "bamboo", "bamboo_sapling", "barrier", "basalt", "glass", "nether_wart", "bone_block", "brick", "grass", "cloth", "chain", "stem", "nylium", "roots", "gravel", "honey_block", "coral", "nether_brick", "nether_gold_ore", "netherite", "netherrack", "scaffolding", "slime", "shroomlight", "lantern", "sweet_berry_bush", "vines"]
}