{
    "resource_pack_name": { "@meta": { "is_value": true } },
    "texture_name": [ "atlas.terrain" ],
    "padding": "$general.number",
    "num_mip_levels": "$general.number",
    "texture_data": {
        "$placeholder": {
            "textures": {
                "$dynamic.list.next_index": {
                    "@import.value.block_png": "$dynamic.rp.block_png",
                    "path": {"@meta": {"is_value": true}, "@import.value.block_png": "$dynamic.rp.block_png"},
                    "overlay_color": {"@meta": {"is_color": true}},
                    "variations": {
                        "$dynamic.list.next_index": {
                            "weight": "$general.number",
                            "path": {"@meta": {"is_value": true}, "@import.value.block_png": "$dynamic.rp.block_png"},
                            "overlay_color": {"@meta": {"is_color": true}}
                        }
                    }
                }
            }
        }
    }
}