{
	"$schema": "http://json-schema.org/draft-07/schema",
	"$id": "bridge.tradeTable",
	"title": "Trade Table",
	"additionalProperties": false,
	"properties": {
		"tiers": {
			"type": "array",
			"items": {
				"type": "object",
				"properties": {
					"total_exp_required": {
						"type": "number"
					},
					"trades": {
						"$ref": "./trades.json"
					},
					"groups": {
						"type": "array",
						"items": {
							"type": "object",
							"properties": {
								"trades": {
									"$ref": "./trades.json"
								},
								"num_to_select": {
									"type": "number"
								}
							}
						}
					}
				}
			}
		}
	}
}
