{
	"$schema": "http://json-schema.org/draft-07/schema",
	"definitions": {
		"entity_identifiers": {
			"anyOf": [
				{
					"$ref": "../vanilla/identifiers.json#/definitions/entity_identifiers"
				},
				{
					"$ref": "../vanilla/identifiers.json#/definitions/unprefixed_entity_identifiers"
				},
				{
					"$ref": "../../dynamic/entity/identifierEnum.json"
				},
				{
					"$ref": "../../dynamic/clientEntity/identifierEnum.json"
				},
				{
					"type": "string",
					"pattern": "^minecraft:[a-z_]*<[a-z_:]*>$"
				}
			]
		},
		"block_identifiers": {
			"anyOf": [
				{
					"$ref": "../vanilla/identifiers.json#/definitions/block_identifiers"
				},
				{
					"$ref": "../vanilla/identifiers.json#/definitions/unprefixed_block_identifiers"
				},
				{
					"$ref": "../../dynamic/block/identifierEnum.json"
				},
				{
					"type": "string",
					"pattern": "^minecraft:[a-z_]*:[0-9]$"
				}
			]
		},
		"item_identifiers": {
			"anyOf": [
				{
					"$ref": "../vanilla/identifiers.json#/definitions/item_identifiers"
				},
				{
					"$ref": "../vanilla/identifiers.json#/definitions/unprefixed_item_identifiers"
				},
				{
					"$ref": "../../dynamic/item/identifierEnum.json"
				},
				{
					"$ref": "../../dynamic/clientItem/identifierEnum.json"
				},
				{
					"$ref": "../../dynamic/attachable/itemIdentifierEnum.json"
				},
				{
					"$ref": "../../dynamic/recipe/itemIdentifierEnum.json"
				},
				{
					"type": "string",
					"pattern": "^minecraft:[a-z_]*:[0-9]$"
				}
			]
		},
		"particle_identifiers": {
			"anyOf": [
				{
					"$ref": "../vanilla/identifiers.json#/definitions/particle_identifiers"
				},
				{
					"$ref": "../../dynamic/particle/identifierEnum.json"
				},
				{
					"$ref": "../../dynamic/attachable/particleIdentifierEnum.json"
				},
				{
					"$ref": "../../dynamic/clientEntity/particleIdentifierEnum.json"
				}
			]
		},
		"fog_identifiers": {
			"anyOf": [
				{
					"$ref": "../vanilla/identifiers.json#/definitions/fog_identifiers"
				},
				{
					"$ref": "../../dynamic/fog/identifierEnum.json"
				},
				{
					"$ref": "../../dynamic/clientBiome/fogIdentifierEnum.json"
				}
			]
		}
	}
}
