{
	"format_version" : "1.8.0",
	"animations" : {
		"animation.{{IDENTIFIER}}.baby_transform" : {
			"loop" : true,
			"bones" : {
				"head" : {
					"position" : [ 0.0, 4.0, 4.0 ],
					"scale" : 2.0
				}
			}
		},
		"animation.{{IDENTIFIER}}.setup" : {
			"loop" : true,
			"bones" : {
				"body" : {
					"rotation" : [ "-this", 0.0, 0.0 ]
				}
			}
		},
		"animation.{{IDENTIFIER}}.setup.v1.0" : {
			"loop" : true,
			"bones" : {
				"body" : {
					"rotation" : [ "90.0 - this", 0.0, 0.0 ]
				}
			}
		}
	}
}
