{
    "format_version": "",
    "minecraft:client_entity": {
        "description": {
            "identifier": "",
            "materials": {
                "default": ""
            },
            "textures": {
                "default": ""
            },
            "geometry": {
                "default": ""
            },
            "animations": {},
            "scripts": {
                "pre_animation": [],
                "animate": []
            },
            "render_controllers": [],
            "spawn_egg": {}
        }
    }
}