{
  "format_version": "1.8.0",
  "minecraft:client_entity": {
    "description": {
      "identifier": "{{PROJECT_PREFIX}}:{{IDENTIFIER}}",
      "materials": { "default": "dolphin" },
      "textures": {
        "default": "textures/entity/{{IDENTIFIER}}"
      },
      "geometry": {
        "default": "geometry.{{IDENTIFIER}}"
      },
      "animations": {
        "move": "animation.{{IDENTIFIER}}.move"
      },
      "animation_controllers": [
        { "general": "controller.animation.{{IDENTIFIER}}.general" }
      ],
      "render_controllers": [ "controller.render.{{IDENTIFIER}}" ],
      "spawn_egg": {
          "base_color": "#000000",
          "overlay_color": "#FFFFFF"
      }
    }
  }
}