{"id":"attachable","icon":"mdi-hat-fedora","detect":{"packType":"resourcePack","scope":"attachables/","matcher":["attachables/**/*.json","attachables/*.json"],"fileContent":["minecraft:attachable"]},"schema":"file:///data/packages/minecraftBedrock/schema/attachable/main.json","lightningCache":"attachable.json","definitions":{"itemIdentifier":[{"from":"item","match":"identifier"},{"from":"clientItem","match":"identifier"}],"particle_identifier":[{"from":"particle","match":"identifier"}],"animationIdentifier":[{"from":"clientAnimation","match":"identifier"}],"geometryIdentifier":[{"from":"geometry","match":"identifier"}],"soundEffectIdentifier":[{"from":"soundDefinition","match":"identifier"}],"renderControllerIdentifier":[{"from":"renderController","match":"identifier"}],"texturePath":{"directReference":true}},"documentation":{"baseUrl":"https://bedrock.dev/docs/stable/Entities#Client%20Entity%20Documentation","supportsQuerying":false},"highlighterConfiguration":{"variables":["description"],"typeIdentifiers":["format_version"],"definitions":["animations","scripts","render_controllers","materials","textures","geometry","spawn_egg","particle_effects","particle_emitters","sound_effects"]}}