{"id":"clientAnimation","icon":"mdi-movie-open-outline","detect":{"packType":"resourcePack","scope":"animations/","matcher":["animations/**/*.json","animations/*.json"]},"schema":"file:///data/packages/minecraftBedrock/schema/clientAnimation/main.json","lightningCache":"clientAnimation.json","definitions":{"particleEffect":[{"from":"clientEntity","match":"particleReference"},{"from":"attachable","match":"particleReference"}],"soundEffect":[{"from":"clientEntity","match":"soundReference"},{"from":"attachable","match":"soundReference"}]},"documentation":{"baseUrl":"https://bedrock.dev/docs/stable/Animations#Animations","supportsQuerying":false},"highlighterConfiguration":{"keywords":["animations"],"typeIdentifiers":["format_version","scale","rotation","position"],"definitions":["timeline","bones","particle_effects","sound_effects"]}}