{"id":"dialogue","icon":"mdi-forum","detect":{"packType":"behaviorPack","scope":"dialogue/","matcher":["dialogue/**/*.json","dialogue/*.json"],"fileContent":["minecraft:npc_dialogue"]},"schema":"file:///data/packages/minecraftBedrock/schema/dialogue/main.json","lightningCache":"dialogue.json","documentation":{"baseUrl":"https://docs.microsoft.com/de-de/minecraft/creator/documents/npcdialogue","supportsQuerying":false},"meta":{"commandsUseSlash":true},"highlighterConfiguration":{"variables":["scenes"],"typeIdentifiers":["format_version","commands","on_open_commands","on_close_commands"]}}