{"id":"dialogue","icon":"mdi-forum","detect":{"scope":"BP/dialogue/","matcher":["BP/dialogue/**/*.json","BP/dialogue/*.json"],"fileContent":["minecraft:npc_dialogue"]},"schema":"file:///data/packages/minecraftBedrock/schema/dialogue/main.json","lightningCache":"dialogue.json","documentation":{"baseUrl":"https://docs.microsoft.com/de-de/minecraft/creator/documents/npcdialogue","supportsQuerying":false},"highlighterConfiguration":{"variables":["scenes"],"typeIdentifiers":["format_version","commands","on_open_commands","on_close_commands"]}}