{"id":"entity","icon":"mdi-minecraft","detect":{"scope":"BP/entities/","matcher":["BP/entities/**/*.json","BP/entities/*.json"],"fileContent":["minecraft:entity"]},"schema":"file:///data/packages/minecraftBedrock/schema/entity/main.json","packSpider":"entity.json","lightningCache":"entity.json","definitions":{"identifier":[{"from":"clientEntity","match":"identifier"},{"from":"spawnRule","match":"identifier"}],"animationIdentifier":[{"from":"animation","match":"identifier"},{"from":"animationController","match":"identifier"}],"family":[{"from":"entity","match":"family"}],"lootTablePath":{"directReference":true},"tradeTablePath":{"directReference":true},"functionPath":{"directReference":true}},"documentation":{"baseUrl":"https://bedrock.dev/docs/stable/Entities"},"highlighterConfiguration":{"variables":["description","component_groups","permutations","components","events"],"typeIdentifiers":["format_version","event"],"definitions":["animations","scripts","filters","add","remove","run_command"]}}