{"id":"gameTest","icon":"mdi-test-tube","scope":"BP/scripts/","matcher":["BP/scripts/*.js","BP/scripts/**/*.js","BP/scripts/*.ts","BP/scripts/**/*.ts"],"types":["types/gameTest/componentData.d.ts",["types/gameTest/v1.16.220.d.ts",{"targetVersion":["<=","v1.16.220"]}],["types/gameTest/v1.17.0.d.ts",{"targetVersion":["=","v1.17.0"]}],["types/gameTest/v1.17.10.d.ts",{"targetVersion":["=","v1.17.10"]}],["types/gameTest/v1.17.20.d.ts",{"targetVersion":[">=","v1.17.20"]}]],"documentation":{"baseUrl":"https://docs.microsoft.com/de-de/minecraft/creator/documents/gametestgettingstarted","supportsQuerying":false}}