{"id":"spawnRule","icon":"mdi-egg-outline","detect":{"packType":"behaviorPack","scope":"spawn_rules/","matcher":["spawn_rules/**/*.json","spawn_rules/*.json"],"fileContent":["minecraft:spawn_rules"]},"schema":"file:///data/packages/minecraftBedrock/schema/spawnRule/main.json","lightningCache":"spawnRule.json","definitions":{"identifier":[{"from":"entity","match":"identifier"},{"from":"clientEntity","match":"identifier"}]},"documentation":{"baseUrl":"https://bedrock.dev/docs/stable/Entities#Data-Driven%20Spawning","supportsQuerying":false},"highlighterConfiguration":{"variables":["description","conditions"],"typeIdentifiers":["format_version","event"],"definitions":["filter"]}}