{"block":{"hex":["minecraft:block/components/minecraft:map_color","minecraft:block/permutations/*/components/minecraft:map_color"],"rgb":["minecraft:block/components/minecraft:map_color","minecraft:block/permutations/*/components/minecraft:map_color"]},"clientEntity":{"hex":["minecraft:client_entity/description/spawn_egg/base_color","minecraft:client_entity/description/spawn_egg/overlay_color"]},"fog":{"hex":["minecraft:fog_settings/distance/*/fog_color","minecraft:fog_settings/distance/*/transition_fog/init_fog/fog_color"]},"particle":{"rgbaDec":["particle_effect/components/minecraft:particle_appearance_tinting/color"],"hex":["particle_effect/components/minecraft:particle_appearance_tinting/color"],"hexa":["particle_effect/components/minecraft:particle_appearance_tinting/color/gradient/*"]},"textureSet":{"ahex":["minecraft:texture_set/color"],"rgba":["minecraft:texture_set/color"]}}