{
	"Curated": {
		"icon": "mdi-star",
		"color": "warning"
	},
	"Verified": {
		"icon": "mdi-shield-check",
		"color": "primary"
	},
	"Utility": {
		"icon": "mdi-wrench"
	},
	"Theme": {
		"icon": "mdi-palette",
		"color": "error"
	},
	"Snippet": {
		"icon": "mdi-attachment",
		"color": "info"
	},
	"Component": {
		"icon": "mdi-package-variant",
		"color": "success"
	},
	"Command": {
		"icon": "mdi-console-line"
	},
	"Presets": {
		"icon": "mdi-text-box-multiple-outline",
		"color": "purple"
	},
	"Compiler": {
		"icon": "mdi-cogs"
	}
}
