{
	"$schema": "http://json-schema.org/draft-07/schema",
	"allOf": [
		{
			"properties": {
				"randomize": {
					"type": "array",
					"items": {
						"allOf": [
							{
								"properties": {
									"weight": { "type": "number" }
								}
							},
							{
								"$ref": "#"
							}
						]
					}
				},
				"sequence": {
					"type": "array",
					"items": {
						"allOf": [
							{
								"properties": {
									"condition": { "type": "string" }
								}
							},
							{
								"$ref": "#"
							}
						]
					}
				}
			}
		},
		{
			"$ref": "../../event/componentGroup.json"
		},
		{
			"$ref": "../../event/trigger.json"
		}
	]
}
