{
	"id": "bridge.orange.light_theme",
	"name": "Orange",
	"colorScheme": "light",
	"colors": {
		"text": "#000",
		"toolbar": "#DD7230",
		"primary": "#DD7230",
		"secondary": "#DD7230",
		"accent": "white",
		"warning": "#DD7230"
	},
	"highlighter": {
		"property": { "color": "#91bb5b" },
		"keyword": { "color": "#d24358" },
		"definition": { "text_decoration": "underline" },
		"atom": { "color": "#c68cd4" },
		"number": { "color": "#57e4ac" },
		"string": { "color": "#e4c15b" },
		"variable": { "color": "#91bb5b" },
		"variable_strong": { "color": "black" },
		"meta": { "color": "yellow" },
		"comment": { "color": "#cc77ff" }
	}
}
