{
	"$schema": "http://json-schema.org/draft-07/schema",
	"type": "object",
	"additionalProperties": false,
	"properties": {
		"filters": {
			"description": "A filter allows you to set a condition for the event to trigger.",
			"anyOf": [
				{
					"type": "object",
					"$ref": "./filter.json"
				},
				{
					"type": "array",
					"items": {
						"$ref": "./filter.json"
					}
				}
			]
		},
		"target": {
			"$ref": "../../general/filter/subject.json"
		},
		"event": {
			"$ref": "../../dynamic/entity/currentContext/eventEnum.json",
			"description": "Identifier of the event to trigger."
		}
	}
}
