{
	"$schema": "http://json-schema.org/draft-07/schema",
	"$id": "bridge.clientAnimation",
	"title": "Client Animation",
	"required": ["format_version"],
	"properties": {
		"format_version": { "enum": ["1.8.0", "1.10.0"] },
		"animations": {
			"patternProperties": {
				"^animation\\..+$": {
					"properties": {
						"animation_length": { "type": "number" },
						"loop": {
							"enum": [true, false, "hold_on_last_frame"]
						},
						"anim_time_update": {
							"$ref": "../molang/embeddedBeta.json"
						},
						"blend_weight": {
							"type": "number"
						},
						"override_previous_animation": {
							"type": "boolean"
						},
						"bones": {
							"patternProperties": {
								".*": {
									"properties": {
										"rotation": {
											"anyOf": [
												{
													"type": "array",
													"minItems": 3,
													"maxItems": 3,
													"items": {
														"anyOf": [
															{
																"examples": [
																	0,
																	90,
																	180,
																	270,
																	360
																]
															},
															{
																"$ref": "../molang/embeddedBeta.json"
															}
														]
													}
												},
												{
													"patternProperties": {
														"[0-9]+.?[0-9]*": {
															"type": "array",
															"minItems": 3,
															"maxItems": 3,
															"items": {
																"anyOf": [
																	{
																		"examples": [
																			0,
																			90,
																			180,
																			270,
																			360
																		]
																	},
																	{
																		"$ref": "../molang/embeddedBeta.json"
																	}
																]
															}
														}
													}
												}
											]
										},
										"scale": {
											"anyOf": [
												{
													"type": "array",
													"minItems": 3,
													"maxItems": 3,
													"items": {
														"anyOf": [
															{
																"examples": [
																	0,
																	90,
																	180,
																	270,
																	360
																]
															},
															{
																"$ref": "../molang/embeddedBeta.json"
															}
														]
													}
												},
												{
													"patternProperties": {
														"[0-9]+.?[0-9]*": {
															"type": "array",
															"minItems": 3,
															"maxItems": 3,
															"items": {
																"anyOf": [
																	{
																		"examples": [
																			0,
																			90,
																			180,
																			270,
																			360
																		]
																	},
																	{
																		"$ref": "../molang/embeddedBeta.json"
																	}
																]
															}
														}
													}
												}
											]
										},
										"position": {
											"anyOf": [
												{
													"type": "array",
													"minItems": 3,
													"maxItems": 3,
													"items": {
														"anyOf": [
															{
																"examples": [
																	0,
																	90,
																	180,
																	270,
																	360
																]
															},
															{
																"$ref": "../molang/embeddedBeta.json"
															}
														]
													}
												},
												{
													"patternProperties": {
														"[0-9]+.?[0-9]*": {
															"type": "array",
															"minItems": 3,
															"maxItems": 3,
															"items": {
																"anyOf": [
																	{
																		"examples": [
																			0,
																			90,
																			180,
																			270,
																			360
																		]
																	},
																	{
																		"$ref": "../molang/embeddedBeta.json"
																	}
																]
															}
														}
													}
												}
											]
										}
									}
								}
							}
						},
						"particle_effects": {
							"type": "array",
							"items": {
								"additionalProperties": false,
								"properties": {
									"effect": {
										"$ref": "../clientEntity/dynamic/particleReferenceEnum.json"
									},
									"locator": {
										"$ref": "../geometry/dynamic/locatorEnum.json"
									}
								}
							}
						},
						"sound_effects": {
							"type": "array",
							"items": {
								"patternProperties": {
									"effect": {
										"$ref": "../clientEntity/dynamic/soundEffectReferenceEnum.json"
									}
								}
							}
						},
						"timeline": {
							"propertyNames": {
								"pattern": "^\\d+(\\.\\d+)?$"
							},
							"patternProperties": {
								"^\\d+(\\.\\d+)?$": {
									"$ref": "../molang/embeddedBeta.json"
								}
							}
						}
					}
				}
			}
		}
	}
}
