{
	"format_version": "1.10.0",
	"minecraft:client_entity": {
		"description": {
			"identifier": "{{PROJECT_PREFIX}}:{{IDENTIFIER}}",
			"materials": {
				"default": "entity_alphatest"
			},
			"textures": {
				"default": "textures/entity/{{PRESET_PATH}}{{TEXTURE_FILE_NAME}}"
			},
			"geometry": {
				"default": "geometry.{{IDENTIFIER}}"
			},
			"render_controllers": ["controller.render.{{IDENTIFIER}}"],
			"spawn_egg": {
				"texture": "{{PROJECT_PREFIX}}_{{IDENTIFIER}}_egg",
				"texture_index": 0
			}
		}
	}
}
