{
  "format_version": "1.16.100",
  "minecraft:item": {
    "description": {
      "identifier": "{{PROJECT_PREFIX}}:{{IDENTIFIER}}"
    },
    "components": {
      "minecraft:max_stack_size": 1,
      "minecraft:hand_equipped": true,
      "minecraft:durability": {
        "max_durability": 250
      },
      "minecraft:mining_speed": 1,
      "minecraft:damage": 3,
      "minecraft:enchantable": {
        "value": 14,
        "slot": "axe"
      },
      "minecraft:use_on": {
        "blocks": [
          "log",
          "log2",
          "wood"
        ]
      },
      "minecraft:digger": {
        "use_efficiency": true,
        "destroy_speeds": [
          {
            "block": {
              "tags": "query.any_tag('wood', 'pumpkin', 'plant')"
            },
            "speed": 6
          },
          {
            "block": "minecraft:chest",
            "speed": 6
          },
          {
            "block": "minecraft:melon_block",
            "speed": 6
          }
        ]
      },
      "minecraft:icon": {
        "texture": "{{PROJECT_PREFIX}}_{{IDENTIFIER}}"
      },
      "tag:minecraft:is_axe": {}
    }
  }
}