{
    "format_version": "1.8.0",
    "minecraft:attachable": {
      "description": {
        "identifier": "{{PROJECT_PREFIX}}:{{IDENTIFIER}}_boots",
        "materials": {
          "default": "armor",
          "enchanted": "armor_enchanted"
        },
        "textures": {
          "default": "textures/models/armor/{{IDENTIFIER}}_1",
          "enchanted": "textures/misc/enchanted_item_glint"
        },
        "geometry": {
          "default": "geometry.humanoid.armor.boots"
        },
        "scripts": {
          "parent_setup": "variable.boot_layer_visible = 0.0;"
        },
        "render_controllers": [ "controller.render.armor" ]
      }
    }
  }
  