{
	"texture_data": {
		"{{PROJECT_PREFIX}}_{{IDENTIFIER}}_helmet": {
			"textures": ["textures/items/{{PRESET_PATH}}{{IDENTIFIER}}_helmet"]
		},
		"{{PROJECT_PREFIX}}_{{IDENTIFIER}}_chestplate": {
			"textures": [
				"textures/items/{{PRESET_PATH}}{{IDENTIFIER}}_chestplate"
			]
		},
		"{{PROJECT_PREFIX}}_{{IDENTIFIER}}_leggings": {
			"textures": [
				"textures/items/{{PRESET_PATH}}{{IDENTIFIER}}_leggings"
			]
		},
		"{{PROJECT_PREFIX}}_{{IDENTIFIER}}_boots": {
			"textures": ["textures/items/{{PRESET_PATH}}{{IDENTIFIER}}_boots"]
		}
	}
}
