{
    "format_version": "1.16.100",
    "minecraft:item": {
      "description": {
        "identifier": "{{PROJECT_PREFIX}}:{{IDENTIFIER}}_chestplate",
		"category": "equipment"
      },
      "components": {
        "minecraft:max_stack_size": 1, 
        "minecraft:enchantable": {     
          "value": 9,		    
          "slot": "armor_torso"	 
        },
        "minecraft:durability": {		
          "max_durability": 240,		
          "damage_chance": {		
            "min": 60,			
            "max": 100
          }
        },
        "minecraft:icon": {	
          "texture": "{{PROJECT_PREFIX}}_{{IDENTIFIER}}_chestplate"
        },
        "minecraft:render_offsets": "chestplates",	
        "minecraft:armor": {		
          "protection": 6
        },
        "minecraft:wearable": {		
          "slot": "slot.armor.chest"	
        }
      }
    }
  }