{
    "format_version": "1.16.100",
    "minecraft:item": {
      "description": {
        "identifier": "{{PROJECT_PREFIX}}:{{IDENTIFIER}}_boots",
		    "category": "equipment"
      },
      "components": {
        "minecraft:max_stack_size": 1, 
        "minecraft:enchantable": {     
          "value": 9,		    
          "slot": "armor_feet"	 
        },
        "minecraft:durability": {		
          "max_durability": 195,		
          "damage_chance": {		
            "min": 60,			
            "max": 100
          }
        },
        "minecraft:icon": {	
          "texture": "{{PROJECT_PREFIX}}_{{IDENTIFIER}}_boots"
        },
        "minecraft:render_offsets": "boots",
        "minecraft:armor": {		
          "protection": 2		
        },
        "minecraft:wearable": {		
          "slot": "slot.armor.feet"	
        }
      }
    }
  }