{"format_version":"1.20.80","minecraft:item":{"description":{"identifier":"{{PROJECT_PREFIX}}:{{IDENTIFIER}}_chestplate","menu_category":{"category":"equipment","group":"itemGroup.name.chestplate"}},"components":{"minecraft:max_stack_size":1,"minecraft:enchantable":{"value":9,"slot":"armor_torso"},"minecraft:durability":{"max_durability":240,"damage_chance":{"min":60,"max":100}},"minecraft:icon":"{{PROJECT_PREFIX}}_{{IDENTIFIER}}_chestplate","minecraft:wearable":{"slot":"slot.armor.chest","protection":6},"minecraft:repairable":{"repair_items":[{"items":["minecraft:iron_ingot"],"repair_amount":"query.max_durability * 0.25"},{"items":["{{PROJECT_PREFIX}}:{{IDENTIFIER}}_chestplate"],"repair_amount":"context.other->query.remaining_durability + 0.12 * context.other->query.max_durability"}]}}}}