{
	"$schema": "http://json-schema.org/draft-07/schema",
	"description": "Components allow for item functionality.",
	"properties": {
		"minecraft:use_duration": {
			"type": "number",
			"description": "How long to use before item is done being used."
		},
		"minecraft:max_stack_size": {
			"type": "number",
			"default": 64,
			"description": "The max stack size of the item."
		},
		"minecraft:max_damage": {
			"type": "number",
			"description": "Max damage item has, this is used like item max health."
		},
		"minecraft:hand_equipped": {
			"type": "boolean",
			"description": "Is this a hand equipped item."
		},
		"minecraft:stacked_by_data": {
			"type": "boolean",
			"description": "Stacked by data aux value or not."
		},
		"minecraft:foil": {
			"type": "boolean",
			"description": "Foil or enchantment glint on the item."
		},
		"minecraft:food": {
			"type": "object",
			"description": "When an item has a food component, it becomes edible to the player",
			"properties": {
				"nutrition": {
					"type": "integer",
					"description": "How much nutrition does this food item give the player when eaten."
				},
				"can_always_eat": {
					"type": "boolean",
					"description": "If true you can always eat this item (even when not hungry), defaults to false."
				},
				"saturation_modifier": {
					"type": "string",
					"description": "Saturation Modifier is used in this formula: (nutrition * saturation_modifier * 2) when appling the saturation buff. Which happens when you eat the item.",
					"enum": [
						"poor",
						"low",
						"normal",
						"good",
						"max",
						"supernatural"
					]
				},
				"using_converts_to": {
					"type": "string",
					"description": "When used, convert the *this* item to the one specified by 'using_converts_to'."
				},
				"effects": {
					"type": "array",
					"description": "Effects to apply on eat.",
					"items": {
						"$ref": "../general/legacyEffectDefinition.json"
					}
				},
				"remove_effects": {
					"type": "array",
					"description": "Effects to remove on eat.",
					"items": {
						"$ref": "../../general/vanilla/effectName.json"
					}
				},
				"on_use_action": {
					"type": "string",
					"description": "An action to trigger when the food is eaten.",
					"enum": [
						"chorus_teleport",
						"suspicious_stew_effect",
						"none"
					]
				},
				"on_use_range": {
					"type": "array",
					"description": "The range of the action effect.",
					"maxItems": 3,
					"minItems": 3,
					"items": {
						"type": "number"
					}
				}
			}
		}
	}
}
