{
	"$schema": "http://json-schema.org/draft-07/schema",
	"required": ["format_version", "minecraft:client_entity"],
	"additionalProperties": false,
	"properties": {
		"minecraft:client_entity": {
			"additionalProperties": false,
			"required": ["description"],
			"properties": {
				"description": {
					"required": [
						"texture",
						"geometry",
						"render_controllers",
						"identifier",
						"materials"
					],
					"additionalProperties": false,
					"properties": {
						"identifier": {
							"type": "string"
						},
						"min_engine_version": {
							"description": "Engine version for which the top resource pack was built. If a definition's min_engine_version is newer than that pack's engine version then the definition is not parsed. Multiple definition files may use the same identifier, in which case only one of those definitions will be loaded. The definition with the same or closest and not greater min_engine_version, as compared to the top resource pack's engine version, will be parsed; all other definitions with the same identifier will not be parsed.",
							"$ref": "../../general/formatVersion.json"
						},
						"enable_attatchables": {
							"description": "Whether to enable attachables on the entity.",
							"type": "boolean"
						},
						"spawn_egg": {
							"additionalProperties": false,
							"properties": {
								"texture": {
									"description": "Defines the spawn egg texture/color for the entity.",
									"$ref": "../../general/reference/itemTexture.json"
								},
								"texture_index": {
									"description": "The texture index to use.",
									"type": "integer"
								},
								"base_color": {
									"description": "The base color of the spawn egg.",
									"$ref": "../general/hexColor.json"
								},
								"overlay_color": {
									"description": "The overlay color of the spawn egg.",
									"$ref": "../general/hexColor.json"
								}
							}
						},
						"materials": {
							"description": "Defines the materials used in this entity.",
							"patternProperties": {
								".*": {
									"$ref": "../general.json#/definitions/materials"
								}
							}
						},
						"textures": {
							"description": "Defines the textures used in this entity.",
							"patternProperties": {
								".*": {
									"type": "string"
								}
							}
						},
						"geometry": {
							"description": "Defines the geometries used in this entity.",
							"patternProperties": {
								".*": {
									"$ref": "../../general/reference/geometry.json"
								}
							}
						},
						"animations": {
							"description": "Defines animations and animation controllers to be used in this entity.",
							"patternProperties": {
								".*": {
									"type": "string"
								}
							}
						},
						"scripts": {
							"description": "Calculates variables to be used on the entity pre-animation and can run animations.",
							"additionalProperties": false,
							"properties": {
								"scale": {
									"description": "Sets the scale of the mobs geometry.",
									"type": "number"
								},
								"initialize": {
									"description": "Initializes variables.",
									"type": "array",
									"items": {
										"type": "string"
									}
								},
								"pre_animation": {
									"description": "Pre-computes any expensive and complex values you may want to reuse in your scripts, long-living index variable updates, or generally any one-off computation per render tick.",
									"type": "array",
									"items": {
										"type": "string"
									}
								}
							}
						},
						"sound_effects": {
							"description": "Defines the sounds to be played on the entity.",
							"patternProperties": {
								".*": {
									"type": "string"
								}
							}
						},
						"render_controllers": {
							"description": "References all render controllers used to render the entity.",
							"type": "array",
							"items": {
								"type": "string"
							}
						},
						"particle_effects": {
							"description": "Defines the particles to be played on the entity",
							"patternProperties": {
								".*": {
									"type": "string"
								}
							}
						},
						"particle_emitters": {
							"description": "Defines the entity's particle emitters.",
							"patternProperties": {
								".*": {
									"type": "string"
								}
							}
						},
						"animation_controllers": {
							"description": "Lists the animation controllers to run on this entity.",
							"type": "array",
							"items": {
								"patternProperties": {
									".*": {
										"type": "string"
									}
								}
							}
						}
					}
				}
			}
		}
	}
}
