{
	"$schema": "http://json-schema.org/draft-07/schema",
	"title": "Sound Definitions",
	"additionalProperties": false,
	"required": ["format_version"],
	"properties": {
		"format_version": {
			"$ref": "../general/formatVersion.json"
		},
		"sound_definitions": {
			"patternProperties": {
				".*": {
					"additionalProperties": false,
					"properties": {
						"__use_legacy_max_distance": {
							"type": "boolean"
						},
						"category": {
							"type": "string",
							"enum": [
								"ambient",
								"weather",
								"block",
								"hostile",
								"player",
								"neutral",
								"bucket",
								"record",
								"ui"
							]
						},
						"min_distance": {
							"type": "number"
						},
						"sounds": {
							"type": "array",
							"items": {
								"anyOf": [
									{
										"properties": {
											"name": {
												"type": "string"
											},
											"stream": {
												"type": "boolean"
											},
											"load_on_low_memory": {
												"type": "boolean"
											},
											"volume": {
												"type": "number"
											}
										}
									},
									{
										"type": "string"
									}
								]
							}
						}
					}
				}
			}
		}
	}
}
