[
	{ "identifier": "minecraft:attachable/description/identifier" },
	{ "itemIdentifier": "minecraft:attachable/description/item" },
	{
		"particleReference": [
			"minecraft:attachable/description/particle_effects",
			"minecraft:attachable/description/particle_emitters"
		]
	},
	{ "animationReference": "minecraft:attachable/description/animations" },
	{ "textureReference": "minecraft:attachable/description/textures" },
	{ "materialReference": "minecraft:attachable/description/materials" },
	{ "geometryReference": "minecraft:attachable/description/geometry" },
	{
		"soundEffectReference": "minecraft:attachable/description/sound_effect"
	},
	{
		"particleIdentifier": [
			"minecraft:attachable/description/particle_effects/*",
			"minecraft:attachable/description/particle_emitters/*"
		]
	},
	{
		"animationIdentifier": "minecraft:attachable/description/animations/*"
	},
	{
		"texturePath": "minecraft:attachable/description/textures/*",
		"@map": "return await Bridge.withExtension('RP/' + Bridge.value, ['.tga', '.png', '.jpg', '.jpeg'])"
	},
	{ "materialIdentifier": "minecraft:attachable/description/materials/*" },
	{ "geometryIdentifier": "minecraft:attachable/description/geometry/*" },
	{
		"soundEffectIdentifier": "minecraft:attachable/description/sound_effect/*"
	},
	{
		"renderControllerIdentifier": "minecraft:attachable/description/render_controllers/*"
	}
]
