{
	"format_version": "$general.format_version",
	"minecraft:item": {
		"description": {
			"identifier": "$general.file_identifier and $general.item_identifier",
			"category": "$general.item_category"
		},

		"components": {
			"minecraft:icon": {
				"@meta": { "is_value": true },
				"@import.value": "$dynamic.rp.item_textures"
			},
			"minecraft:use_animation": [
				"bow",
				"eat",
				"drink",
				"crossbow",
				"camera"
			],
			"minecraft:hover_text_color": "$general.minecraft_color",

			"minecraft:render_offsets": "$client_item.general.render_offsets"
		}
	}
}
